NH4_init,NO2_init,HCO3_init,pH,Temperature,DO,Biomass_init,SRT,NH4_final,NO2_final,NO3_final,HCO3_final,Biomass_final,Stability
88.03025119445427,95.39095321705192,176.70128785441605,7.376099593168484,26.57761342934685,0.46795392287759163,1683.5504582519688,64.61910402679521,86.57138747093747,93.46525310200981,0.3793045681143584,176.28176032935335,1585.5687174822663,0.033807932356916315
22.864710247561465,122.74256362233874,92.46663303750394,8.38643162525265,36.32820640127202,0.3687207338650899,4280.9698059363855,80.2565757879037,12.683148902097944,109.30290264632687,2.6472059498205156,89.53870689630136,4032.5109915740813,0.0
33.28571595321951,120.5540815992392,261.46976311522155,8.016418581936565,36.48864218028757,0.1850119758503423,3050.120380614497,84.38625568465615,6.447114525035088,85.12712771403571,6.978036371327953,253.75174816165932,2875.1893267517007,0.0
32.26878248092924,50.46827637098254,182.41990540838216,8.38130756102409,32.48810459465013,0.10688284621076899,4972.053269773111,73.84668894009553,11.981133604425406,23.68857985399747,5.274788707890996,176.58575723861043,4684.389225965353,0.1054076583961047
113.08948911173016,87.2137217108226,209.2549918530241,7.070018539590048,25.399065242343806,0.17777298415409254,3384.9074284608546,47.3224478604455,111.96396432244703,85.7280289889689,0.2926364452136051,208.93132308147733,3187.7144960461233,0.009194438991244449
20.4548923286563,136.66943143562793,170.6696831615766,8.231189302885728,37.01742803576103,0.32673878702691,1802.4967727964433,53.018052973119,13.218182278684713,127.11697416966547,1.8815446129926126,168.58861211434902,1698.1986459201007,0.0
42.54501642138379,95.97939399205059,153.64650594122233,8.2599660485377,25.815546775370464,0.34412952928422746,3881.3740410245514,33.28698653122367,39.70555112925199,92.23129980643658,0.7382609759542713,152.82995685078492,3655.424164276233,0.008497839939473137
32.49276317581604,118.11116679563273,294.3885751886447,7.732273951559579,30.900490325722714,0.16192479828798273,1812.3469849068601,88.45528323912728,17.896976831821892,98.84472882156044,3.7949044494384756,290.19124405857883,1708.2608459437097,0.0
51.38283218159046,98.49013124871944,103.57239612127708,7.557786804048346,32.349117770197466,0.40627868425512653,4926.867614260221,83.87540622195485,26.92715919631128,66.20864290815092,6.358474976172588,96.53964330422467,4642.283051779634,0.03860072804944872
52.43057770807586,110.32128332580422,92.97577750316819,7.995384256463462,34.29222062644376,0.17384123439271043,4525.56156578102,94.0855732190866,8.473899619478749,52.298468248856,11.428736303035254,80.33509278997586,4266.452651289918,0.0
96.13096121529182,67.2105164304523,187.73256396642262,8.222191548643707,37.13861781665712,0.3201102932554495,4095.80449655571,20.983827255775054,78.9264827084736,44.50060480145223,4.473164411772742,182.78504750439043,3858.8897019080855,0.0866803384523399
89.65442354105292,48.413238385347086,158.8122917002184,7.412056221624783,37.75514202404038,0.2849385646610005,792.5581813827783,98.42177375102625,85.99496605731956,43.58275450681906,0.9514589457706741,157.75993628382486,746.7493059817461,0.06361441207188341
86.81249150517058,99.10496777604773,140.62590689352382,7.815009239938382,28.78900416324067,0.30462220581870686,2927.0586693190344,66.3663933290295,75.58040175278613,84.27860930290029,2.9203433356199544,137.39587879758815,2757.6344219096386,0.15481138544976417
23.31694415015773,103.93890451332156,282.3888852241769,7.364133043333313,39.492098558805026,0.1971471390592342,4178.470643053366,42.40219869292116,7.502839899030829,83.06428690183408,4.111667105292994,277.84120067310295,3936.5882459640216,0.0
21.555778489544977,87.39944257603027,219.8948406507765,8.315293706752328,29.928626192195917,0.46644268008105777,3742.999475121404,31.199995789372572,15.545945855867858,79.46646349957648,1.562556484756052,218.1665844948348,3525.454419148302,0.0
31.519906953365044,86.74423213961525,281.4399236971375,7.195737490087388,36.92429197192609,0.4200558161581021,4578.7225820430485,93.77921499121199,22.456856702610676,74.78100580861948,2.3563930651961367,278.8336493893135,4312.787707429307,0.0
43.972792121232175,75.40819809057027,280.26662583429845,7.003652973279603,32.78216821958463,0.11175066850191812,713.8748557458116,96.30304507995476,42.781859642542855,73.8361672187004,0.30964244445922107,279.92414768006944,672.3888648756791,0.03732925774243212
89.35006517185006,116.18930507129332,88.96465430227916,7.115456177735891,29.46429931853986,0.06873275689375435,996.2877635316629,39.93956966896714,87.40048162349109,113.61585478745945,0.506891722573337,88.40400977615818,938.4203983588079,0.08616329245483345
47.99898544787348,131.55300031096903,136.35639417505976,7.62906467073753,31.109550834143356,0.09485999693255542,1339.4263535841678,74.95220334514414,35.21247195270275,114.6748024973436,3.3244935087443936,132.67935822280572,1262.7144979330455,0.0
89.30047932213752,152.48840947989868,275.82118552418035,7.128107826679369,25.627954814639274,0.043540768901702165,1294.237753113669,82.35004824573764,88.36011808689038,151.24713264937256,0.24449392116424423,275.55076450038706,1218.8944514782268,0.024323334007623765
24.958391630508054,57.97466059900582,215.06977713818915,7.472275295258424,36.656177803621254,0.22693556462982317,1528.590175081006,38.83294250944261,15.033375250622868,44.873638977557384,2.5805042587701466,212.21562599923084,1440.545807016407,0.0
34.38494122551484,103.80545076112894,85.53717578282621,7.7079540636212505,30.55605189549454,0.46054049101156247,4580.36012398762,99.92069879143719,15.588566396458045,78.99423598677399,4.887057455554765,80.1318754212703,4315.369534215141,0.0
79.8061883307966,56.360480696491265,127.87960458970328,7.816001977022995,32.66483280136618,0.2330032398270086,4857.361941190295,67.00171750083696,38.67136720596481,2.062516811713313,10.695053492456267,116.05040531480523,4578.609424411525,0.028664816768054605
23.198122982184458,46.647382999440154,244.42623155701241,7.025586671493926,27.26529235562669,0.36053401642810345,4804.96550637972,88.3981429702815,21.566864141001084,44.4941213290781,0.42412729870767785,243.95712812168352,4525.048512307922,0.007257348170480927
46.766105935630364,64.7306442919193,87.00717733501182,8.462314718079693,26.488735603754378,0.3955738709131762,1298.9578936006264,79.4596677954678,46.22483535876042,64.01616713045098,0.14073034998619194,86.85152338197767,1223.2968077574976,0.019039454899258932
61.538341549047686,138.74669145522248,119.7730050921132,7.705412926504966,26.828272400302364,0.4558307445686937,1311.2300128763263,87.78384684625418,59.39585197747287,135.91860522074376,0.5570472886094479,119.15688630531604,1235.0246288338994,0.020845115278447963
79.48560435430252,32.30635248894864,240.4201076337375,8.481376702130342,38.17878219141538,0.37965913698881454,3440.2719525679063,37.04883998562345,74.77894940741113,26.093567959051946,1.2237302861917763,239.06660814686714,3240.234295224607,0.01756371507509682
97.95871382191115,44.20498534814322,194.50652333324547,8.441920425004794,27.497333864374717,0.036955606701015775,4554.372066308444,95.67668562256291,90.79439399337538,34.748083174476015,1.8627231554192973,192.4462696454108,4289.653799839299,0.022038974237636216
99.16022460303614,152.1306081320062,154.3906846276123,8.043430895777103,30.77263882456719,0.14844822337298175,962.8404100203427,43.127447273669304,92.40693136031608,143.21626105161573,1.7558562431072064,152.44863044224155,907.4359726681582,0.2501456315259176
65.76613937103565,126.42075357277746,100.82943755298854,8.157440425688721,27.541401755181937,0.39700267199937994,1319.3133278480018,73.6467835841495,63.72419439853126,123.72538620907159,0.5309056928511497,100.2422325201812,1242.626009027352,0.039120107124464655
79.87823744389348,142.31699047254853,224.0920628537374,7.459334883263976,37.65283587522905,0.11000610808571076,3957.598443454209,44.80896681648507,47.54194816230018,99.63308862084536,8.407435213214258,214.7930699503306,3730.3565548454194,0.16573095979174982
99.06099197746256,85.16847627420879,176.494459851846,7.0350414777149535,37.375257769054045,0.210136233995037,807.4411676863904,24.209159001126004,97.8763382499846,83.60473335393793,0.30800996914426454,176.15378728707267,760.5003344173854,0.034443313472083695
78.4185019768721,132.55205548245067,132.16280532287203,7.055766103103366,38.29731559239223,0.3081391783192307,1625.316480890038,47.446101815493634,76.50558786879748,130.02700885979218,0.49735766809939697,131.61270588007858,1530.777827021283,0.03997501393601935
86.38851912105767,31.454790322701452,115.42798059752528,7.459571114707576,32.78522675656073,0.0469630514208394,4454.62346917059,68.04475262145348,62.559132512950505,0.0,6.195640518107861,108.57532984865105,4197.462837288293,0.0
113.97600804011633,141.25490213854758,104.66016485936723,7.992701449746502,36.281896986964725,0.023951097767172247,3144.8330624152227,27.336941855150762,63.17011105746019,74.1911181214415,13.209533215490579,90.04984048421197,2966.942119328774,0.6868039743220734
111.23482864799116,74.6954456024225,141.59960213185093,7.28683213380233,35.14430442624499,0.3994581822273713,3049.724563010589,46.385695841501544,101.8783433096877,62.344884955861914,2.4326861879589017,138.90894427670733,2872.949487243066,0.06812748511188291
94.54205595222713,102.44097080247558,296.75384520904674,7.305044802716754,25.793487534369444,0.28925901579675484,4601.227549898007,86.1199924682166,91.1732795359421,97.99418593297939,0.8758818682341002,295.7850813624779,4333.372489957548,0.028423198924529346
43.708849106252906,48.92202864633204,83.3569289398363,8.098170383636504,38.068109278114505,0.10579281513293198,4025.584670065856,77.5531393375946,10.240180188998611,4.743385675556365,8.701853918486114,73.73229600691732,3794.4993855795856,0.16778572560705177
105.26794936343391,152.9878894793301,143.3159825385638,8.47309220003705,33.51508168993114,0.3285922582344373,3331.0753920411853,81.28484209326227,99.11308592629112,144.8634697423016,1.6002644936571355,141.54601966728256,3137.557756142395,0.07847133589156392
87.7439516065065,112.56464718197351,196.703617554238,7.86899207125894,29.162921491426808,0.3235401884729119,2333.580828847901,46.58745098126662,78.42355109066003,100.26171850105617,2.423304134120081,194.02333666303815,2198.547384486927,0.1844367967569905
78.82134837776482,74.00195150096602,168.58641900912772,8.24221574638931,28.867436487125662,0.28286359908100944,2228.2644912620362,56.765398627860215,73.88336932051816,67.48381914540037,1.2838745548841413,167.16639731737953,2098.9019500190734,0.07339029943984715
90.64917529234084,136.4223700034642,291.8994494904473,7.7458117624809395,35.0151138814698,0.48514129982176224,4892.723011694088,90.14373504942003,60.96684333436684,97.24169181893853,7.717406309073243,283.3636588859613,4610.687284936639,0.22991881071290218
119.09311579461824,63.31119406020665,224.9978683861753,8.406567834797904,29.559158876924005,0.12578368946539786,3440.8257736079086,53.05208332310353,111.34782865860916,53.08741504067467,2.0137746553623606,222.77054509977725,3241.080473518789,0.039002744734506885
38.54438193486973,71.02048395505062,102.26999412824478,8.493628310580384,32.58193539677341,0.06294654455821613,3808.8120796968738,36.098527411988485,26.67344929941385,55.35085287624885,3.0864424852185315,98.85625307179154,3588.0568361067853,0.06560351192425928
51.066489624503404,127.20286546768806,249.79432598109355,7.853170374097058,31.059959910807507,0.33237317945673217,2195.857123860162,97.88328295264643,38.54937646047344,110.68027609116844,3.254449422647791,246.19476186692322,2069.1933856851074,0.0
98.2533619808486,82.53711854809808,268.14735933521456,7.031165014658486,39.91500453692099,0.0453519635330395,2652.330921919543,57.043548878335876,93.84625675816223,76.71973965415212,1.1458473578984458,266.8800017904621,2498.191964947057,0.04914746305262243
39.73848221758647,127.62304559102292,141.03511960754938,8.229392055977753,30.843518882397255,0.18845989112161837,1306.6750500871613,45.85433679353017,34.16206153001401,120.26217028342727,1.4498693787688404,139.43150034410885,1231.1020488388974,0.0
93.87989349671963,42.0076453871702,252.56268152066662,8.31053044707393,35.773248405525194,0.36602602416823443,2313.955116928829,87.79759443476674,86.43686066107513,32.18284204411946,1.935188537267574,250.4222779352163,2179.865113123804,0.04392111907176062
77.78599124225167,76.79737259952901,241.72021537533274,7.733326934553282,27.669714112778937,0.22168569867952864,1845.4769236396012,31.612452542769578,71.62168052433834,68.66048245188345,1.602720786657466,239.9475357360242,1738.5588691800585,0.11609973373302675
77.69441052072995,59.18479350092872,218.989642499536,7.120708715676022,32.35639747736712,0.3151394807449949,3133.499445022925,69.53904678804767,72.4735226709388,52.293221539204495,1.3574308409456826,217.4882643221604,2951.399129540507,0.04372032610566936
105.15270757086543,140.79904530144705,243.44060019646133,7.523041671514076,36.71808836108054,0.1371150568052802,2936.2846007451058,58.64479296659199,78.00929666537017,104.96974290619325,7.057286835428768,235.63493074606671,2768.0224496929504,0.43161637752482146
29.732674246870886,47.10471518425948,241.39257886167837,8.268715191547203,31.558281914169825,0.393155752971327,4011.755101151311,53.60161434275342,18.71522966333008,32.56168833398559,2.864535591720611,238.22427658358308,3779.078674900183,0.0921077819102339
50.57119055744213,139.11407984941485,182.1892186396621,7.4868590323777,38.50068897832196,0.032698403155723865,1141.9371102692653,30.909824137813615,38.75754419132106,123.52006664613495,3.071548055191474,178.79195147751904,1076.6333762864544,0.0
93.72911450975302,101.58397431727491,224.38335125116984,7.66169926856076,25.920888428827585,0.2632325112863937,3283.239116569162,25.062675406212502,88.34238844464292,94.47349591132958,1.400548776928624,222.83428274130318,3092.4278892274074,0.06339563692492978
86.11766802646918,86.90585080704955,207.47387416084328,8.187596419345741,29.277587217156746,0.2406172387501193,1577.1445061342074,34.88066699843304,81.24572899304174,80.4748912829254,1.2667041486911303,206.07284369308766,1485.7300265236436,0.11071767750435985
64.64480909405292,59.309248788198275,248.29392253742517,7.688696315348015,38.8602292469233,0.05791217666087717,1492.943258573936,34.009225092929825,47.44662863363951,36.60765058045258,4.471526919707486,243.3482172135949,1407.7538787964083,0.32633152674537713
92.0472244445554,51.386544185477234,187.37689216679888,7.658540751243722,32.58020108918507,0.3203989818694071,3950.1895709731857,69.5294808799111,65.73692713392262,16.65695173544197,6.840677300764522,179.81080238304114,3722.7355848645752,0.06492133714590528
112.91465060318713,65.28728910019997,274.5668321132477,7.652591990563812,37.071829197191285,0.21777964033320657,3826.091903827807,76.97536451849155,80.18213486609436,22.08036832723751,8.510454091644121,265.15389580199525,3606.5579746036424,0.08983594073827615
68.22835065039712,110.5599607236232,288.2075380544893,7.24646091223447,33.39578098734248,0.1461606579306527,556.8604308402997,78.46042871961816,65.77100533457799,107.31626490674196,0.6389097821129721,287.5008757515259,524.6624316731429,0.0844554040405323
28.846061803316207,126.18345692297271,183.0713361406735,8.181248799054574,36.20056175023109,0.04506495103221975,3009.502688720195,86.25539145122683,0.0,88.10665534259533,7.499976068862214,174.77603293923417,2837.1479722946133,0.0
71.79550551275231,131.27116804137557,277.97248780220497,7.123849878286294,27.771327103595027,0.16328532343398705,2515.236419575521,28.070762335592107,69.34878040033198,128.04149089298076,0.636148529229287,277.2688795663046,2368.8795420560755,0.027914570409505682
107.18284991125327,75.94306279797854,161.09485714085494,7.153948716734231,38.80612734764022,0.4942494389703612,1956.4402535028387,81.16285100230385,104.78376018206637,72.7762643554518,0.6237633295885984,160.40494748016167,1842.6516585960148,0.03080619182411472
45.23329056516608,90.21665505858171,299.1737043357562,8.112371877457973,30.368538985872,0.3717511444475966,1485.00797649802,57.876566785412045,40.03794007690302,83.3587924140745,1.3507911269483919,297.6796699739171,1398.9988730198365,0.07138642477587451
115.44993077217461,64.20814026067481,262.78911122430844,8.413594371721228,39.3987648232739,0.44424590834273536,574.5016830508027,75.43478188096648,114.66782808661057,63.17576471573037,0.2033466982466391,262.5642008377311,541.0963617351044,0.014685385761657205
58.50398613041506,109.9069354791587,207.47088290968128,7.699111595533011,25.46876365944279,0.4592507423133401,2505.5132430582144,50.310852706133986,56.000629753734664,106.6025050619406,0.6508726579369036,206.7509891402159,2359.7291994449433,0.026677208368453796
59.93952934763867,63.13787883959389,162.44792573119028,8.459234502213588,29.02908145462729,0.16965688299202475,4501.202057362,24.43419839675797,53.54344705333584,54.69505021111415,1.6629813965187359,160.6085952085572,4239.50110897565,0.05283310018951645
97.01934557535067,61.22377348731809,118.50562545455978,7.579565598150498,36.375515926937936,0.267755009127092,1390.6520553004434,74.5152989064834,86.73988477526547,47.65488523120564,2.6726598080221513,115.5495462273353,1310.6863137888665,0.1480010831659729
64.86313912744563,94.66525596983853,295.0452561181694,8.089496201999108,28.927533860366403,0.17438444596468744,510.66956178501863,38.960661647953515,62.7618574565856,91.89156416430325,0.5463332344236114,294.44098754624923,481.1260821670006,0.08429100186994583
99.56381951332622,55.52907798396137,91.80360074501164,8.145652590430874,32.10031842694033,0.2702587675652365,1586.8725540014527,97.76700486331373,91.3627055176383,44.70360750965329,2.1322896388788637,89.44519467739451,1495.2466769564874,0.09218084282562668
84.00266699678782,90.31952650144109,285.2733527760189,7.224181165468351,37.16937318742693,0.13442820986455895,1158.0435633578047,52.2313749166282,79.31643761029117,84.13370371126558,1.218419640489121,283.9257270967306,1091.0394950386074,0.15527154256005726
34.66989265518936,138.7020078210752,209.9792068379589,7.079314201702422,29.124803395637514,0.05121906113466079,673.0621686399958,81.02748910377902,33.566463086863315,137.24548079088478,0.28689168776477036,209.66189202066744,633.9458842660879,0.0
79.90099380202548,94.56029516757593,183.96528577276757,7.217190679248931,28.055512823112053,0.015415637074883193,891.0644291093763,82.76585224516558,77.61510601743079,91.54292329191092,0.5943308239946237,183.30792975699762,839.3666769345971,0.09183071546318929
72.29095212143469,100.96307660014351,192.81435486490278,7.892075520879252,32.29573552981944,0.2697235285275362,3985.2928606599594,41.83552649247487,42.46749849611187,61.59611781471736,7.75409794258394,184.237981700935,3756.1681159502186,0.323616622719628
72.0244249591394,76.16791746433262,245.99282677186943,8.146935466334913,38.00519983305361,0.01295624906136622,3794.2143400890523,76.52954845609827,29.645333940952096,20.22751732032539,11.018563664728694,233.80581102621068,3577.56896446324,0.28952250829288967
21.721194494986467,159.4377736398131,260.2904096487362,7.329677718667738,32.5616809147416,0.41016456541323704,2632.974112062292,66.72147493455518,13.83322423605512,149.02565289802374,2.0508722673221507,258.0220547728462,2480.3353368158973,0.0
106.89229978350954,132.117037858713,247.7194066180237,8.461088458891904,38.19986175917877,0.06350989079231945,1522.8681178580077,48.057350002968604,101.840766547662,125.44901398739422,1.3133986413203633,246.26672998891493,1434.6367082452352,0.1472935898158615
90.1802336115674,97.75320410741713,116.03452168964554,7.471406818519586,28.64332969773779,0.27817931867723567,2455.2436001255883,82.56793614148887,83.33244963561692,88.71412925916256,1.7804238337471139,114.06529466913292,2312.854019175536,0.10735167895616253
59.32537053006099,151.59569676680002,106.29194814737738,7.769944348952457,36.95525166039598,0.40942869843363316,3361.1647413992387,95.36191675513093,38.0176652627145,123.46952581390275,5.540003369510084,100.16446090406762,3167.511963971079,0.0
113.23381300707709,99.78811418113601,268.68613869187584,8.426090120268006,34.2824546991131,0.3115849125224126,3670.090794567041,32.26066268517339,104.47664663828697,88.22865457433308,2.2768632558854285,266.1678278489651,3457.089275967991,0.07283198065453496
112.02919925876584,120.80679370931261,201.13465039733012,8.233230851369486,33.281023066210494,0.24835793157347175,4059.9824199937325,75.20089217047368,92.08607424666839,94.48186869334398,5.185212503145338,195.3995774474227,3825.448378554634,0.18216247110129408
58.186229452953626,47.93347854053044,116.36957877755552,7.663426173788639,25.53728256708957,0.23597347427737048,4383.566879404005,95.28889023550194,51.6134763432353,39.25744443570224,1.708915808526768,114.47944277614653,4128.741996953715,0.04172409901103539
76.13907123033201,142.41162596212837,217.7111496223303,7.138220409002292,26.45567412055575,0.04755758292186324,3094.7417284479866,94.18922503795189,73.0392166179263,138.31981787375284,0.8059621992254824,216.81972000307712,2914.674078819513,0.027015575433182986
56.987301260257475,66.3136119470388,103.24782962491017,8.396899608241668,35.45211427194997,0.13625231280490102,3654.913214001195,94.22607337593759,42.19327800887852,46.785501255218605,3.8464460453585283,98.9934912241922,3443.4413446316316,0.16378074763242678
48.03686444142017,32.83380719315868,112.57557444756779,8.125157916040148,30.473109114154084,0.2735013008534968,3357.848730525574,95.39826641596066,34.170906276251806,14.53074241513642,3.60514912294378,108.58812104949865,3163.5940965754603,0.06665362958505379
79.37404148456307,57.55195031384212,280.8757586410235,7.810447928891719,37.80341364126373,0.33753279526872837,3922.8482692961948,47.983412343648844,53.469926526682414,23.358518569439646,6.735069889048969,273.4264752967072,3696.9447401968896,0.10844630908236227
57.353549546573404,134.80915240252108,277.9614768021621,7.47086203533031,35.62483083193809,0.2949591360866293,3604.6810659676617,27.05965673986194,35.8332794450513,106.40239586851195,5.595270226395746,271.7728619858244,3396.855924340212,0.0
30.114213266977757,34.91403142941674,187.04109980900563,7.165873100544718,27.086575466107814,0.4453016439788332,4050.629040738576,21.230703396238972,28.017292159789523,32.14609556792826,0.5451994878689408,186.43808521060987,3814.733611600305,0.021922076595114113
81.0575981415829,144.24349723777885,291.486069524827,7.511249027518498,30.720604902013378,0.10410346672808457,3744.1593927973154,82.02088853352002,53.47553400706252,107.83517258021199,7.171336674975294,283.554255938714,3528.8514070970937,0.1690078033627249
60.2131175953133,148.57139724296144,138.36217834154795,7.667695227904004,36.354776145797295,0.08919453540169853,3601.372808714849,20.404562065677823,12.949967747096302,86.184039443315,12.288418960536422,124.7706468209107,3396.490267786238,0.0
60.96646584738879,64.7980706003791,88.14180761322123,7.823778372480366,37.86866218417664,0.1732353091147667,1933.0320363562018,52.74506688799076,42.71848571905596,40.710736830979776,4.744474833366538,82.8942098991735,1822.3011320422013,0.32929714444465064
62.19304847506334,41.374999658664294,290.5136551372742,8.227402035653972,34.26524813336708,0.0835591547108343,1480.8137199704154,56.64148377488701,50.10459442787918,25.41824031638118,3.1429980522678838,287.0373611377055,1395.7854957661443,0.1533939371545998
67.88898929669811,108.57653428623267,213.45760250284962,7.635725968661021,38.341254460654156,0.46861736934709325,1722.6373176835132,24.072859011270875,59.95736629583341,98.10679192509123,2.0622219802248223,211.176694345601,1623.068648085865,0.16744880245973945
28.369743665535523,118.74493806694468,182.79540502431053,8.247253307806737,36.07521003957779,0.1328862361106417,3347.801482735379,21.943896058229218,6.862062176890483,90.35479850193326,5.591997187047709,176.61041033336156,3154.948605133273,0.0
76.80811748244179,79.13286728996512,164.4395863253178,8.301094827145786,25.57751210694607,0.4188914981645983,4588.896109703058,64.8520181084858,74.41027871999188,75.96772012353121,0.6234380782369767,163.7500364069161,4321.65614296944,0.019320948223711738
111.21634411468806,113.34211167944767,121.50039480879279,7.0381130825536315,30.083964595229943,0.001375565467078732,4175.332690075968,38.44465749101719,102.46071242373273,101.78467784738663,2.276464239648389,118.98252529537955,3932.879424180925,0.07520620022186039
37.146054228631826,95.40501412876337,222.44853978322766,8.112716745568713,36.500822168368856,0.3501482330857196,4925.2947248612245,79.92101438667247,11.1690244834424,61.11533486511331,6.7540277337492505,214.97828822936103,4640.964131430555,0.0
84.68278934181068,33.24777230751075,94.7313329076288,7.684934747363333,33.215336311364645,0.30840698039350206,4352.54111407498,20.839729775630865,59.495083048241916,0.0,6.548803636327875,87.48806822634965,4101.49701618926,0.0
38.431817607315494,53.44970059636056,117.55928653694215,7.80146208829747,36.0954804654761,0.3392046041748234,1303.9286418414238,70.48722575891122,28.670354186800378,40.56456888128061,2.5379804893339277,114.75216855615686,1228.962822568407,0.3363770810857027
41.40486665198445,156.4108123774012,219.586575334298,7.719859729155143,25.976309380955808,0.02143546713842709,4811.540605210196,47.30017090041082,24.016286003339637,133.45788592119004,4.521030968647651,214.58611635633778,4532.92371901923,0.0
36.38822452293416,117.8194155824449,179.55642691014663,8.207575101608944,36.917213699978724,0.4438286344571034,1140.168644585452,26.79761184588625,32.31384563097363,112.44123544505698,1.0593385119097396,178.3847519516443,1074.141171263619,0.0
110.51049041178486,78.53355039829654,265.8075693073799,7.638770655643189,31.778639980971995,0.29967648147202863,753.9278826505976,73.56691049097175,105.77013285502582,72.27627842337456,1.2324929647573537,264.4443779128433,710.4863277186737,0.11044017479942092
107.54197910387089,129.2010839616393,284.96254914211033,7.859845906724762,30.133682441602783,0.4532366607614088,3711.3218041776195,59.29245194747924,92.84143743028073,109.79636895250037,3.8221408351334327,280.73509337226227,3496.5518120698043,0.16901958156932212
30.447674548293428,109.62922996264624,141.327896109343,7.583313451039357,29.528735333981054,0.17467735272804985,2315.6186590224133,47.753846843478215,18.323534740884995,93.6253654168671,3.1522763499261934,137.84133990472682,2181.9317448383276,0.0
36.632178647471505,91.19118956888494,154.31226307997713,7.258441314880351,26.034692280399522,0.23590764874875703,2397.5374295653905,76.26254536934965,34.79955316312981,88.77212392955389,0.47648262592883883,153.78525235140856,2257.9758581786377,0.002538522605592942
70.01499711083775,114.59333803816719,92.33367776382555,8.141565279650866,30.616005657683154,0.12246645159947162,4873.742155884323,57.86643276026964,40.14280350222119,75.16204247479332,7.766770338240309,83.7432883732334,4592.8330949564115,0.17342607549221203
56.99411352729462,58.78047179601115,187.9961888407226,7.92453682942223,38.816504023168505,0.3278333028121577,4877.464080510359,51.635735924370266,29.773683847802552,22.849504619081618,7.07731171666794,180.16837099146298,4596.054589509323,0.16004221457377799
20.24259612671671,31.500367759425036,128.1639326061961,7.5672038929460745,29.872364008961704,0.28340921654112167,1683.0339974152023,25.986169698663424,13.222752873192226,22.23417466477272,1.8251592459163668,126.14522625343254,1585.6764103923674,0.15084665161098612
58.56627461572963,157.78189611270227,179.44992963237365,8.024713633135576,32.148270189177914,0.11239817666750157,1680.7775289729898,88.86405638729985,42.22098205289391,136.2061099297591,4.249776066337286,174.74949049966102,1584.5478217181223,0.0
40.84181729966639,53.10896407112456,221.92840693662035,8.111039845435583,28.634567251436962,0.37920718868815934,2335.705558349481,63.63690430291228,35.35043226555069,45.86033582609184,1.4277601088700818,220.34924149752385,2200.1391746869526,0.11154775225015265
31.232233583522255,117.00951611358674,259.4199242808162,7.23476401566518,34.93755885311913,0.026409908499933188,4372.339097766846,28.96596979782749,2.412359508173193,78.96728233412598,7.4931672595907575,251.13215192171947,4120.5441391917575,0.0
109.95823832096535,61.802112870870836,148.1532622895554,8.27480285423356,38.7839892228165,0.2444915189468037,3229.9145033374703,43.09387448687636,98.67766240768799,46.911752665344714,2.9329497374521156,144.90929095906586,3042.841341709111,0.06055642942781015
107.01010797452598,101.08369026109402,192.02880882976686,8.347062347887878,29.348476782621304,0.2178815292891757,2236.2591980958678,86.79781927340437,102.35474959512858,94.93861720028946,1.2103931786433217,190.6900607700916,2106.400436204265,0.06972891042185582
80.805962651311,129.05594349288498,134.39839970224676,8.237646000700561,34.95224034747161,0.12463936839381257,4543.64183698399,38.47257668270498,48.58758596483101,86.52768626673138,8.376777938484803,125.1333150922633,4282.225676591934,0.22284862544682182
118.37791630394133,151.44486509328027,282.4467572671763,7.378103517432399,27.35416511242319,0.24243226591134104,3548.6006249031975,83.4727634215661,112.36794114299866,143.51169788083592,1.5625935418450911,280.71846012446525,3342.387518921096,0.07790063067445614
108.67237612030821,36.3526379874946,271.83883678941515,8.142251098611517,35.473652911872605,0.2507831591575001,1668.5932068644918,77.39190475085876,98.06992195025224,22.357398483020717,2.756638084214553,268.78987389736926,1572.4601807932365,0.05377939781862838
42.16657165007927,65.04693108883512,246.10990094373045,7.571027912686867,37.157108240695756,0.23241759463385125,1785.4265703801223,44.28735478523856,28.929246935228896,47.57366246523263,3.441704425861095,242.30322456501702,1682.7645837847174,0.27107183429007004
112.28748121850002,103.68640666284965,91.24537512535689,8.097517529907446,33.366076648151314,0.0637145956526784,3567.8349101817284,95.9639366879626,71.52683650672886,49.882355643311676,10.5977676250605,79.52377829610042,3364.2131153845658,0.2926990574135985
59.767836024078264,44.908865184197026,207.75119944132922,7.6768325033064215,25.50640120760379,0.2329064338140513,3184.1249624088823,72.30011518688585,54.96420397344276,38.56807087735819,1.248944333165227,206.36981211019642,2999.0290015058304,0.03871266033629049
39.35098093689059,39.24827491052406,262.60687895492515,7.471506364873398,27.750025962649307,0.4682593962784535,1711.7871495558768,40.39421477245238,36.71201146206708,35.76483520375704,0.6861320634541115,261.8479867330938,1612.2855101802215,0.055146510884909926
57.27839539005623,75.67980741663149,179.97871188717815,7.348152030604714,30.283069223579357,0.45335929142612735,4435.8017896424135,33.94440680089993,47.693287040178895,63.027464394793334,2.492128170968112,177.222308585992,4178.253854257995,0.10352302672863561
70.87219767520195,101.36844989597657,255.7996946096599,7.207342834472799,30.204534280227854,0.14493911544121607,3454.9489516154795,25.60325975957099,62.03922087250244,89.70892051641329,2.2965739687018654,253.25958285196927,3254.496587751215,0.11053146953264135
110.19050011012602,153.372723555394,179.91533187291657,8.480194923213233,30.573792635109147,0.05524678648360859,3751.9037705944706,52.44000863084086,100.34935552084634,140.38241269754485,2.5586975932127185,177.08529986459948,3534.2490160118964,0.11729884193155013
54.351308949416826,77.69054482494353,294.23169691815974,7.40735059183403,28.86680217308346,0.04100399792398268,1308.769152153599,76.14119622139725,47.757792095285915,68.98710257749077,1.7143143820740314,292.3355898571076,1233.182744619986,0.2188799108405636
80.98112662470692,128.2654023844277,275.61475828236325,8.2415718133481,31.850627320790668,0.49271649806650575,2798.9962375837454,89.23610077083984,73.42187097358592,118.28718492494798,1.965406469291463,273.4409323358338,2636.6446230883507,0.10044247094787095
61.160014054132745,98.51236400584868,94.0052679437528,7.5410769412932925,32.52338733280517,0.49031033110145394,2662.0688325619167,52.816503629419515,49.597936599627616,83.25042176590195,3.0061401381713333,90.68034481290725,2508.1266332460364,0.15181200052564053
87.18182419129909,52.28848530426029,190.5845657412448,7.539036983358527,39.96938371868434,0.15885908818870464,1349.2757764150015,56.73575430719609,79.44574411973736,42.076859609798795,2.0113808186060513,188.35989014352282,1271.4502187542575,0.11081863143054627
53.211922758257714,36.797096373804536,233.5951715219311,7.047657252328583,34.54121331949672,0.13799936790951461,762.0133450617955,81.13689245361431,51.62615270342164,34.70387990142092,0.4123002142573813,233.13914936187615,717.7634457288058,0.036764777997379906
80.5303174344433,124.02878435024532,190.08591299291993,8.236950424845373,37.658134239751035,0.2608911354943505,4794.4890651256555,34.818877923904694,59.68531029703763,96.5133749288698,5.419701855725471,184.09148451183452,4517.235468232218,0.16129939393109202
59.29679829166217,135.8524823970149,93.63705914684797,8.241168746849123,38.31129343795256,0.11497601213653735,2834.5645090407606,93.48632544895108,42.84209334756741,114.13227187080989,4.278223285464638,88.90515613935334,2671.089882060383,0.0
45.116545585758644,29.299838457743835,278.0777916647383,8.031541299285353,31.351326903502454,0.46251516096266837,1089.0434762050368,97.5550501000953,40.73443649165996,23.51545445353357,1.139348364465659,276.8176222923925,1026.0290624554498,0.0859386776521771
81.24400165697034,129.0845046137165,160.63004032047877,7.891587014127789,38.26263388076778,0.2832566921311177,2612.4383218220396,36.21198941436708,63.39352770818885,105.52187900132492,4.641123226683189,155.49675402635063,2462.0610150814805,0.24155757358413127
55.6066913528866,95.2009781746507,225.11202781936555,7.174815130254128,33.846711357506194,0.39775237843458655,660.1222276997595,90.1482208144222,54.2816863432329,93.45197156190781,0.3445013025099636,224.73099423587513,621.7839114668933,0.0415661166385354
87.9065873283927,124.6531247809867,191.5086403200583,8.067163795845559,35.59186637163458,0.24100776214981628,2869.1418120322382,90.8488192619333,66.2246699062423,96.03299378374817,5.637298529759107,185.27354035280283,2704.210064457644,0.32516323030137945
95.06540853513609,68.51839305816465,126.5146165554855,7.550345076007071,35.46746005714757,0.3772071219065485,4041.280728157741,68.30547511502837,71.1129757016048,36.90118171790338,6.227632536718128,119.6265812277857,3808.2651154845016,0.11346785296682012
44.40931543138849,27.596929761110918,264.9998267377029,7.970448593539624,25.580332373690574,0.31056549880230583,3465.3730225078534,93.29520088481269,40.093053552181544,21.89946408055775,1.1222280885938054,263.75859314301107,3263.830460800159,0.02522114165208306
78.569590094416,124.6059597899474,193.85616768443688,8.105327847109644,36.70670250868168,0.4049335555638002,1403.7366097339075,31.091585284355858,71.70688055598575,115.54718319921953,1.7843044799918575,191.8826484985997,1322.6431183403652,0.1817855528977121
118.46440882139049,96.18037922623886,282.0946946979476,8.422086727784917,30.432843809609896,0.1985175260471434,1043.2432432701257,21.673579304695487,116.30282889890985,93.3270937285644,0.5620107798449654,281.47308607166843,982.6613960944147,0.058966625328771116
109.25295799585334,64.28031429872954,108.53826746531414,8.399515656608408,28.211313696068533,0.28890882393950185,980.5772080986558,47.59864347009341,108.16628394954665,62.845904557604726,0.2825352520397302,108.22577105742624,923.5334529140836,0.021525460820443775
28.286505605305972,54.35357413805676,82.81723461059944,7.123017969242757,31.487572653226206,0.22438403180367272,905.1139640601012,43.86541227666725,26.644962561357154,52.186737320044315,0.4268011914266935,82.34517373238958,852.5283950941853,0.03876702395698904
22.403242633976944,73.99758829723893,166.67302063000477,7.659909374367581,39.33835935400096,0.3273325661083437,1194.4775383633314,49.76367543048053,16.40208176973407,66.07605595643834,1.5603018247031513,164.94725822718746,1125.4901169240113,0.0
57.7980630578058,96.22551603014001,294.3403833008149,7.053805046522028,26.446891370247094,0.3285310752205609,4593.047939299551,20.10584016878522,56.32174437553846,94.27677536954718,0.3838428573895055,293.9158362283286,4325.467502082385,0.011257453953369474
70.36037954773859,106.11214520563149,116.95677750379983,7.392345428341697,32.589697832954364,0.4252651913198308,3887.505969820669,92.57581866779933,56.57695640480458,87.91802665695859,3.583690017162845,112.99305881998175,3662.3678511938483,0.1396277147853016
33.432047606878506,123.77011541947905,266.30919466554894,7.685059213725585,37.080362321489815,0.3000890285445833,3921.8174963939164,74.70025247602587,5.198169127794313,86.50139582708792,7.340808404561884,258.18993789720645,3696.2223361593024,0.0
88.04501808083604,90.13894412310242,248.74080321835072,7.315075850095225,28.90398196274228,0.21176637550847605,1902.084411917688,67.3091871633187,83.62912894558504,84.30997046457115,1.1481311751652532,247.47091967131354,1791.679797702096,0.08465157665911294
25.24603979186621,65.93231704074293,246.27114339684852,7.350290125560132,32.57156877200877,0.19644082944354468,2291.034683569761,22.60367110872865,14.057503165922954,51.163448694497845,2.9090195227452442,243.05363993570225,2158.6808334828743,0.0
107.35860198367914,54.021929560220784,217.35088261694167,8.047395714236355,38.125067108744595,0.3395055261384677,1620.8375660819056,35.605974132386734,98.8331772867974,42.76836896033696,2.2166104211892397,214.8992140576813,1527.2664460651772,0.08303442551202037
67.11342445251283,85.59683900168682,240.30486513169808,8.267961772025359,39.37696350768013,0.28722658599901246,4212.1695100361985,69.20393699941167,54.691305951419366,69.19964258024346,3.229750810284296,236.732618768455,3967.96065091472,0.1353445040088291
31.190039826558383,133.92702050390312,199.15994472244557,8.036321607747812,27.485254661187945,0.06000675717677917,1634.273470145897,86.77304312196058,24.110883608165643,124.5825342956247,1.8405806167821122,197.12418165564205,1539.7646227923055,0.0
32.70286457194844,37.62810843326552,177.36968949191947,7.221737221769911,38.80761505805983,0.1369786161849011,3747.0932693101754,34.95423886540112,20.72882415348511,21.822375080893927,3.1132505088004625,173.92629758300987,3529.9466932921573,0.12515046822883366
78.74191200587646,104.75116795602003,214.61818747221685,7.559184582343627,31.531659146141024,0.2881883810720245,3121.5150044612305,87.3436020350241,61.17874137259938,81.56778272009429,4.566424364652039,209.56752140296157,2941.431875446724,0.26601369009868886
61.40790098203898,33.02477138725959,162.52625539797242,8.351461127375659,26.057544126250562,0.06178685548234181,4050.500601211653,39.72888371579693,56.41141348144657,26.429407886477623,1.2990867501540244,161.08940834958779,3814.9224304023514,0.021289112608363886
112.91644993940649,107.16391437877914,270.2091227893542,7.612253272047716,37.40486165976895,0.32725173522883694,2503.33451516319,89.84313469619367,97.00971673418833,86.16702654789115,4.13575063335672,265.634800797625,2359.109437221181,0.2041758183223005
39.11006274536901,45.17371374375533,110.0243806416723,7.558808505959411,32.04122589748398,0.4619300521953354,1469.6663122822874,27.7220570142358,32.689877089456445,36.699068677950734,1.669248270537267,108.1781186809077,1384.6823518735537,0.18004303827867285
32.45769407080706,74.10868663605041,227.6541799887098,7.848838002522565,35.40789222450804,0.11117296135636678,1782.3869811534362,28.173831131160956,9.237584572414166,43.45814209817178,6.037228469582151,220.97673992867198,1680.9683334872434,0.0
29.689574273485178,113.6346887289994,285.37157374678134,7.203376423909653,39.67995259051504,0.20626608787380935,3442.099058926385,58.62375148997646,22.246648096822327,103.81002617580441,1.9351608059323402,283.2312008334068,3242.24721723238,0.0
95.18679701713504,129.2136579160777,129.92728500838882,8.065082531356667,25.270803643670764,0.2005483921995332,3385.7935163616844,69.76475152285167,90.89387826512171,123.54700516342018,1.116158875523455,128.6927642301312,3188.8873253090273,0.05857852429028039
68.55448222254262,57.55226973462932,105.95563533231399,7.56310381400056,33.45016272935367,0.12091959155643428,2725.1871912552356,51.54573871391498,40.39753536007803,20.38509987617605,7.320806184240793,97.85850189886527,2569.3383886864826,0.1972601021685476
30.54881562354808,85.31924824107568,125.86640908357705,7.385408157735721,25.589987384062027,0.2751988518796138,2126.7807923582277,39.10061718386952,28.7040646644213,82.88417697502837,0.47963524937296365,125.33591141490245,2003.0034744434022,0.0
96.46914663574161,59.6023022240117,264.5724897171175,8.117975161850685,36.77098965187955,0.053371706177487876,3786.0383606986366,48.21641129711685,54.311377073683836,3.954046402095437,10.96102008613502,252.4491196987714,3569.8452232276845,0.04157179691103237
77.37745931337885,45.584714873100296,215.76132847467505,7.256504019281293,35.23305832314383,0.24305579161193025,1808.0762839787121,74.03187038442192,70.63809233291498,36.68875045888798,1.7522354149206085,213.82327908443594,1703.399819455038,0.07082420809245388
111.08824839777257,136.40510603270585,154.3655625549365,7.079897634201418,39.59372192998758,0.3481313338829836,3889.9129389442282,23.506018004603682,107.2180453176705,131.29643796697118,1.0062528008265355,153.25260272633003,3663.5754340119584,0.043908315396548304
64.81619711655577,70.21127851214078,220.90641596755947,7.208041580551982,30.100581384496145,0.12315020415953792,2825.617440659995,81.33681786046206,57.26262159790328,60.24055882751947,1.9639296348496487,218.73422346483846,2661.7134100248472,0.10220401030920394
114.52404063678387,105.49382700890246,88.00957806677685,7.608924745890201,35.19892421236679,0.055594146212230466,4708.011899682119,84.97366447871481,46.015122277876294,15.062054775144489,17.81231877331597,68.30837054442247,4440.89070100246,0.19664128014011034
35.777310874102554,92.82128453089581,129.10301045052785,7.857180284319041,33.402443055934754,0.19974160998101143,4938.617175918306,96.17962425350241,0.0,45.59523417708046,9.302100827266663,118.81447805201809,4654.5283984199905,0.0
85.59654659335635,156.70942270041087,200.66265720603474,7.947745370745502,30.549794519294764,0.00898289420818954,4714.660002196589,57.721629673102925,26.2773616440114,78.40809856727563,15.422988086829676,183.6041544484588,4446.169892052608,0.0
119.27842409045003,146.37457077863843,229.0016068217497,8.328073827259797,27.934199128437726,0.28696943552858123,1221.9393988855097,83.7192988453072,117.65117249358859,144.22659867078139,0.4230854151839729,228.53365575539513,1150.883901359697,0.05879054301602798
41.12733791357536,104.29968835014368,114.52610724392417,7.241855109498936,29.979214451703875,0.25285233168942944,1914.5197225692998,99.58246020222154,37.10879646822552,98.99521364228185,1.044820775790958,113.37048953971143,1803.3477755104764,0.0
22.742716901001717,155.00069425029645,251.77248852148685,8.104374694280486,35.87007550022815,0.2951407148959922,3255.2488238737333,82.0115600703083,3.1969297547812543,129.20025521728545,5.08190465801732,246.15167858929522,3067.581056457499,0.0
117.09265686245982,96.30393543193284,286.39386083369277,8.206016261930586,28.505931685465647,0.18250790162276154,2713.7909504675436,97.66825776907088,109.43689311646074,86.19832728721406,1.9904985739597574,284.19228191645055,2556.4164373479834,0.08031108916047086
69.01355155844453,25.401883159701075,292.1920228209631,8.101116412817095,35.013793902547604,0.3451470728544053,1342.435836726488,80.32609278908916,61.39645802960002,15.3473197016263,1.9804443174995792,290.00156435331104,1264.9962397935305,0.05322273141262559
87.40226543644201,87.699286215015,279.5623021264614,7.658813663205106,29.737142239389105,0.3287951969168516,1497.2797297783466,88.14005722189408,80.99563316813904,79.24253162085509,1.6657243897587688,277.7199377327338,1410.6846921352276,0.15150264030424987
101.30098266166014,141.70301485746324,276.1120694922098,7.824356106980589,37.413355739358884,0.07303821182969167,2903.472840873535,87.03035404521471,61.641610943941764,89.35264419007497,10.311436646606781,264.7071673111001,2738.460469787148,0.5881805191595083
36.20375882941187,135.10124954015942,211.35736781068002,8.147544288949815,36.265983742544094,0.46414948961571545,1754.7113201649279,21.212149312448716,28.905652982603485,125.46774982237234,1.8975075201701814,209.25864108644785,1653.2052999010461,0.0
54.12662874857786,123.09247466252182,148.0010234030791,7.587770383561408,38.052384761223635,0.14033415496756874,2500.8394876378334,94.65012098125398,32.018178716511876,93.90932062019476,5.748197008337157,141.64326484385782,2357.4223560449554,0.0
55.97599652868202,80.313794287572,281.92916044196625,8.012594128203606,36.399018367254484,0.2843700772531722,1444.6083046889432,58.5004682472327,45.588559440879706,66.60237733167294,2.700733642828602,278.94203031943096,1361.5088764819116,0.3082143374828359
92.41541378817023,148.79871104049113,272.1409100859213,7.622527191499554,28.90418333572158,0.019478032548717328,2192.5906819471406,79.74697839275993,74.32778234646008,124.92303753743374,4.702784174844638,266.9394240727553,2066.7124976166783,0.2862768881953521
92.32114289668257,79.4276359836398,208.79543001294954,7.145506454228646,36.245215462238065,0.1539118681739573,2368.1748710574116,77.77094936105289,85.1969353558798,70.02368202978012,1.8522939606087283,206.74671147300148,2230.89023543726,0.08959085512487731
34.202925003978905,122.75748022595347,271.59651177751414,7.144983778937774,37.39610512908851,0.28158459788366413,1991.740608788143,67.33441906185828,30.19179597627745,117.46278990938752,1.0428935472023797,270.44302567283376,1876.0665051929745,0.0
71.93600116489344,32.09267778022158,287.44884825147255,7.303419996819031,32.58305250929303,0.4533593079533132,1503.0183449201281,53.29654259106214,68.01508076390924,26.91706285092245,1.0194393042558896,286.3213035704467,1415.823222088133,0.037949157900809466
109.64619668968142,138.68458708377312,81.88115980854384,7.193682128998889,28.933909485488204,0.3447190563790666,4716.736130021528,54.15977345781795,104.11740590741715,131.38658325118422,1.4374856033887093,80.29123754501559,4442.378607036609,0.05330918937374866
27.747996967032776,98.69851638498538,115.80011796485672,7.698172872663298,30.071680749860448,0.41834793155805483,3760.173465534972,99.67986755704612,12.855504487591553,79.04042631212296,3.8720480446547176,111.51746262755455,3542.576169429703,0.0
75.94134235950588,85.38387541106269,229.67254441076912,8.140112226739324,34.112222973736536,0.23410245160276738,1726.5704895908868,71.40958851402493,64.52946844560594,70.32020184471473,2.9670872176139955,226.3908155266719,1627.1443597312334,0.26113751211041697
103.51406925190594,46.2019147324641,231.89138574694044,8.152539308192399,38.54897667314543,0.4954395607526216,3128.074734488873,60.880681386958734,93.6360294078193,33.16290213826969,2.5682903594625346,229.05074371749083,2946.788172389444,0.04105200246247615
93.2223269179683,104.30433080509144,287.2202855895502,7.3108351866403,30.699940415219466,0.3291248590705869,2322.6481748406154,43.526452219861554,87.19834361640179,96.35267284702354,1.5662356584073056,285.48796010582834,2187.899841293164,0.10353535529191059
112.66137214255697,83.28466218246784,172.07086379970323,8.08208374083253,31.51788517193042,0.4145973606868783,3016.777782086437,83.94285900075573,100.06848200634258,66.6620472026648,3.2741514354157504,168.449508393389,2842.2690046944786,0.1008932846450502
88.49180969430063,84.10866443719581,292.5146701694247,7.83168168965718,28.716147269653582,0.031934155398213315,1130.7626417494612,78.56714205246962,79.24880394476683,71.90789684781126,2.403181494878777,289.85664580173733,1065.8356621425896,0.26870576532934287
114.84241810210276,149.89570305220775,121.74919722726386,7.98730786104777,35.91513923705368,0.3113991184563725,2161.6756654385017,92.06298525277992,99.17335715070968,129.21254259636885,4.0739558473622095,117.24322298509894,2037.341195030552,0.3402085447775059
115.89445154876631,91.42400754370837,234.06560902657162,7.269707752846375,34.376405589975185,0.07399669059090935,4904.3744997095655,41.40905229496491,84.99147220700195,50.63207481257937,8.034774628858742,225.17879511014718,4621.789964796302,0.13766273817412705
70.49631671457288,109.04811219277258,125.53730220948884,8.19454010193617,28.22958682989317,0.13190274727030482,576.2322643714451,92.79421013414051,68.70800445021656,106.68754000382225,0.46496118873264064,125.02303469689606,542.833564073328,0.06623764966870269
100.42927182840161,34.66803281313365,152.2930324319309,8.196798331858414,31.456846559855848,0.4487314341139363,1351.06629764434,68.38256946755753,96.31472585651798,29.236832130247258,1.0697819526897454,151.10980656887352,1272.7494577333762,0.033876845136105886
33.37526902419181,87.33230832528562,231.13573485708883,8.090519784312546,31.24593353791189,0.151652014274414,1391.1395874740767,24.747650372313224,23.879046236950256,74.7972942461268,2.4690179246828023,228.4048925041292,1311.0617293982802,0.0
95.08393795068952,101.68495270148604,158.3161467680173,7.165525395260804,38.58652319767192,0.11860887949318194,883.3963175337828,29.482959597428405,92.5269308818985,98.30970337068189,0.664821837885664,157.58082459237792,832.1745208544406,0.09242027184647783
38.79921486117189,88.18788766163695,157.73605841024863,8.2884061741428,30.509767187281522,0.24010541137383867,2360.862555848373,71.59761127262524,31.730833045650034,78.85762366514811,1.8377792720356843,155.70339375387067,2223.9981975845362,0.017805432851392973
59.336904378037964,37.03143439779561,287.0800444994416,8.371113471948506,32.266251097692574,0.3195297488802325,3429.293193464586,21.568396752255516,50.85350958125417,25.83335326604101,2.2056826471637847,284.6404625385952,3230.2989838440794,0.046432635732652265
80.86832690999358,54.59643677019302,275.11175885222366,7.779806439623451,28.902264252260384,0.13827483184000045,2544.4835920914343,68.12152001747,65.99368997915053,34.96191602148019,3.8674056020191903,270.8342382605398,2397.7495492664557,0.11387200018929156
86.24549523115896,56.907624657464176,232.65982305318906,8.496755355598605,38.785094050964965,0.26542062228835667,4825.561890703192,34.04788610310683,79.11723117334529,47.49831610115014,1.8533486550315545,230.6099379748491,4545.031566919518,0.03230148503893406
65.63405439068794,93.31680484799021,253.36330005395962,7.1239411248749915,30.758604886424465,0.32080397040540226,3708.2200245468434,28.749454381241264,60.65156033398274,86.73991269313935,1.2954484547433478,251.93047712022423,3492.592602885376,0.05889345626089377
104.62660178245974,46.5701371689258,93.73254813850555,7.087152728109839,33.744857727394326,0.2315576279677518,2522.265914936632,74.92228660622158,99.7995598422547,40.19844180785514,1.255030904453315,92.34442879198662,2375.7535748207806,0.028100148475487776
96.46068961195697,81.83070481326824,265.78446168231176,7.005543730668194,36.774968207641464,0.09235082183309046,2731.1859231048143,72.11338282461048,91.34648015549575,75.0799483307394,1.3296944586799195,264.31376116290363,2572.5258909255317,0.05570600710691865
37.54054064827021,63.31403581925699,147.97887594506926,7.418535578608253,27.500139548518508,0.04444274453679958,4289.7854801338435,25.293186143359314,22.60302204017224,43.596511256567666,3.8837548381054727,143.68327237962632,4041.3208913252324,0.09244732946998369
114.5244279814979,141.81329985838357,181.79461421602798,7.862202648124557,28.3830255742779,0.11088528261313951,2151.311581821795,36.85255149594366,102.54676651870744,126.00278672750011,3.1141919803255247,178.3501809982284,2027.1868794747293,0.24653489890429658
94.46977949170842,147.34657327439717,270.85678256713635,7.365462877980101,28.29385051514391,0.26111954688713956,2292.151417349466,28.22923431145867,89.75953643302907,141.12905243694036,1.2246631952566394,269.50225124183333,2159.040447582854,0.07913620531131993
71.39981347197335,117.30619959064843,143.09892425870152,7.467118081728255,29.11010246651421,0.10315116626389648,692.2131682806161,88.01544744815158,68.01676255956323,112.84057238626701,0.8795932372266277,142.12605547488997,652.2240803638583,0.11308086093687321
74.66446100683658,64.09775185309164,294.3847460478483,7.494694565356938,28.47375504135647,0.4907254885574959,2861.4868313305383,32.601639495089145,69.1487048079062,56.81695367050353,1.4340966117218976,292.7985721580702,2695.2741903960523,0.05755325623972037
64.38808336051731,36.51630057473658,210.03308057926338,7.9528860412380045,35.57318710607666,0.028869274415210977,4101.091501487497,74.70308959316048,36.724219288747186,0.0,7.192604658660236,202.07774366833866,3864.9336401863234,0.0
66.25690254073479,142.74920970442997,219.99148270583134,7.013763340497824,29.249210178690085,0.3069746793361096,4642.253714302426,33.719663326847574,63.386288256960285,138.95999884984758,0.7463597137813806,219.16597605536876,4371.953933353785,0.010034716511009447
104.04655224878645,109.05671275281449,130.8338220897382,7.791825733716156,33.93773124860099,0.06816608902261079,3779.0314731324393,87.03950118857693,46.444719303743284,33.02229326535748,14.976476565711236,114.26918070139934,3564.8976010412944,0.40554551947494855
30.53050529705213,47.86206207543925,200.58376209533236,7.849015831028129,37.61369822471943,0.38457405321818633,1298.0900108278283,87.52289818940166,22.621249753446637,37.42184475787999,2.05640644133743,198.30928617972128,1223.2666542049597,0.22203011965056285
44.67917866926598,120.10682816569998,256.95103156936773,7.759819444577878,38.17491059114963,0.0945202777930148,2343.9948930918226,86.64265293580023,17.80752443077055,84.63624457088598,6.9866301020088155,249.22351157192605,2210.229293873344,0.0
67.28143746366558,91.79679902560376,212.31553543013484,8.072295113495795,39.417270355621284,0.21347658580590295,4159.207936989429,86.91421961774465,44.73034556052344,62.02935771345612,5.86328389481696,205.83048571570268,3919.168413358428,0.24677894599577058
50.21545296516026,104.58007052094773,272.6708106775636,8.484223619387551,36.35923224822116,0.18167242657416482,3985.203409035496,71.27668434311228,40.49395024298012,91.74768692766993,2.5275907077668385,269.8751842518852,3753.936347226081,0.03380000660760102
78.87878435068396,90.00845619962898,114.36221460804134,8.17278224129094,36.85691468643125,0.04552347853398886,1498.8735264384698,94.89896951365657,63.42935459363531,69.61520892032475,4.016851736832642,109.91940002219293,1413.1516713670253,0.41012188675622757
82.11380555081624,149.93662331031072,288.66212872211713,7.2858297233230225,32.30538597691752,0.22224443114544395,3998.2351587724593,93.81919959691727,67.0689965034694,130.07747536781292,3.9116503523101795,284.3356714917871,3766.7771766431856,0.0957679556396756
30.37421698028934,122.45929203612685,274.0703241702755,7.869489516711429,34.27378789059597,0.1465102213630195,3990.5620402384657,96.49994529781894,0.0,82.36532562214492,7.897296414875228,265.3355672015151,3761.1558120256636,0.0
70.38032052080824,101.31871542340022,244.1223883410697,7.645133646932528,25.458383094097023,0.07146465787946382,1799.1100043893214,33.15300349937299,66.2115361825305,95.81592009687357,1.083883927952218,242.9235650735049,1694.6815791754893,0.1000229766666025
85.07921555719749,53.034051054739095,200.82628154230443,8.09260490755844,37.41722630339229,0.25328343338403597,1779.895788756552,33.27566612532671,73.93459230941195,38.32314836766219,2.8976020444242394,197.62140631404833,1677.332654006675,0.11884854200506192
84.49081641030938,69.07984397190867,236.65416928932973,7.4383278007332745,37.828855459862694,0.13956706550747366,1988.2559947075165,66.70821487721555,70.63682484347623,50.79257510368885,3.602037807376627,232.67015714303898,1873.836577599096,0.18261852807800288
73.83808185232314,78.09584518547419,156.41590736422864,8.277159517518113,29.983457971583302,0.10573105989104914,759.7966872029612,88.04971859642683,70.75250653031385,74.02288576042191,0.8022495837224126,155.5285840609137,715.8362360146488,0.11018588143296373
34.06812628420292,70.73420105980219,279.095435357012,7.0956720124974355,28.882928223837965,0.44455143010734277,3952.8919286957744,36.72624901684116,31.51539547529471,67.36459639204334,0.663710010316134,278.3613429115359,3722.742493668664,0.011909391702890095
83.65801342326162,43.87877975050087,261.36113503341096,8.401133727091551,27.636530243534274,0.3866503807691666,1717.214326978108,91.98650503780408,82.325230229047,42.11950593413755,0.3465236304958066,260.97786466627474,1617.2567801397624,0.014454461602358587
57.06564344286427,124.64583637775901,238.99611829600508,7.770811364531974,37.63090989912031,0.013003923732559208,3461.124493082712,77.71492782197708,0.0,49.31918703317815,14.837067295144712,222.58566968879285,3265.460363806212,0.0
91.19305821012624,110.38258225445894,207.1017507800102,8.284977075724717,36.594915539112826,0.18866516603126143,2522.7204828992126,57.30345060694386,78.78377758948794,94.00233183521635,3.2264129613659667,203.53319622438946,2376.991703412603,0.21208566684844427
25.425958540818133,144.39410973289174,99.19435634133936,7.504259103742266,33.24097651971587,0.15161379604679703,669.2652474284899,72.97227835104309,19.79721050785348,136.9641623293784,1.4634744885708086,97.57568922843106,630.853749559998,0.0
70.09026452246121,56.17302689216224,288.81126279034123,7.011537352020145,27.281312391612573,0.45924729473356984,811.127274430838,63.389795766369296,69.86680553267279,55.87806102564154,0.058099337344985805,288.74700236942056,763.8688796127246,0.006112522929604228
115.8981497766146,116.72715674702481,123.84010386535185,7.506424423554162,27.139853236695416,0.31403605218551583,1232.9236620688594,30.083663608299382,113.65981692116459,113.77255737783078,0.581966542417011,123.19642328849173,1161.2931552287753,0.0655209956409802
31.162061455828486,93.77751837037117,148.2402165558255,7.861486176643064,33.26995771461475,0.4722612107708173,4404.036242859176,96.21299640790849,6.248261596402974,60.89130255592948,6.477587963450634,141.07571953910787,4149.977030404595,0.0
33.29450147646231,68.09593237746304,204.44137419720934,8.316948481307092,34.68935530065788,0.2716619903273498,3730.147576254374,36.96804970947737,19.170762854165957,49.45259739603188,3.67217204179705,200.37979050482613,3514.218479855749,0.012456100340667159
66.02212936686252,76.20574974342955,136.86954044109567,7.070153504862397,36.16460204466976,0.3429528667729477,1170.6384338961116,43.42171463140932,64.3621950913786,74.01463649979075,0.43158291162582296,136.3921907701601,1102.5768660546157,0.059118268816796035
43.578442449356885,44.72101990620274,200.38572552160485,7.675777591428933,30.01627320516222,0.286557421715235,3804.8838674634785,88.1673006360511,24.929581112190178,20.10452294114271,4.848703947663342,195.02284582564533,3585.0815860736584,0.14778709798778417
71.44795756932879,26.84801800711283,241.79260428322516,8.044803629524,32.9500904590296,0.17154195976211606,669.0250205544114,35.18605535114781,65.79036275449047,19.379992851526275,1.4709746518579583,240.1656416600437,630.6306021046437,0.058310166693925865
67.93176902599156,94.0882779525121,107.64617924644091,7.30863476045241,30.27334502979069,0.098910450811456,4876.177281750063,20.518256585540506,47.43185811795796,67.02839555390774,5.329976836088739,101.75099058103065,4594.12502188535,0.1872539080698756
115.63854404057336,84.15496064896251,82.52680387708179,7.958593434420759,37.12778253718471,0.06282007179241034,3548.989714894068,44.335966631074626,68.03731661850952,21.32134045183821,12.376319129736604,68.83805090556544,3347.197014850457,0.16327872851965014
94.64096103797766,152.35904744212172,192.64024420507224,7.072861626899019,25.433707841243404,0.019332919810207627,4638.484088934654,20.225233636820832,91.90962251181367,148.75368058758525,0.7101480168026358,191.85478928319105,4368.389167715721,0.021690275012855764
109.58615195437737,43.911034914142604,290.0479507164088,7.9743961336512115,30.93448209090989,0.12513036619756912,3734.081845730165,41.799881540207515,78.84294821497257,3.330005978128256,7.99323297224525,281.2070836982056,3519.6980058407344,0.01736160908511102
63.54110987727299,98.78299472905378,88.26711777677299,7.343284817347079,30.83986809362601,0.2152847159082179,1003.7972479362857,34.934946188131626,59.81265873752441,93.8614392245857,0.9693972963346273,87.19492175615673,945.6821871834761,0.13624781399396127
102.84226238159181,30.510142347793124,162.7528432446882,7.371873100373374,30.679304288851625,0.08323160838797805,1239.0121992765771,51.33219403054689,95.81265547514764,21.23106123128683,1.8276977956754836,160.73132914430644,1167.538638187228,0.046559220499101134
91.24372885287902,98.91804615074639,248.8331542087155,7.934761324146971,35.05709879689002,0.25594375674942393,3250.7986515946095,51.66760715716795,63.03585495954293,61.683652611542705,7.334047212267388,240.7213756162461,3064.316517043407,0.30874884968984534
109.19088423900195,63.778846748927684,206.95775275241473,7.431297766976867,26.980935195004147,0.15056380355927151,3646.292533083344,48.769341608376806,101.32675093535076,53.3981907881081,2.0446746589493117,204.6962527038076,3434.582851901028,0.04131234156946559
55.70811990166624,54.148736511166916,131.66542939844976,7.7377148676705705,38.09869787749594,0.18710354493470382,4438.85112976404,46.01980100778193,17.573765132616582,3.811388216021384,9.914932239952906,120.69907851986447,4184.174134643182,0.09071932625010812
59.63403472144979,34.33562692793521,224.66657505727974,8.240548849884046,31.21044940146152,0.42684598268627155,2925.9996097459284,44.31287288427655,51.74473659080768,23.92175339548766,2.0512175139669426,222.3978383234251,2756.279942402973,0.04613255263128422
42.6409472295811,52.49812303762898,232.8712921945566,7.398705224791775,27.057415990641314,0.11043968776124591,645.0089926364826,37.26719382536166,41.164878804765785,50.549712716872776,0.3837777904519798,232.44681708896326,607.5677965622922,0.062344998670103305
38.48334743771404,90.65486380323136,182.27057207159197,7.61115990661096,38.12388766105639,0.42762430952170355,4774.781479327027,56.18462782112658,15.351247170199011,60.120491450111494,6.014346069553906,175.61844095180518,4498.920815011146,0.0
111.186861744795,97.20371839656323,127.10475419976262,7.706942054164447,37.1164554898117,0.28032199726478674,549.8992857378892,99.13971658323338,106.90826311142781,91.55596820051855,1.1124356446754682,125.87435147848147,518.3016433618828,0.1246882414282633
104.95261868641461,32.748936949139285,179.79238165037032,7.497652388701728,33.157512505110034,0.09708317246228454,2364.7321470719953,53.650562597061054,82.25024036058463,2.781797559043706,5.902618364715796,173.26382628324237,2229.3115410215655,0.01584346612324813
63.957723072899526,51.96884209548527,248.5118513976089,8.472267742587677,37.31886064641405,0.4140931898421569,4129.816557793169,88.3920357355951,57.83542391167187,43.88740720266475,1.5917977819191929,246.75125308167298,3889.735179079683,0.041057464219749824
51.50529628558999,110.12940202392332,95.51257904546273,8.00564500583816,34.27783798938181,0.3266046039615021,974.3640172736359,32.21609385523959,44.8025915338055,101.28183175156782,1.7427032354639718,93.58507266469954,918.2824360195729,0.08795274464733742
103.46195690001005,101.29132491522931,260.5682888417112,7.633689326957359,30.81477350162715,0.2803045745585802,4707.677488243831,98.95276941240961,76.91364712121144,66.24755600721511,6.902560542487646,252.93375347246524,4436.093618494262,0.17659072185605107
82.87446010388099,152.65519488552695,151.17135481480227,7.364699055962067,36.14162571224554,0.15075009932700978,914.3081540527253,63.4859896922742,76.97374868120733,144.86625580759772,1.5341849698951606,149.47447880139623,861.641673693024,0.1523182399381302
79.7490192428277,67.98384502099438,92.30968610303445,7.979210327919137,39.27449494514379,0.47030500497357075,1137.6645521874639,47.01616427526484,75.29514897596353,62.104736268733646,1.158006269384692,91.02888026772057,1071.8235929292607,0.11715190177447488
34.5122697501735,36.04370213660432,164.03616884990177,8.054736882173701,29.85529537413993,0.32796640491524476,3198.6755224813364,88.76919398200106,22.5882903639845,20.304049346834834,3.100234640409142,160.60717306355917,3013.4919919945005,0.12501336426855597
25.32762520213992,64.96448613168675,211.49429297035783,7.148762602057822,36.481025326489416,0.3773912643017343,4033.1277296797375,63.4932427507749,18.027266621542335,55.328012805297966,1.8980932309553695,209.39491842425167,3798.808374150035,0.0
27.002698243782547,74.92600454858541,227.55698140044274,7.986185315127955,30.01205172014506,0.3954979171462262,692.2624399134063,95.59645793304915,24.382585708352913,71.46745600181829,0.6812292592117057,226.80351189561134,652.1889674138372,0.0
110.04358421017744,155.45799305960006,101.82482423199087,7.392337489559006,25.94678032688242,0.007031640247934012,4400.512074518982,62.365125157343726,99.71933024175407,141.82997782128112,2.6843060317900718,98.85586376935713,4145.1002281502515,0.10295221391893952
38.081985178704585,35.168267891118994,237.96497571781146,8.242311607108382,28.432565663888948,0.03117674210332466,3116.0056373832454,40.67519092820703,25.438329080766138,18.478641841840243,3.2873505854639986,234.32902147136153,2935.7179800544936,0.11042633724884451
98.46695268956127,147.85776170670994,150.15575780482294,7.185325083023542,32.63905615078793,0.3682471571967621,1550.4855315152572,39.36109187061129,95.31648284448171,143.69914151120494,0.8191221597206855,149.2497726908022,1460.4411431667038,0.08294814424304332
51.4832365010465,64.20357454610658,82.71884388927194,7.256668626432505,36.1406326188561,0.23794087551907117,4659.094230665239,44.85250660875926,34.37723019666696,41.62364622432559,4.447561639138683,77.79964521916966,4389.333568207369,0.16247181988888407
68.82419742323381,48.822996928365,127.64716232245976,7.51285379316123,37.04247005630724,0.44253665153478716,4142.27048815256,22.47446297108319,49.82049841113759,23.738114232397983,4.940961743145018,122.1822414494098,3902.8392351792313,0.08159664114176977
93.30272708660543,57.65606419805918,207.5349067625524,7.182520132088956,34.05404727076598,0.4042678281370458,2123.0689606107717,60.35228543372196,88.92211727083685,51.87365924124467,1.1389585520998275,206.27516853981777,1999.7789344623395,0.04373201714961655
86.36040200630208,92.45260354391195,199.33779675469611,7.73946486451416,25.768657269835785,0.14411107814831886,669.5400620819826,26.18404524729459,84.8935813107212,90.5164002257452,0.38137338085102845,198.91598103180988,630.6679122176218,0.05324803136796975
32.41593847225268,146.19526710225475,157.52426958499046,7.882471723575611,37.696197162806506,0.13670827868605107,3908.4837160807556,98.42241537394351,0.0,103.40622831888125,8.4281440027857,148.20237185004126,3684.0927288825446,0.0
43.55241304333595,80.78632420242863,85.3638158793989,7.719518693144329,39.695569148160224,0.08473010386154595,530.4268758699064,87.58264492714191,38.66160527072693,74.33045794258473,1.2716100208783416,83.95735930136149,500.02972320972685,0.12077290014122037
91.8580930842601,80.49400172441344,246.51596963370622,7.970078816012341,36.49532436496792,0.23038776454315063,1403.924989940031,36.752960430274435,79.92341659496607,64.74022875854526,3.103015887216457,243.083897666142,1323.362382399262,0.24987838399608667
115.96853735412047,35.49303245783658,256.31767612359,7.034951428762793,29.779106811354826,0.09128755291297647,2371.5153524669195,21.947313512170492,112.81647823568133,31.332314421496886,0.8195353707941813,255.41123397995887,2233.611622805101,0.013493193803592944
55.66061317712421,103.64204168544155,96.30470359170849,7.287885493943271,25.607301237604418,0.11355210939264682,1473.3334795069718,26.248647961465615,54.17792057013347,101.6848874442138,0.38550007781759105,95.87832356058387,1387.6082622452618,0.027848316600158903
89.71364500528233,70.63397275160214,258.5401753243692,8.15997610335214,34.53992684384386,0.4012238854224245,2907.5135050880685,88.94153973190585,76.28349550247071,52.90617540789084,3.4918388707310144,254.67804804591776,2739.463406594095,0.11668244806308141
22.58118597481689,82.55761389158508,86.80941555761413,8.44971280112993,35.4173315317265,0.22881078005235395,4438.172656897515,72.95461941069254,11.308087652872478,67.6771241066185,2.9310055637055457,83.56759456874639,4180.666745528019,0.0
92.65474558475722,121.57892480508028,287.5253830767331,7.996781657286308,25.768042901205654,0.0687228218592853,3983.4532998936575,65.72490340339596,82.62879545924821,108.34467063940833,2.6067470326323465,284.64220627635456,3752.320791216922,0.11912291709895238
112.39149482046571,159.3623099242012,249.32671835120087,7.504840390514768,34.612419056845845,0.10734012945795585,1500.1024484075474,31.154063949754427,96.79633747577925,138.77670222921498,4.054740909618478,244.8419966747932,1414.3245421249626,0.4518193975190693
42.9270212918551,36.628120555073444,284.52878404306114,7.299350381282481,39.2898106395469,0.04432166485357464,3354.2706253621263,34.85626214247051,25.16762013480854,13.185711027771983,4.617444300832104,279.421687681756,3160.6404177528657,0.10616492346978704
34.10744979890484,35.167684523495964,284.2628304928555,8.277483067232145,27.372933132823555,0.18930692137938782,4693.32911351887,41.469728361234274,26.529390354292303,25.16464605660741,1.9702954555992598,282.0835971125692,4420.554933578524,0.05676454570013813
109.78300170588886,28.423237352101236,109.13061092900219,8.418171210733849,39.36465739893953,0.2646966989461524,947.3802683723286,86.3720190587374,108.03420213642414,26.114821920407802,0.45468788806082727,108.62770613852615,892.3423687709932,0.01459033493528323
101.33769940475165,154.60412307267677,95.87410288415568,8.170072011803324,37.331256665688436,0.3486702710203618,2625.950559881603,60.78500862209269,89.57328141519211,139.07509132645822,3.0587486772854726,92.49099239658663,2474.135397060089,0.17572612938695406
46.33591689913428,51.620822223233326,117.96107185419098,8.23361298843475,32.85957910083795,0.186025347105522,1674.779304886054,60.67762170194129,37.21798331907264,39.58514989755193,2.3706627308160337,115.33901466895325,1578.1270985968138,0.2120663040898904
54.11980625831207,119.30572543300482,81.80254089426622,7.297019864823649,34.6860487432736,0.2381265200523517,2090.3341060052444,60.3876511363564,45.09256702790999,107.38976964887406,2.3470821999045404,79.20656481272346,1969.4486855872833,0.04153083485783143
115.45800943226348,111.1112267075935,288.0656302445908,7.248399022291012,39.013141850285336,0.43329619737522723,785.346845223379,44.25917591244123,113.9987789957774,109.1850425314319,0.3793999134863744,287.6459972633557,739.7232701391623,0.04747040797373618
115.13027697537024,101.00399439138988,272.90859202589024,7.340081719250986,38.03677671264896,0.43528514440066746,1415.6736800901747,50.3447362053942,111.11166478707469,95.69942630283967,1.044839168956852,271.75295397802756,1333.5804996542854,0.08825328331148852
100.44673362603717,62.0911826215102,151.8528397952814,7.065146118176851,30.01517668971924,0.09666160563070186,2295.5402360177527,64.40276505840437,96.80393133861797,57.28268360211689,0.9471285947289845,150.805273937485,2162.1176824310405,0.03406104119081256
49.22952731637946,68.77866414864516,101.95927845020503,7.907636290263086,38.37216024451504,0.14668016628620667,2016.7898944867106,66.30038049762021,30.67520725721878,44.28696167055308,4.824123215381774,96.62358612462069,1901.209280850013,0.40245402525699586
112.80164305032163,152.2900555033924,135.72011314390053,8.491725979839593,30.730029450585135,0.204203867213611,2989.3506160819934,77.15930714451964,107.95820095648533,145.8967119395285,1.2592949443974388,134.32727758177302,2815.6127091385983,0.07520222480592278
114.68939071518173,49.44144314756477,168.00660386054443,7.678694369715166,28.938589615025666,0.4149321534143942,4812.499967522369,32.80443501386175,99.75157513011352,29.723526575274704,3.883832052117738,163.71091489300989,4533.565351147072,0.034183337635325585
77.40654865205647,80.81790581346452,170.53757928237488,7.1314267241503835,28.306753495773698,0.4518289265682631,4252.210755321494,22.03939008098719,74.64944318790624,77.17852660078621,0.716847420679063,169.74471452532708,4004.6352494830653,0.024275604698383652
41.656415375379694,132.9598732487502,227.54369157072873,8.194330931234203,28.982125844855336,0.4282369937092893,3881.367377496416,38.375312947770865,33.978858810616714,122.82549858326306,1.9961647068383752,225.33584566146192,3655.934764957929,0.0
76.30973273505369,32.78505092681129,232.84594503603077,7.10776557193649,36.311087205993005,0.074267930156387,4210.014065207631,59.80049286852045,62.64121481010532,14.742607265879418,3.5538146604865783,228.9152698098992,3966.063900527842,0.028999709872586585
27.94440046719831,100.26059951358214,190.4497037396196,7.976083674889962,29.12630701294767,0.4408376422805762,2025.9408624401515,90.21641724845759,21.992640577187064,92.40427645876724,1.5474575714029255,188.73814764553495,1908.4804754081365,0.0
79.65691168883471,104.21032343353944,213.97630677867633,7.687190832795306,38.10747853602206,0.09350201116697071,2114.582886205827,81.70597121974205,55.7584031918166,72.66429221747553,6.213612209224708,207.10377854946242,1993.8727174240776,0.533072568854721
51.18796664320366,74.01872949665017,204.18707436367328,8.453031829113804,36.99052157803077,0.1509045450567923,3776.877096470192,23.934856098426664,40.26923895009865,59.606008941751526,2.838869200207305,201.04716024278463,3557.8817008006104,0.12217843053795967
118.93992846009992,66.57655423928632,165.75090990433716,7.464014337521147,28.049134436799704,0.2995883114563516,1839.5473635724775,39.41997100516601,114.81553843280363,61.132359403255236,1.0723414070970378,164.56485317220185,1732.7570188150833,0.04325127687724305
22.294961982280608,42.58392655986995,216.0132451560281,7.020533873821208,33.12879583863784,0.4841492108676986,1836.1765615377592,50.69894333757577,20.760516502969903,40.55845852717983,0.3989558246207842,215.57198247747766,1729.3060061899005,0.02127308750317459
98.73269693279983,66.9906587239969,123.88648149451936,7.428692682375649,36.1629479991354,0.3359763732989269,684.4801142388939,73.00917469555853,95.35040979550968,62.52603970277386,0.8793946556954455,122.91383235061004,644.9417199271553,0.07572067192000566
87.37230111694143,79.38601351850073,286.5396661604575,8.489065877170207,38.937929808523336,0.2170561194585045,2908.6254646182592,81.3021182783028,82.51541132184924,72.97491898897908,1.2627913467239622,285.14296342366873,2739.5946272362085,0.0534824890942942
85.101126365946,28.01813724439829,199.21101773216947,7.980348519051392,29.97240480857068,0.39160601383356825,2684.0759407116334,67.13089368365698,74.92811273575549,14.589759252546822,2.644983543849532,196.28554966965896,2528.7024293169193,0.027853697150608224
54.579617300962774,82.55781712074898,124.67948712826438,7.334245741589834,29.037034600819638,0.022223598124282595,4337.110614165635,90.19734673700498,34.32499812224514,55.82171980484167,5.266200986466585,118.85483735587029,4086.455418055788,0.17329263051479557
38.07953839364164,78.01920001219017,125.15982478619873,7.885415119296956,32.05341167446809,0.18637184602328793,4479.436886705372,67.27671054812974,0.1248830529475371,27.91905496247393,9.868210388580469,114.24515032893912,4222.3726736021135,0.0
60.10124801702011,79.13682576010402,257.7994935954434,7.755678327067106,38.36477315321821,0.47443931450105725,1964.9996354332905,42.05489850677628,50.46394820485673,66.41559000804835,2.5056979511624804,255.02808152088838,1851.485391882945,0.2343175579210055
51.040320355090884,54.38974406647562,143.66423812840722,7.005158827485394,36.833076202003326,0.33593905420612097,3446.7475780824166,69.87406348986002,47.569020905350214,49.80762879281796,0.9025378569325705,142.66599158664604,3246.2004689822534,0.038456520402812076
93.45896380395749,81.01929301477358,108.77852890251698,8.16131603557597,25.523801901664683,0.357032838810521,3987.3612478886507,33.28434043950946,90.14861880729327,76.64963761917686,0.8606896991326944,107.82656826276195,3755.2834678707854,0.025542009186267003
24.648968790663478,105.73790689240965,150.77430181380782,8.144105459898881,32.298389442437696,0.13431159537820903,1861.6210539267079,78.9929336115199,11.021434935295199,87.74956220332353,3.543158802395753,146.85541243511403,1754.5591106367326,0.0
38.058341780872865,59.75939199686275,156.03256522302175,7.102703619612434,35.550032899597674,0.3627104911346361,4815.431219824665,64.47618323283518,30.350696069158868,49.58529965740027,2.0039878850456385,153.81606653478173,4535.553321034775,0.059083341571268044
53.10243298003155,60.80884697730744,90.67278506076497,8.292054062502203,35.91323053040834,0.4033632387723066,4119.091480648836,32.48665093372685,40.01182288865011,43.52924165668391,3.40355862375918,86.90829961591488,3880.3797269418637,0.12635684659736018
63.56948681732092,108.62274594383985,238.18310707730376,8.489180748372863,27.856102767798937,0.10571561119350315,1434.1744758977873,70.52877826293067,61.965291440634324,106.50520804661355,0.4170907979385134,237.7217863211223,1350.7448980617396,0.037303825282626914
84.52856402138912,151.27861253329726,269.1280932013507,7.377352519995204,37.04384071544728,0.39429408351453643,2715.604345337522,50.94963733548006,74.42850008477579,137.94652813696774,2.6260166235194555,266.223603386436,2558.3852652590153,0.10587000732176108
100.33578600851448,76.76797055915532,206.26956349233075,7.302629519311436,30.54406072110828,0.05715723621951868,4180.401630342981,65.25727932552182,79.23188058622148,48.91081540172858,5.487015409796176,200.2006832616056,3938.972088558357,0.11396287893011106
118.90526884820815,99.75862359536171,175.6512256964134,7.445746704727772,36.06049703407365,0.15494216594797422,1499.6382695501711,58.21036530937549,107.18425712338467,84.28688811859469,3.047463048454112,172.28059761040348,1413.4735173311171,0.22226875293898338
66.97007191193981,134.86073189284343,124.45752652674071,7.00969007674528,37.891445373053216,0.36944665093195345,1043.9800033743934,30.060506845758983,66.04663414030786,133.64179403428926,0.2400938206243022,124.19197220755568,983.2229299463702,0.019389099425458963
31.562765257176743,54.801108985050035,204.29075790376112,8.343218214123599,28.237222768815474,0.14494776993908842,1345.0246606188757,47.80540675014982,28.99578818951914,51.412699255742,0.66741403759098,203.5525686413047,1266.8946660435122,0.06075503974337782
89.05624214809957,61.086562254726665,129.50091638413795,7.736905354825772,35.554070731709686,0.3510761200888449,4014.6769547601,63.744654894894886,59.31492111487564,21.828018490871095,7.7327434686382155,120.94816220701227,3783.8304531026224,0.10338245965267669
30.36225351274215,31.509709514146326,150.44429901486217,7.612718820067906,28.93491320440011,0.3324529698555652,1717.4444403905568,89.20002786151481,24.69606745998199,24.030343924502915,1.4732083737176411,148.81486579711844,1617.9364219621386,0.11921418240310516
87.67581470033112,131.35140444705237,257.2937934374341,7.522682061438128,30.048903146105914,0.042764292725707975,3293.971457139358,82.80759433482537,60.267429045044246,95.17233538207374,7.126180270374576,249.41192481970663,3104.8872981916033,0.3200064120880318
72.61602208424709,149.05658628386854,121.6264801369405,7.920751894846937,34.631016239365806,0.45540454770065764,3165.559492145682,94.60204953798298,53.32363736072572,123.59063844882034,5.0160200281155625,116.07854150144783,2983.093661635989,0.07352741196922459
96.03446825786484,80.31195816996542,277.2262419346822,7.489903357365406,31.35227723397325,0.11952676658444517,4177.005006122843,34.06130763549021,65.03616609433924,39.39419931411166,8.059558562516651,268.31201589822837,3936.8304685498138,0.16589244141727602
27.100941311920906,115.24539152868404,82.57058667933015,7.094520178849941,35.952485856625195,0.3696189437495348,2231.8016398642753,40.93609446831035,23.73816623553998,110.80652842786121,0.8743215198590396,81.60354864665086,2102.064619012948,0.0
108.16644772666152,69.5370173172517,82.77040180079004,7.1392613220139785,31.053074319263803,0.4789257985765002,3098.5186508506795,94.4216405920695,104.58883107182064,64.81456333286178,0.9301803302586272,81.74158146847653,2918.281878591042,0.025914647533669066
22.967193750386198,105.91648617156487,173.30392844126357,7.4374981796780215,32.63990363555265,0.3707150710278972,4905.714778993923,22.275995665815174,2.5110705690945223,78.91440357225981,5.3185920271358365,167.42133187498635,4621.935018816637,0.0
90.02622687420443,87.2652779446054,113.42750422026,7.069603578922237,34.171721946592896,0.23232174457106308,1197.37893775047,23.163591861934208,87.86431412446048,84.41155311494346,0.5620973149334204,112.80579988236936,1127.8122409920813,0.06271724323987982
70.3338020429208,136.4345173486581,196.23742161593384,7.011904955168592,31.41381870721503,0.09921590032796185,526.2513794243289,71.94568105685661,69.5149100791495,135.35357995648,0.21291191058053652,196.0019316840665,495.66259750168257,0.019312184942046336
101.11683518098884,63.02008852532762,261.3986365308834,7.245604863189304,39.59102019714291,0.39205794355689655,3121.4880710490825,73.93755973388156,95.57954647286695,55.71086743060667,1.4396950641117,259.80627050667624,2940.1217268769324,0.03753919931315951
60.38019786852354,47.261257350022284,130.97964261701662,7.0971468515482465,31.7077720482462,0.1432312017506504,3778.5227540876945,75.35777774827812,52.51810784615365,36.883298520494016,2.044143405816175,128.71873015772655,3559.104874889145,0.053534641850974916
119.62602671146131,113.51749743560993,242.32622004932068,7.581280541528256,29.705226977431135,0.3645599025190694,1276.0925986854381,78.48279009547922,114.95590913462522,107.35294223418627,1.21423056997738,240.98322766615337,1202.2054899544378,0.12326343950168853
52.93440267843116,30.665840470627728,177.14522263853954,7.73406953038511,34.19169454104298,0.09799864026722738,1325.942236191195,89.0446882131308,35.28702299446274,7.371299287789417,4.588318717831789,172.07034045227826,1250.5353398730665,0.11190810027211255
87.57787248426511,65.82566321775508,229.2905699727049,7.663312393694092,25.835579528706102,0.4974476942035935,4804.872971217679,42.051846567651204,82.51212044821531,59.138870530169335,1.317095529372949,227.83380442290934,4525.328299902313,0.027426398055874553
111.22361118486786,147.70720012865746,207.585558914131,7.486754663241792,34.088666450090855,0.48272457123568147,2539.6318242230245,45.03134822734221,99.90067787144143,132.76092815493456,2.9439626614908674,204.32940680556993,2392.8011911706967,0.21060296208455473
80.0241702928839,119.19023051883418,214.99043498809942,7.87111475897855,37.86883290046733,0.16729656359219003,2592.847485893475,45.905623377400985,55.32877636217011,86.59231053029194,6.420802421985593,207.8887452763099,2444.34343269258,0.3714348432917418
93.95014736684645,132.26590817980968,221.49390586206837,8.336098653108364,38.99857403409189,0.36082466293680643,3239.5055931929887,46.495419087364525,86.7723780266677,122.7912526507737,1.8662200284464725,219.42978447895706,3051.4350311340713,0.09792480396388258
78.56092701835811,120.85306562654932,103.14064746458749,7.510358646766526,25.86548308890969,0.1853203723176674,3744.620709270213,31.41713539095975,72.65053082004198,113.051342644772,1.5367030115621918,101.44098638641462,3526.9705515568435,0.0618402430245665
99.28679440122005,157.02261728737955,120.26907152892913,7.203971999016852,28.712515772839634,0.2567105689790195,2834.6448300364227,26.99576395177771,95.38682556131737,151.87465841870795,1.0139918983747016,119.14755191825425,2669.82424243938,0.05196789303358886
56.18849472156601,78.88501760843931,194.1304140120647,8.110371727189495,28.6753912036206,0.28002876868551696,1593.6734945877108,56.97223125275527,51.58095696012238,72.8030677633337,1.197959817975348,192.80541779580952,1501.2672574265637,0.12897403031331725
41.84103793639615,120.98684370524455,137.88864977630857,7.70029906261695,32.872950204947436,0.156562281938892,1448.3901228830493,20.477529379621693,26.870652733378016,101.22593523726064,3.892300152784711,133.58359471721207,1365.5598373911862,0.0
58.814669593198126,73.61772600789524,108.72483570272297,7.877133728458399,30.104806545746296,0.28591364847063777,2685.167133549646,84.29696125980973,44.81610832277776,55.13962513094036,3.6396259303092955,104.69924944024348,2530.138775423439,0.23336122796788003
89.40427618785502,110.62941841739148,128.26428897374313,8.368952761670982,29.075479576451393,0.21138629424419558,3950.779393425667,45.8943789022088,82.14295957977897,101.04448049473105,1.8879423180997792,126.1761417834492,3721.2561512457773,0.08166556195679658
56.77135175311557,142.77283803848638,139.92028676614913,7.029853974830899,32.54705658276124,0.42527638062012074,2307.5540827681134,65.84230786595435,54.6246967176952,139.9392533917314,0.5581303092093012,139.3029701109633,2173.271375047387,0.002684489417170096
94.49341833344936,34.92537758679448,161.3626706681407,7.876090140611257,28.132015855947174,0.06234487823552265,2652.62459171965,48.66044069868293,78.53783306515486,13.864005032645762,4.148452169756565,156.77430021884396,2499.7021530428583,0.04060803997198408
38.33817879531037,94.80595962435365,245.07889864752235,8.227326966031686,26.39560453929784,0.19642231712538177,527.278628330259,87.32467301216901,37.626390110669824,93.86639856062816,0.18506505800653886,244.87420855863928,496.61852332722697,0.0035632528711335926
67.2023108997956,61.407106892975875,102.1430253701528,7.491008612170704,32.37416424322869,0.07608063084064043,4920.60349044969,96.19867195073252,20.681775374813874,0.0,12.09533923649525,88.76504851132592,4638.737980702812,0.022501458255355912
23.40440876338186,72.39897110773232,163.4288524091744,7.632440967086267,27.373065842944325,0.16542529672312556,2235.0619876400833,24.764174162878405,16.21924546308503,62.9145555513405,1.8681424580771744,161.36260473438898,2105.543253095614,0.0
60.87434299304885,132.90567185979785,230.67747935994709,7.383607916347977,31.78708961560975,0.104931905593044,1480.6354206995402,66.90184906849268,51.25451095105487,120.20749356436585,2.5011563309184335,227.9110905170137,1395.3538973453087,0.07074225769320382
67.53196337170498,35.28549551963599,143.0494104266112,7.516616425172634,33.58293266557586,0.4570754585814655,2008.0956273209174,44.299989504032155,58.08610790980601,22.816966309929306,2.455922420093738,140.33305227735366,1892.0487477413578,0.06853423022564023
60.18034268059576,115.49049464159216,175.39300061668393,7.194460698374426,38.47130049415012,0.3293898915378845,3811.5689177823524,48.32711650215413,52.65398586223899,105.5557036413612,1.9568527727727603,173.2286354344908,3590.1888523792963,0.04565586962199245
104.55101664921342,109.35215372546143,112.47556857838384,8.184006647740395,31.314105562274623,0.2655777733195683,4554.102429258372,65.04625999935973,84.82020771116083,83.307485927232,5.130010323893669,106.80155166519819,4290.742433502591,0.15403796438201586
109.29881871689832,97.5019145408505,112.7152175999613,7.838054526495096,32.079215967673186,0.40170999875499314,4549.7994321074875,53.301653565509625,82.69202189352585,62.380942733998836,6.917767174076846,105.06386302775434,4287.424845080492,0.16066830967382786
114.41083838976539,138.9438092733236,142.79823408542146,7.766009397753356,36.89251552321813,0.4502177722121941,3760.742432910734,27.947024020969174,91.86139460328859,109.17854347517431,5.86285538448396,136.31365832225322,3543.9301531245524,0.2571001556670822
35.36873070516042,60.3088978969456,180.00404088501838,7.155590151534242,28.46738504107424,0.4831176118891132,3871.6143559921393,79.56647037505553,32.63700435536209,56.703019115211774,0.7102488509475681,179.2184744361406,3646.2218798912745,0.023321181431796924
91.03875908526952,132.46589351688652,234.13259943856934,8.46900708229693,35.72588035790328,0.192523471907256,4047.1804935951627,53.457729004460155,80.46083198681711,118.50302974692937,2.7502610455976253,231.09068983154296,3812.392167544892,0.11014609098246182
33.746928917784196,73.64647405606088,84.34056093374676,8.074782816221038,32.40785528065605,0.3678436016674206,1813.2174933022347,39.099554985252055,24.62235545829859,61.60203708953985,2.3723890994662575,81.71659430889757,1708.4961452943571,0.02802200103377299
87.58618454386014,70.60298174396058,120.58595800940157,7.0235480974748015,27.37307154163564,0.42473944952433695,2258.6868871189135,64.99374586733944,86.86766532617742,69.65453637661946,0.18681499659750042,120.37933241151653,2127.100171257443,0.009235437961900439
25.537405120253315,140.04452452394605,228.143036952736,7.0580205980008275,39.013830785903664,0.45097523058899697,4038.3159424702735,75.21147066771664,22.20858860133451,135.65048671897318,0.8654922949188878,227.18576443093835,3803.269878158433,0.0
57.21739914376562,119.56657794106253,234.07047953449515,7.839034247600203,39.62337322062393,0.22170249241118634,1510.1776740371592,59.07439087298732,47.496505285198296,106.73499804775365,2.527432403227505,231.27502820059573,1423.1848675124036,0.09301627714067076
95.33823207168598,72.57371243032966,278.2309879299395,7.289014654854442,34.398942337045035,0.4224270564466939,4327.5891896258,97.44535665651381,82.5673485956012,55.71614624189772,3.3204297037820503,274.5584467246025,4076.6895428597877,0.0724600173395812
93.03577254158368,46.71069470443178,246.75482298680004,7.252796435516033,35.83983030148677,0.2270339296365897,1180.2337362518065,62.361176076440394,88.57836516563188,40.8269169681754,1.1589259177474707,245.4729999799728,1111.9117082740572,0.06344832787226708
52.538210118590506,72.22427464656403,187.61121434968527,7.852128202187268,33.35656368287173,0.41575121975433016,3299.881360950699,73.38221106743461,31.622879600990178,44.61603836333157,5.437985934576085,181.5965628736954,3109.7589444353525,0.28455568795924585
115.45300555675135,38.17983694690926,209.76067338055233,7.371538942492285,30.634845147686725,0.1824921277664196,3730.5895729942163,47.58576847254625,99.89638143537651,17.645093106694446,4.044722271557462,205.28703275821982,3514.7877755240056,0.02779805968381853
103.83454072284347,80.86259961958339,191.7390512524898,7.400463232498625,30.97459146242595,0.25954826767926703,4700.625678532507,88.28736607579272,85.02555573594623,56.03473943687903,4.890336096593282,186.3301245698291,4428.626046643415,0.09610007150888468
63.276763230676494,158.80334500823167,140.03196828229596,8.244215398944275,37.94193764307241,0.0392326060944157,3406.768258816123,47.3562622331835,36.23213697337733,123.10443834859674,7.0316028268977835,132.25470647430404,3211.070043904256,0.0
75.95439103329136,58.63860314569354,160.92813043276436,8.191768449872812,26.006453621620985,0.24354903172050735,2351.4356614130256,65.10798410582495,73.23685967121972,55.05146174775892,0.706558154138635,160.14664605678567,2214.6559966069385,0.03155708627962988
119.55877045614386,86.11830952773494,224.40891612248177,7.473546077216562,30.368627294613052,0.23263390914229226,3758.3673276460454,72.9292282786426,102.55678097485774,63.67568341243731,4.420517265134388,219.51962971879192,3541.100822519384,0.10209371370378689
107.91249701329866,91.43678180515393,228.5269654207772,8.036426517846822,31.67648120812424,0.4001175309497765,2600.703384417408,51.312819263955035,95.67355277466012,75.28137541015101,3.1821255020460244,225.00739474186582,2450.4106230967914,0.13412871925337722
82.10684324942812,71.41942172858307,99.36428042949444,8.269132823810537,31.98172915339019,0.11913998912720886,3920.7368123000356,43.146877090292755,60.62181323433951,43.05918210866608,5.586107803923043,93.18579965515535,3694.4843630670644,0.14265424186546483
98.34415086430468,128.86054977487788,240.56199461082542,7.436074140005284,26.804571086755452,0.4078551814592609,3076.074105984281,53.17493918948684,94.67605594867435,124.01866448624584,0.9537046780638855,239.50715531580198,2897.1553391914845,0.056334231709696175
104.83422154067037,102.43164458485126,224.88161684890304,7.619882686290728,37.326880404824124,0.35871339429829385,1756.8727920689905,26.539660791544,94.13140572965966,88.30392771431714,2.7827321108627885,221.80379281639375,1655.604532018035,0.20658648935043786
61.66692928856632,46.930064739623425,118.36296601362011,8.073376813682808,36.840052675352496,0.13861531092525414,2634.928370596275,78.81641290223875,37.902533791091564,15.56106268295676,6.178742829343437,111.52900485127486,2483.8716351968674,0.14182341936584184
48.90953278613454,64.89367660228854,263.7295793063031,8.015610772793897,37.333260254330035,0.1281456021046175,1432.3653634372913,32.090962081187826,34.84679219124894,46.33085901703952,3.656312554670258,259.6855369038024,1350.3722279058497,0.4693196313982132
118.85185520181358,108.8093844658441,232.71399342195562,7.310910657294912,39.127170651168775,0.3876685615062259,1814.4806559961842,74.12361408122202,114.4818180176554,103.04093538275531,1.1362096678811275,231.457295585997,1709.177745931616,0.07820759997795813
87.4819455724041,94.82419024121434,147.54124407673396,7.886577902280469,32.552323674779664,0.16302260277172487,3939.269946263695,21.662583573145476,48.18990970695344,42.95870289881945,10.21592932501717,136.2419771914265,3713.839481192537,0.3263725703190484
58.075097367877575,125.13888845938446,174.86355579066824,7.7341954356544385,34.84572192162889,0.2592882757441445,2181.010960287015,73.52264446487096,38.506028269272186,99.30771724922533,5.0879579656374005,169.23605063416923,2055.966019032518,0.02645189793726643
113.47005217576515,36.937585987296444,83.89126551347921,8.094288455191732,32.721727023442135,0.43026751857929396,1382.9936989362586,93.92748603472718,107.1960426758637,28.655893447426504,1.6312424699743822,82.08703963872185,1303.0464489475387,0.04452047231277371
95.71345716913169,148.74161130162616,288.3914831399205,7.034708404886764,35.192735878817906,0.4213464347325828,4100.5198308980725,21.525550827115723,91.26859769566379,142.8743967966486,1.1556634631016518,287.11326855133615,3861.9670134569496,0.042008361631598344
76.70104058947038,46.69332875151997,198.3939301663366,7.214919786605375,26.87935402781458,0.4645655929501945,2868.562130716871,50.461579418808434,75.05102820589525,44.51531240520082,0.4290032197295292,197.91943374803137,2701.5240562177764,0.012418645864131602
103.8170454251197,156.9130907423477,142.49242577778418,8.063693925804365,36.98342447534094,0.2287016454583624,3708.858631862564,97.01439741529947,76.77381531777962,121.21602700065877,7.0312398279084185,134.71556546263054,3495.550856975397,0.27971795495342267
71.47289645137198,148.16340481939383,171.52427065360598,7.33452851200001,26.460033958647294,0.3890304182801707,2549.2001919369873,46.90145857139511,69.32742230532416,145.3313789466106,0.5578232779724319,170.90729358846397,2400.831312073501,0.01654908568581503
38.69104878629295,156.2735342863319,253.66100892946923,7.783383410987825,28.821739384403696,0.0669225733719645,3329.2784486785927,52.545364587072854,14.623591642707664,124.50449085679931,6.2575388573321735,246.73989589660678,3137.779046139565,0.0
34.21619516274099,90.9836771627315,139.0766313308599,7.9447191697269135,34.00482810108065,0.31385135128342156,3675.00499017147,96.12421687919648,7.303665638270651,55.45913819043066,6.997257676362289,131.3373567690372,3463.656071938539,0.0
62.50667730306942,68.70994042620678,290.0119399585054,8.032828789263636,33.201520192598984,0.35734647522735735,3496.0018507824902,85.83339048471427,41.84892469852594,41.44170698820938,5.371015677181303,284.0713605309418,3294.4196704410488,0.21412984161277418
41.08301145925428,32.37244208415036,292.4149607576695,8.216464173685056,25.78110088521945,0.13552146531315562,4153.328633411523,69.54102018218987,35.671422949801894,25.229145251673195,1.4070130124576221,290.8587425191655,3911.800748482424,0.0340846750860083
43.29293050978474,127.91338297299278,217.86724254072095,8.491949963112686,28.646862523503152,0.26327891415946625,1150.054405877269,61.38126876978688,42.257630153119834,126.54678650219508,0.2691780927328746,217.56951973815438,1083.1259894172301,0.0
24.801529976902174,133.35069985390157,256.77549682736856,7.7436801086414,32.153505494414865,0.194380402025003,4090.3332050393383,77.76835577374008,0.0,100.61268028439069,6.448397793994564,249.64328542115376,3854.524786609532,0.0
52.34160288094019,108.83098991421318,235.30589171196044,8.33909329928304,25.502946222094838,0.05899473069379185,1040.3212252515714,34.940616058916866,51.22680956019603,107.35946273083093,0.2898462633934813,234.98530900415216,979.7978732062265,0.020734025913319527
45.82543093948165,82.41196007821969,257.04882165553533,7.051438511598218,26.68919015943253,0.1733711051962512,3647.9833850048135,51.03467492249738,44.049809365272075,80.06813960026305,0.461661609294491,256.53820362283756,3435.5246705286654,0.01456428447571364
72.8600857842531,138.28544683798623,212.94438541171888,8.247989465292033,25.484859024477544,0.19099115591481575,3314.393574391954,91.39045960261615,69.7543560566491,134.18588359754898,0.8074897291770412,212.05126627719505,3121.5225968562463,0.024273729989278525
66.88695297059228,79.3465013019414,134.6000234289683,8.019204278234945,36.12578944557163,0.03888142267116618,3526.780465799521,56.04008181776342,15.738206301331626,11.830155698517332,13.298674134007767,119.89110527965097,3326.660674683376,0.427900699676199
89.53950974254643,40.79009431233232,230.74822682733773,7.012953862776015,35.72874535646959,0.2436650811581933,1440.697213259144,87.97206912492099,87.60907803508029,38.241924458477015,0.5019122439411929,230.19308982346215,1356.9222650614456,0.021316544646376834
53.435471049126534,47.32984153243561,116.07684188166738,7.161460594499472,28.417736654981816,0.3558959858629382,1827.3728494067059,74.01429383063396,51.82963101292853,45.210132684654226,0.41751840941148,115.61504816840075,1721.0231091498272,0.02796754843127667
26.529956150234128,117.88072773080471,219.47680443829302,7.7457312153296565,35.29319789900855,0.20644409244089257,4340.674026097955,47.295281262653155,0.0,82.86118561249565,6.897788599060873,211.84754704823283,4090.4487668143615,0.0
111.79475294882741,25.509746019393866,132.26013204919872,7.998180042979138,29.003714830100918,0.019164137934133296,3302.8538218745425,84.68226855225402,92.46918778261993,0.0,5.024646943213944,126.7026516664022,3112.3715585778054,0.0
43.17589672757482,155.13573194199026,169.82213493487825,8.486134709861531,39.3192706048471,0.08892453033973646,2875.8880078123425,39.28230539351168,36.60643530002831,146.46404285762878,1.7080599711620912,167.93294552721375,2708.9484641032213,0.0
117.16637535044784,103.75232007682621,208.1953239493308,7.965069966762213,28.39024997112282,0.2799881322337728,2973.2780891808907,73.43091455376445,107.19449279520913,90.58943510391101,2.5926894643620764,205.32769543737427,2801.024984845857,0.10242505716974727
99.8622441979387,29.226060105110236,189.40382649101508,7.959917521951599,36.82685439681941,0.4087727956240723,4139.032812094181,56.56751132299235,77.72128957285517,0.0,5.756648202521712,183.0367205395446,3900.1200283517237,0.0
41.568379744515724,65.72008488084735,85.32906035575142,7.427846802947221,32.054406691230554,0.43421848466283613,2089.309587377701,48.38509335583218,34.11127958836987,55.876712674734826,1.9388460405979229,83.18461141084838,1968.3161345490273,0.1308251917171842
95.32011418236375,108.73207357217674,248.68310660893474,7.9837248814636155,38.98408923792222,0.38497978262801935,3130.5484940425276,81.34748888920781,80.61164882668135,89.316899302676,3.8242009924774205,244.45337221450782,2949.6338095293527,0.18821599305534073
40.024215285432334,136.0583368396111,289.191183165605,7.904979021560295,30.031932576428915,0.05190201259885052,3621.5724228023987,95.30788952610881,5.196345510035733,90.08554873608765,9.05524614160311,279.1756829001946,3414.1834967066357,0.0
42.848749385306206,40.61323936861545,119.11528598905241,8.143373610037575,25.61917082711525,0.03185193624236421,2531.2023506203195,31.268086937151985,37.479545232505885,33.52588988691903,1.3959930797280848,117.57125628053998,2384.22700320871,0.06972786972116282
82.21239639274853,136.97291467722243,94.20869935993208,7.817197525418483,34.98540616234819,0.47242460325963065,4526.96608755715,55.90485486143414,54.017053426075485,99.75506196121401,7.330789171334998,86.1005243039445,4266.092212923692,0.18054483118374332
78.82231380216443,123.10993978123811,271.776312318162,8.27678412919341,37.74809611062669,0.08170175078645325,3774.0197624875336,73.19806822688922,55.10361841359472,91.80126186832604,6.166860801028132,264.95549320142067,3556.558413375599,0.22245157520495792
45.86661071788243,111.56825312587922,263.2173238389338,7.1389204144823815,32.95217196408044,0.2727664877134411,3100.808879795322,28.624183427653715,39.44617010651831,103.09327151887858,1.6693145589546718,261.37098856026563,2920.7423178559816,0.0025011324499398103
35.69160594934411,94.45126090531677,255.62769976770747,7.6945059334587125,38.4932947074435,0.389304976519025,1267.847107556157,75.09501703522467,28.93099710439274,85.52725722998098,1.7577582996873566,253.68354182415217,1194.66397518471,0.0
77.5627211748903,145.13314243427413,191.47084163064693,7.134559409718764,25.07773737389672,0.24682648278219943,4551.199997385631,96.49122870546678,76.06692062505701,143.1586857084942,0.3889081429566569,191.0406921296735,4286.061043827188,0.008996598479613677
26.392695391499224,109.85186563687367,165.0553690679805,8.112431976760677,28.074270481301628,0.055486781694129406,4825.8984666136375,29.013327148373644,4.720602954552621,81.24470362010413,5.634744033606117,158.82309448575572,4546.901647730612,0.0
79.20251618903137,52.46342934493642,293.82848312942735,8.006858794079537,36.90708741172407,0.39246932678878244,1036.55156168254,50.99954424649626,73.2675615402665,44.629289208566824,1.5430882086788553,292.12175974257565,976.7629163364494,0.12414971882305026
106.85515439315704,92.92367511396249,206.55704078252978,7.02302741418518,26.536466917582374,0.04165152928519511,4230.326269447534,77.1657944315388,104.19692830471794,89.41481667722294,0.6911387829941488,205.79261090881155,3984.0158914259982,0.019477191353057182
24.676140259576513,149.24872083741343,190.78546789469624,7.348308370158088,36.314031772200835,0.23278603950196042,986.1750143234135,92.64800211175003,19.86686771885989,142.90048108366747,1.2504108605863191,189.4024585197731,929.2026504753992,0.0
29.293311834299868,143.2361285588395,93.68091179417381,7.555590266850923,39.08271418829426,0.35517792113736796,4838.131275884964,86.52617155839454,8.040503948552448,115.18242214965288,5.525730050294329,87.56921146931529,4558.376875100715,0.0
90.99820615295225,41.39310251864191,218.6070906864333,7.080024503331139,32.0368705773953,0.4381170653736383,843.4715497113921,53.06129092540991,90.08398891630213,40.18633576626369,0.23769648152904047,218.34418792966522,794.4015390811904,0.013980845037547837
95.88179279757144,154.10558238126808,256.6940453529643,8.003070443653977,35.48752629937118,0.40923570766375433,2819.4566159450956,67.65206667624719,78.86790078981504,131.64724493102972,4.4236119220166605,251.80133612273374,2656.922419759768,0.21176091712849443
96.25465219432805,130.24570407006888,228.83690796878332,8.230332713081422,32.926016838674684,0.4418509798248142,769.6363918373443,73.93898073296239,93.66297321984662,126.82468782375341,0.673836533365167,228.09161514369313,725.0495983817414,0.11322228766230762
41.77533861460451,118.03323523192574,180.20128645284203,7.336190879825008,38.04988888091687,0.005765907977240581,3219.4646346245436,57.760539025427214,14.311515261455485,81.78098840576908,7.140594071818747,172.30347553714353,3034.729299056692,0.0
43.633117632751706,137.79558085779647,210.02507011250805,7.114623648839066,29.91725266774594,0.34719102931536977,1170.3915871723555,51.71736557262901,42.405642235570596,136.17531333351738,0.31914360326708996,209.67208325900435,1102.2982061011176,0.0
70.3635414291654,108.15219399624004,159.1942208083028,8.173625766744571,39.18428645887246,0.3640676387033891,2365.878317723568,25.365999847043508,62.36233133556568,97.59059667268843,2.0803146243359243,156.89330139138613,2228.8212481863375,0.13165985510466852
108.28203502858652,115.17044070847727,271.2425925907892,7.890960614924641,28.321995532569485,0.46725696425807617,1456.5211792119255,70.4317460178684,104.61890645185993,110.33511098719819,0.9524134299489131,270.18918147293914,1372.0089358948833,0.09567699115365799
114.76094315458273,110.86473488755372,256.99322752598675,8.397441259426435,37.13692182677171,0.16858324237121286,622.0566555747041,23.063261840851013,112.63911012017861,108.06391528214029,0.5516765889450755,256.3830489690932,586.0223901516536,0.06915747326652368
101.83492769958826,71.77673879285051,271.77981867806284,7.569741685964021,37.51857934392399,0.39966220980980816,3142.2437837389703,28.0942091003877,85.47295449848487,50.17893416739406,4.254113032286878,267.0745826703741,2960.823994750135,0.11156055613033641
90.16331555133154,90.13074288534116,156.03561166041774,7.236360916761735,33.13542692147264,0.21963735378879518,2117.5708218423797,59.52058500880409,82.85261275367462,80.48061519243402,1.9007827273907967,153.93326241303436,1994.914334183479,0.12135421838176276
82.15247494361387,134.7002462283991,138.85604486889122,8.358936187668183,25.628665299850205,0.32963674894477035,3828.5635987479377,77.46571812967865,80.1787735647796,132.0949604083379,0.51316235849691,138.28846474380643,3605.599656679341,0.018472073901724884
44.218927230416114,130.58931135943948,260.41049096249355,7.559902878079818,39.62748965414923,0.30342779853440355,577.0902917733514,46.65491457974046,41.61410269596477,127.15094297396371,0.6772543789573517,259.66141784994323,543.7288082843314,0.0
118.87977922950859,103.02803219992846,191.88841936466554,7.677485438287891,28.083084768619287,0.25315752226692945,1882.2051139191155,21.55871480804384,112.48528584595188,94.58730093363364,1.6625682797247388,190.04954576736571,1773.1706921573275,0.10314831572490789
71.8287734770391,65.09277966088118,96.47325291067602,7.427136551181668,26.348623259569273,0.37795254920167715,4967.934638417048,43.95692448282642,66.62645529289917,58.225719657816505,1.3526027278763737,94.97721483857974,4678.899358422746,0.03325063213268442
93.13610813692551,134.7353571871938,153.2954843826642,7.635858095576242,30.332834919665082,0.31460801631187285,4591.886366174087,88.73950677304204,70.86618214952671,105.33905488382743,5.790180756723682,146.891289952288,4326.595134145437,0.20224620564762108
75.53525230236372,156.01505020512658,203.48121996902762,7.604367523983479,31.088752267193513,0.21969262972335812,4080.8541341852115,68.44901300290303,48.904062230732656,120.8618793105735,6.924109418624087,195.82285059557142,3845.817932873014,0.04446500653355952
72.47444939748252,109.11234537810778,183.44638423590683,7.440343817681324,25.96637604446816,0.4806566754721769,1704.3183946628633,60.68762746218149,71.10496902274512,107.30463128345437,0.35606489743172987,183.0525608081431,1605.1164989637734,0.03285635897243862
79.23630418497794,90.36178386252658,219.0760110521697,7.40177927742163,37.63608683663196,0.2768341525704992,2154.5817708991162,40.387803895027794,69.20547846261799,77.12109390901149,2.608014687813584,216.1914321694396,2030.0584440586274,0.18789608032920513
55.09358405944298,145.32637623642466,194.75502685431036,8.220932400850648,38.63696077820471,0.29765393520598565,2709.474909041549,78.19239532569873,45.044806429911276,132.06198976544277,2.6126821836782446,191.86528551598934,2552.6076405612553,0.0
53.6524825090445,65.84752659906184,297.8182584649568,8.276418140858105,25.00161795720089,0.1473839141364925,4281.675469633088,83.33859553578398,50.23093635123544,61.331085670753886,0.889602001030357,296.8343195484324,4032.453390614209,0.03548808585916969
119.347052425547,150.76628548742224,163.97465218810248,7.07597481468825,25.099416058182204,0.07194525246792133,4207.857568012319,89.0122419290883,117.56562397927287,148.41479993834045,0.46317139603126906,163.46236426490964,3962.7632627322664,0.019245584825994724
113.98137650750027,104.62194025903378,237.98720357693009,7.940619885163779,31.444452758080097,0.14045007181638752,2697.7780597389296,40.65306299956535,89.70164821006723,72.57269890642219,6.312729357332589,231.00504742511114,2543.112993631749,0.2643052608151466
88.84494008860581,56.50059531752214,218.29807754673394,8.403293921728322,35.527161140165305,0.24873542354438988,3381.791430739428,84.58182935373681,78.81634217778375,43.26284607523704,2.6074354568137297,215.41413931895048,3185.731294778493,0.0594404337267559
104.31224267376302,113.08020699423741,148.76800115106226,7.048724370313773,29.098672352480104,0.31538782907160534,3147.000627750238,27.145181525929072,102.12171736476508,110.18871358636008,0.5695365803394642,148.13806865863182,2963.789550523776,0.027096235659758824
100.00727012273143,146.30333628493665,163.04002999898512,7.004761842648004,28.89070912804992,0.13808536252576714,1798.8948310105432,37.22663451814525,98.53778281851689,144.3636130433735,0.38206669909577823,162.61744743564464,1694.1905658010871,0.03459434088462986
75.99832893045837,132.81579972140366,111.30284506689515,7.373865115456942,28.588309242430643,0.011330602660502676,3805.3899128075873,52.01579462373282,57.193030561235176,107.99280587402902,4.889377575998035,105.89497855014568,3585.575020033177,0.13536337582165958
77.92457009168538,151.39599348583948,272.0073789204364,7.172466159190972,30.391737786031484,0.3246864140257323,4457.630300197946,73.00912001124868,71.11273442925479,142.40437041143105,1.7710772722319572,270.0484896077973,4198.513660981438,0.035282082042002005
43.76242738456362,106.20584591164312,280.2920692166033,7.213264204656291,30.310714522015235,0.29913385008318544,1121.629120552792,39.632807125252434,41.70344623149069,103.48799078958683,0.5353350997989633,279.6999650650124,1056.467038381103,0.010691619377782279
47.97815431129058,75.35941849420489,255.99518995032392,7.471388503808534,26.65228018976585,0.14626888224791973,4413.549227069908,95.3605575747684,38.58550987163068,62.96112783385384,2.4420875543115734,253.29413377074744,4157.2778734453705,0.07831415816737414
77.15181974758197,25.680688601577152,211.5003260603739,7.744989642015608,34.08979631787288,0.04509906912315592,1837.928482255489,70.89970096852517,57.69675262517503,0.0,5.058317451825803,205.9056046150303,1732.848725742553,0.0
32.271080513134436,150.11477229104986,240.68531906563135,7.39463965157965,29.810262312663813,0.2130080754060727,4086.762970805679,85.07974055084932,17.96210997756653,131.22693118410012,3.7203323392476566,236.57046796733167,3850.0658297925565,0.0
46.51495779872847,110.3895300504609,194.2197964465513,7.361167716036482,30.814582023713406,0.3646656011391445,3670.552953149709,24.771858947154016,36.0563027050995,96.58410532687068,2.7192503243435313,191.2121860603405,3457.7062604984344,0.0
36.44371164604728,33.898702985676756,151.4808755173279,7.392366828963335,33.68386554776214,0.29099341549381474,510.76429646633073,45.88298401480707,33.982123070890424,30.649406066469695,0.640013029540783,150.77299297421496,481.25378591422077,0.07706136193119557
73.66916678280948,57.576132714144414,171.82231899398212,7.460236650984844,29.035083525696223,0.008810844114883587,2059.3925307145573,69.2718713130337,59.609006561350895,39.01672122181906,3.6556416575792334,167.77901863315412,1940.8484312305502,0.16377594767826517
107.46299967884116,148.22413869039605,203.89661633670084,7.250033033988513,25.516056925920495,0.37438157507245945,3484.2369775140405,91.38590695914334,105.82251412395436,146.05869775794554,0.4265262442705667,203.42485956213125,3281.3089391482376,0.02137031845686688
98.39980399545044,32.65602453506959,104.04091629936882,7.793134431172536,32.25231786208696,0.30361981668540994,4507.525999849357,61.69971166512859,73.66039146888255,0.0,6.432247256907645,96.9265680970858,4247.398846092277,0.0
117.53303191011808,72.1756148240717,88.69252322385957,8.415765030144724,35.871081387574705,0.13744710690662482,3076.8171358327563,64.97129698637521,106.02984724912749,56.991411071564094,2.9908280118575608,85.38453597777753,2898.692120270981,0.0730554269855471
33.93709111508045,95.47776227774006,243.9963572170766,7.6337659870508325,30.254874203059238,0.08259651918950567,4049.1307540405032,60.83158252055898,0.45149367231006854,51.27677365328314,8.7062553351203,234.36685612389144,3816.6732872032485,0.0
71.2457412690392,153.91647946735037,190.49195807090547,7.574371658805369,36.29707778295173,0.40203421990688987,1588.3070217994084,38.67810565237582,62.118396945873215,141.86838496077124,2.3731095240231586,187.8671946248293,1496.6964876819727,0.07486947323833465
29.125286708754633,111.20514925422165,206.6311281341618,7.357128069077695,39.15223530141485,0.3506648793102429,2565.8278230291353,82.57178233742701,21.724820323306744,101.43653362543041,1.9241212602164497,204.5029654436038,2417.051087890013,0.0
67.201998684259,31.45856306720351,192.8023800216776,7.777526759127343,35.81254438461055,0.4949600798642238,851.3208622495931,40.82985466323044,62.211195987918266,24.87070350803376,1.2976087010485884,191.3671677605728,802.2288173745661,0.06930593819772232
90.51192006071457,46.34338973221748,148.62062501220896,7.977465996861335,37.582549186580316,0.23548038223222933,3649.7628039173105,30.103761572141458,63.06429912152419,10.112530092486166,7.136381444189501,140.7274734478389,3439.942632311095,0.04858929792914333
91.0636046248656,92.44374105266078,132.19797984951404,8.06368431660001,34.0755999668103,0.2666725258831538,3150.738954592249,88.16592005197725,68.69849124832616,62.92179139562875,5.814929477900255,125.76641224566055,2969.465307914662,0.23632102030342786
74.76795314991017,41.711696950853295,190.1577636665141,8.307793976847412,25.75810639546228,0.38498239669782097,4747.58165970432,93.82038815919394,72.03606469675437,38.105604192687615,0.7102909978205127,189.37215060134227,4471.127274962485,0.011109899241905993
75.9554476605442,136.75866381914278,200.9355536767075,8.398140048906935,35.482410178084955,0.4296090489540744,2076.5642386944096,38.92145718670608,71.45246209948498,130.81472287854461,1.1707762458753976,199.64062368607716,1955.9981436582254,0.06344885805331661
82.99932051220088,26.98848530340862,213.82958703373785,7.846218260854975,25.764386635793308,0.12303744298916963,655.3381140879544,95.74545214912185,81.48611764452716,24.99105751807929,0.39343274559517166,213.39443312336255,617.2987790698776,0.016050361724965528
35.61460822598312,41.45343420053781,165.664832697085,7.234844387443896,25.954813202652726,0.470922690974194,3752.1057084973727,98.91510054706944,33.957843787086155,39.266505141193825,0.43075875411320785,165.18839458058514,3533.564791833834,0.018743110680650515
47.60738691218445,114.89971018451352,212.10057273771545,7.661569623961472,32.65279067446749,0.4523205519798195,1601.3885033636343,20.890094781316428,38.964917435568864,103.49165047538096,2.247042063920051,209.6152454439401,1508.963613725501,0.0
24.202701744436887,27.976213366211567,94.19402244823324,8.315617705126336,39.41941831435217,0.23483180198534448,1315.9132851709717,40.05770774343954,20.573437477843047,23.185584534307694,0.9436087093143986,93.15034973842563,1239.5937326389592,0.11587796973388655
57.78959789600225,112.33899629891523,87.43578421568186,7.535410423948433,34.55257143028693,0.37560601737239707,4730.524564905949,80.41277424073138,30.364184292721497,76.13745034258463,7.130607536852996,79.54901884662411,4457.702521914586,0.034989015043884165
78.45005702981163,79.41006815456254,203.14179472016266,8.021059286876083,29.347268179490957,0.3470454218444716,904.4260557968905,53.51585382065298,75.31487478979332,75.27162759773834,0.8151473824047613,202.24020588456884,852.0401625752268,0.10689714049471222
96.48140536629123,157.4799675164046,161.85414720460554,7.099088062112774,34.5965933122542,0.20435146288487743,3695.5498899870317,89.58354803993339,88.23336567317146,146.59255512148655,2.1444903202111405,159.48224664714124,3481.0099166876294,0.07881158256809581
115.19815026212271,130.4700088280512,209.270542923359,8.299375901566686,25.986122306168276,0.45872842879618153,2189.88251117272,94.56593838736494,113.93545763555939,128.80325456098757,0.32830008290646223,208.9074286008916,2062.3646808548833,0.02348925070914556
44.811478726975544,98.533455402306,263.7923121320762,7.210420009655969,31.42836361290555,0.13506637520738507,3053.7587181976364,65.95187042282157,34.88597603531744,85.43179184931729,2.580630699831105,260.9380211437465,2876.8092634870623,0.023813324792690837
30.84694487996091,65.80587784936262,86.28702768337936,7.262894823256541,29.309216692271022,0.0009997918769454328,2729.1342308738285,29.081500021687063,18.963002638556464,50.11907409070874,3.0898249827651565,82.86954543595837,2571.316980898461,0.003707016493317186
115.78307315186233,42.14726470794882,290.8224790824447,8.039538121447086,33.182566720229346,0.15361935155931317,4175.123446345414,30.486957343885443,83.85332716099198,0.0,8.301733957626283,281.64039641392736,3935.1413336759206,0.0
62.516030374900694,155.46497331600446,129.6762313933279,8.01116559103722,27.575269683511408,0.029769915258858914,4311.444143980233,49.7344726041075,39.83750925755729,125.52932544111113,5.896415490509286,123.15453667772611,4062.544086255166,0.0
50.93040010408143,28.39248977772676,269.5484004678297,8.167318280222794,35.10996998476164,0.2920702221450792,4582.801826692653,99.22624410006169,29.420938151258124,0.0,5.592460107734057,263.3628937662535,4317.949682787418,0.0
33.19031023624214,143.82938159841456,242.9165142484856,8.192963186523789,38.70013045249959,0.3823678302973879,1959.5330460825935,67.24728941353851,26.627457466997527,135.16641594301166,1.706341720003599,241.02922530212993,1846.008996743981,0.0
99.07876039301709,110.05679011727284,249.58256418671567,7.387919852868068,33.64853302684891,0.47340308981089474,4688.714153965363,88.82184544122138,82.51067051001927,88.18691147171569,4.307703369579438,244.81805491036215,4417.169477015833,0.13658643786932106
64.34565705108211,29.728198246634367,179.73879858909868,7.104810776955415,28.35720330472943,0.47316433979741596,3623.9338528724734,72.59775568283473,62.31234540955442,27.044226879817813,0.5286610267971998,179.15407625561366,3412.9045641254943,0.00894509477229749
69.94906340219855,144.71055534626487,294.2719059646178,8.182113513843982,39.88106854228589,0.18455356367528275,2377.994551540426,35.47512367218347,59.747729362007334,131.2447944132126,2.6523468504497143,291.3382937613457,2240.466254361518,0.06947655676670644
46.37843615384048,126.03246981892777,286.5184885082275,7.68294208084561,36.26204409084174,0.031255292664728096,1432.5079710795658,89.54422734989036,22.45347656180371,94.45152315743924,6.22048949392956,279.63835369983184,1351.5600866103714,0.0
36.316933879308216,145.83146273252655,159.17210724350343,7.1099693183318236,38.80641396507583,0.2869558408991432,1730.999332225295,74.79327453381602,33.814016141169695,142.52761131818366,0.6507586119160116,158.45233961395016,1630.363241614756,0.0
102.42675315165641,120.49456424141115,87.0250845059556,8.247416653587644,32.74329994573106,0.4170542892728792,1466.080387038208,39.22569945320141,97.60402203216347,114.1285591636805,1.2539100910681575,85.63820482830714,1381.1348058871897,0.13875016340990712
116.57157905894165,139.3941680000895,165.94670973381807,7.779169840795955,39.999681701052005,0.44925914063885813,2703.949564648459,85.680955509207,105.96220473052925,125.38979388658517,2.7584373253872303,162.89575680194744,2547.464280180576,0.16734113664642578
22.47614190267722,156.2766596509779,100.21636650473872,7.742286333475631,27.793444704034435,0.3597855797607794,779.531991013702,27.169338027464036,20.461614123551826,153.6174829825324,0.5237772225726028,99.63704587339879,734.3066996959344,0.0
78.10682831648177,76.43456565559526,109.93370437229125,7.167175442584702,37.68554933614392,0.4012863378053105,2769.42571954784,33.899980744669065,73.3348023798433,70.13549141923248,1.2407267435260008,108.56140605651224,2608.500053302876,0.059731490634142126
29.231517997790462,132.0340263797736,131.23876253342803,7.031486897176457,33.043443081642295,0.498338195652618,3060.75037609415,65.05904060813744,26.571364469632364,128.52262372260486,0.6916399173211014,130.47377838311635,2882.617173794806,0.0
58.84156475549597,159.62322967996099,125.44493676253046,8.031443003982137,33.47308373173488,0.3143468254820637,2497.5470326903906,62.89586745971146,42.43443568763635,137.96581931038628,4.265853557643501,120.72671521773029,2353.712763357617,0.0
101.92279620661516,89.99511323612325,118.78588797545163,7.985834241725405,31.104655786724912,0.031280626338538176,4479.860170676169,67.26696818336684,48.40323719106273,19.349295335594086,13.915085344043623,103.39519193283637,4224.437270122088,0.1871686094379114
73.68121513716576,74.95328932171947,273.9309349356661,8.069099266292591,38.48021752130011,0.18774165037386475,1119.5077524556586,35.08323458204625,66.12532538721406,64.97951485178324,1.9645313349874447,271.75807692614427,1055.0565969978388,0.24065210062181247
111.20484902902875,71.84728284361616,297.9422951017596,8.014085284215295,38.342027098383966,0.20508649100759874,2202.5349342652717,74.32035759136309,95.42857942604716,51.022606967680495,4.101830096775208,293.40549071450215,2075.830127936785,0.1396863261350665
55.11061061227069,25.320717573912606,192.3831038233029,7.615994626450594,29.167536675044996,0.30577695775372987,3673.0856796190546,35.15352594268502,41.67180780179538,7.581497864085206,3.4940887307235786,188.51848810080477,3460.4094715437586,0.02639122433136525
95.71709162826558,92.18251786205967,183.47366440490407,7.075440771153915,34.9230036410668,0.441978150516914,1869.8234158969406,62.113358922481666,93.34904025097015,89.05669004402966,0.6156933580968159,182.79268048740465,1761.0805777398198,0.04365984715109678
103.57118101759873,116.3754400692897,241.69861987435792,8.21107734176604,25.01602576811987,0.34169298589840125,635.691631304793,62.062032934573004,103.17517198169136,115.85270814189197,0.10296234933591032,241.58473899017483,598.6781737567032,0.015103884595960076
100.51486443480286,47.36790805050801,285.23504071193304,7.798627078679274,38.203188425727426,0.39392207652113576,3668.1405110902037,40.49470508605451,79.62609434794477,19.79473153585534,5.4310802225831,279.2280272569552,3456.5486290433205,0.05351173372135233
93.14624700885129,122.36422346547668,99.99732837868596,7.204628263848439,32.34446304138852,0.23504434206997582,1842.9226149138772,92.36973981620677,88.0434020501978,115.62846812005402,1.3267396892499226,98.52989596414744,1736.0400553119366,0.1312109448247772
31.84394639155665,63.235869673178826,227.73761410818835,7.312566814834898,29.382484212646993,0.44695702083291955,2358.4589841238108,45.01483821862922,28.02624065850742,58.19649810555385,0.9926034905928,226.63975101667,2221.3874501124724,0.03361055805067881
54.72544252231901,78.13630495853518,170.98388454354898,7.2505183528406,28.95085304316083,0.47418440235514026,2672.9758969829045,71.65861347361933,51.62773873104057,74.04733595404768,0.8054029857323893,170.0930734389999,2517.4936100157697,0.05074654443561252
63.944421514840315,40.37479323151698,147.39528807326624,7.38498996264479,33.86535545645859,0.18153829516231546,3388.2179537411157,98.39710183682287,43.14038576676482,12.913466044057335,5.40904929449963,141.41264179314106,3192.9341543269875,0.07111636978982105
115.84653153009141,31.08856580328751,266.194806015918,7.652943019739238,37.11099855301025,0.2984317488520171,4722.259504858143,84.12030898399607,92.29458773972209,0.0,6.123505385496024,259.4219398944876,4449.483417378269,0.0
80.73753647564752,131.71050386802085,266.1147866038725,7.8322593042361515,29.022164677833253,0.37376321606230384,1564.5536696172492,83.20979598771703,75.15561729421162,124.34237054852557,1.4512989871733262,264.5095861306968,1473.948987895486,0.12704283326174623
115.90217549675444,114.35464403850494,108.34211121952266,8.314729106912395,36.42575033803988,0.24798808383952387,1493.0633585127653,64.13306803001505,110.02590986115496,106.59797339951365,1.527829065255855,106.6522651160281,1406.6574408022193,0.1375567535409754
25.007163545907147,50.42455852829748,177.6936123573915,8.092829000497838,29.4769372929908,0.28120372210527794,968.72092873382,39.27668632439306,21.569796970619905,45.88723464891831,0.8937153095746839,176.70512394081243,912.6194338108714,0.06171170500067859
62.495514061286855,137.52984074670047,121.28926520911918,8.186144027780301,34.765904746685464,0.3951742009473981,3604.4244677442684,81.74827336640367,46.6068973465992,116.55686668331278,4.131040345818791,116.72015300245256,3396.012653761679,0.024259201327343462
75.01983793423344,84.5736668043579,205.0464558755927,8.356804888421133,37.90550876853564,0.2005022177689742,1776.2380961599715,75.02814054082525,69.06997941591725,76.71985356018048,1.5469632147622163,203.3354465616827,1673.3332038268536,0.134773671462994
31.28449703694743,142.65860706472424,86.12615683920559,8.257031896996509,38.23129437368048,0.4504368903841002,1532.0391757892903,92.42170385937753,27.15071448211107,137.2020140923402,1.07478346425745,84.93739908450762,1443.1751122826456,0.0
43.8660730128921,152.3266898455467,100.59183597035562,7.980783386387972,37.93592507655889,0.3268875298595154,3223.124260156533,74.36427311450848,24.510268122513068,126.77702739024637,5.032509271498549,95.02565950687948,3037.3095751513724,0.0
68.31741521220209,105.23292264081704,267.8782332655077,8.212243082063631,36.110752804804974,0.0027441918532555842,2145.0496041247125,47.89977796582462,42.94692124883421,71.74387060917142,6.596328430475654,260.58240407289924,2022.7207057887022,0.41842094283184506
56.411545025724045,71.77904920597926,242.3677561076123,8.215142686421165,27.699241323482404,0.13599930843519714,4625.860926752938,20.18404107898002,44.88468755842154,56.56359734913993,2.9969829414986555,239.05296123880086,4357.441496364995,0.11425083607664176
79.46353963130379,148.39741279716287,200.1439152097106,7.507218112741624,38.15645985089772,0.0039519382061143915,1591.6189611705872,28.12328479665328,58.93763388638098,121.30321721386483,5.336735493679928,194.2412511719207,1501.0331392021903,0.2747560780983121
101.08212608435161,122.35631599979826,149.59461744890461,7.687795632803512,29.649846527615036,0.47121075757596276,2772.913596802875,50.43444740833195,91.67099432916292,109.93362208294913,2.4468942563490748,146.88824484559117,2612.2802408015164,0.14686824743868646
108.3727125052663,75.23707163623705,239.7358447573089,7.467188473889332,27.73697407897303,0.05248538402652109,1987.3257446617454,29.443129222049336,100.24914379938028,64.51396094446751,2.112127863530369,237.39973849945912,1872.348351532466,0.09538192331043625
75.45977409035507,49.84334941617104,192.80705632622818,7.224625831403962,32.9842672602076,0.11056368796412641,720.5943214556156,74.4562560317489,72.2908518765306,45.660372093922724,0.8239197755943639,191.89576483816697,678.9279600013284,0.06865375579096532
54.44218865616177,70.22256837115151,282.29187098182615,8.15737585748074,28.216881512158665,0.05307464572566689,990.3620958186682,79.9691168433782,50.08069081452961,64.46539122019708,1.1339894388243568,281.0376288167967,933.097828680971,0.19224000032701843
102.45856255589216,46.78092184664105,181.00214066489872,8.439815405640344,31.20955754728067,0.21960752403708195,1689.5243471851354,67.90410962263674,98.95181706043903,42.152017792642866,0.9117538288178211,179.9937008531348,1591.413163104009,0.03218693887558233
96.7418439349169,153.9250712002273,128.78076639725768,7.034652491882836,31.0570170750999,0.10801562156261241,2369.0283785271595,51.40626529155145,92.94330767181953,148.91100333293886,0.9876194284053109,127.68841589759835,2231.338689888348,0.060000267307692055
86.92785720767958,118.63714318987229,274.64765135601124,7.479668967212233,28.959768322291605,0.15382985550979295,4366.633909580446,20.520093247370383,68.82352555852658,94.73942541299037,4.707126228779773,269.44136284033334,4114.028071186876,0.18933034423236716
79.60479416992453,145.28766967170446,133.85508726967583,7.7096692148752055,29.940012704586643,0.1581316386827487,4587.395832827151,84.35202230039697,48.24612960975419,103.8942324522796,8.153252785644296,124.83723130401542,4323.337324263682,0.12448949475107061
112.316892790219,113.65076617187391,111.88513872826641,7.11350930665389,28.008965693901054,0.3483585478145147,1490.5829335445899,54.41940694167652,111.33141366494273,112.3499337265092,0.2562245725718434,111.60174308838336,1403.7990898502458,0.02405874215324979
46.33472697263625,37.80432857882694,275.84624818038344,7.8242868544676565,34.801156982081224,0.38477565322392693,3207.6512108536454,81.0952190793258,24.021717655213184,8.351156279828485,5.801382422529999,269.42966421524443,3023.053991714251,0.09694276204978214
76.7435875887225,126.06008231614227,90.237225850893,8.288491300255187,34.826472491202445,0.08985083074132649,1863.7484438450329,45.50832114943721,63.960064210318535,109.18583145664903,3.323716078385035,86.56104977078908,1756.4724751887143,0.23182549483414702
56.761603675940336,88.86806749330113,103.95992782432471,8.47475018044572,34.73958788761059,0.20990293624372675,838.0672731558516,49.087858890859934,54.705144577313426,86.15354148311359,0.534679365642996,103.36854894353387,789.4343220714485,0.07483891300224013
112.93322473100446,99.48990874311228,256.30174415650737,7.875999851525457,28.32361211355972,0.4852288624258767,2331.796163285796,84.10089036383977,107.17901525435919,91.89435223394052,1.4960944639277736,254.64699791700914,2196.4857534057614,0.0764188704025226
88.96602907411929,47.80162425434119,246.9672257390922,7.328303722184202,38.44598684837141,0.16376717748441344,2375.2889529477516,79.16519682761671,78.26838483517304,33.6807338589322,2.781387502126015,243.89088890294957,2237.9713749520542,0.07116160296008808
53.07024821153033,152.61123145282568,201.61839981351898,7.748419274401921,33.54384451401629,0.1288512122115948,3488.2120691851396,54.850798754235186,11.223205948805248,97.3731356660286,10.88023098830852,189.58438608853808,3289.3472614109055,0.0
58.36691610392376,128.39202178504962,115.90550242047533,8.385815952400499,33.94721393461322,0.15421781974218285,3294.6766282264584,82.26991460605119,45.34780006464667,111.20678861320387,3.3849701702120427,112.16157662232321,3104.0140877410768,0.028359621842747512
110.62084456687626,71.24181130996075,89.41984298460015,7.745862399946571,38.18578933842007,0.04190954012051634,2478.8008208902206,51.38225329387643,76.02680072119314,25.577673433659065,8.994451399877608,79.47158437583444,2338.0021539399486,0.17761641719507587
100.23583449229277,47.66831203612023,237.87754694481353,7.188308002508115,33.1145491796845,0.4406973256347258,3168.9852963504554,55.41455721691382,94.26863427177243,39.791607745033346,1.551472057335294,236.16155065282678,2984.8961685221366,0.029001766312086227
116.60975362448747,120.053588146088,280.12832599216847,8.271363118289887,29.296049642261586,0.384312532362414,1502.9705782463097,29.450283473074705,113.79262242932269,116.33497496847049,0.7324541107428414,279.3181995499017,1415.6603209694672,0.06908313576514069
89.12606686821054,130.41695656652132,99.61720563571937,8.049812923459648,37.52786474362907,0.10737817894608515,3485.400500559638,80.18510355513598,54.70311412941672,84.97865895131342,8.949967712086394,89.71814794097767,3285.906929754824,0.3894812761668515
71.19769925339938,159.85752488070568,241.06944984927398,7.945165553124951,37.57819055222433,0.3783675583499299,4374.978932103194,73.83847800600978,45.21921496283893,125.56592561716587,6.754405915545721,233.59878000971707,4122.727857428507,0.0
73.84753487784785,106.23747956662031,216.6639190267939,7.885556135087991,35.06234658287643,0.48085952116942476,1701.4594953971202,61.20146197679201,63.61642448519797,92.73241384832248,2.6600887020889674,213.7217439953076,1603.3709920367226,0.257292500943159
33.398200291914286,139.69763900562168,187.93944679814524,8.093822495383094,26.263528014840357,0.4190468680194877,3719.5932690224595,59.39645274489652,29.253191138024725,134.2262269224874,1.0777023800112835,186.74746059431956,3503.213401248016,0.0
46.513820782233786,94.91775348621091,270.74251891411234,8.156154777423701,25.06265518211958,0.15699612368880894,2679.30165072298,27.587061529549626,43.591806869914386,91.06069512194931,0.7597236172030453,269.90223119904107,2523.4318525029016,0.021898283682795314
49.581391578644876,154.13724037129802,294.05984897538804,7.207479467209631,37.22182960332064,0.27528969965577693,857.8730151015873,28.71622701139728,47.29788361977128,151.12300986558492,0.5937120693071322,293.40317732950064,808.1098038898768,0.0
83.62388502623932,119.23746450016048,175.40407792805195,7.713734822938303,34.39839183155115,0.1706483462012009,4591.606694082895,57.37356464701945,33.410190452559476,52.95538766290308,13.05556058915676,160.96405404564942,4329.3169004655165,0.42315207734531796
40.70339500614668,64.47499399386929,292.76136037136064,8.234542108061888,36.351307173544875,0.49883597476762886,3242.6228593832025,51.943804940418296,30.424539972535847,50.906905349502985,2.6725023087388156,289.80545534526647,3054.7018657257677,0.11245699778794375
32.68500516401711,73.70423778461267,121.28143210747655,7.581063303253486,36.90995433284786,0.3511750096879688,2946.86573445526,78.67548596303037,15.06696994181451,50.44843129130523,4.580689157772678,116.21498855000598,2776.9689796525563,0.0
79.08049942799175,70.18957191215918,123.90223761456886,7.198033016188024,30.31439188858552,0.1778091999335717,2317.762721351767,55.8356301228025,73.75209864642157,63.15608288048652,1.3853842032082444,122.36994178981163,2183.224855885708,0.07143062383133263
71.07989080814609,57.79774983615087,114.86470056962635,8.388927434100077,38.37168882425883,0.25291049163160784,4387.806182176172,71.14110693098576,60.20136381746282,43.43809420844894,2.8284170175776526,111.73634702216273,4133.194185905187,0.06536352597409223
88.90326833977343,109.53987374631421,250.44168752942133,7.571276932820198,32.698316765812216,0.1963615789520058,4572.183077849254,43.9424468210518,52.021631251710886,60.85611279007167,9.589225642896256,239.83558246395418,4309.601357969379,0.34254244041128085
112.75049707204558,28.074628291539646,187.8777862997793,8.349717342196671,38.755499246169244,0.4819194183447848,1533.2495097615101,33.131533703622964,110.0185269848399,24.468427776428125,0.7103122226734816,187.09214975898715,1444.1651297191167,0.014553030114395299
56.774109126911256,132.5012060983221,296.6558529277259,7.868581222302037,35.135544345204565,0.03750689203424917,4065.5394475602084,97.07488912594067,0.0,57.55938205079924,14.761268372996925,280.32924126023,3834.5815202761546,0.0
68.65805584540766,131.18233817955107,284.8124465119719,8.336343660732325,34.21256670655238,0.44250295029146797,2898.4533444409903,23.568564650404706,61.05802613905647,121.15029896716749,1.9760077236513127,282.6268951121313,2730.3085267794204,0.06242076579353254
113.28664749696347,67.46296322780307,134.40279252217547,7.131701659119228,30.935728031345175,0.3879547052158172,1167.5755611048694,50.63059930022543,111.80589940524891,65.50837574673992,0.3849945038457768,133.97697167808676,1099.6733908248502,0.026887983803532342
117.65023637905665,79.08475135655694,88.59209261688446,7.672805454826996,37.24340845540999,0.3654011165666219,2040.4473851594983,20.170960971660588,104.64453014354213,61.91721912567777,3.3814836212337687,84.85202309515724,1922.8950079898618,0.13698016549303826
23.544119259284408,66.54076877865087,227.48873872802523,7.876947693374516,27.164508245516547,0.2926961208890871,3104.3358101024664,63.24284064908901,16.11281034169983,56.731441007439216,1.9321403185719912,225.35170660643985,2924.1716194056776,0.0
81.18153263394623,116.88083852818512,137.87320441986566,8.294413369843884,29.473342815132227,0.1319853111452306,2839.6099961682053,23.729072533620908,72.10972776303859,104.90605609858706,2.358669266435983,135.2644125334175,2675.052516624081,0.13685816005747986
54.42198547705111,86.48243223090327,297.5277613486841,7.913012794902115,33.769893957125944,0.028241971871675486,4496.831358098536,83.38051927709041,0.0,14.645411401195828,14.14971622403329,281.8775532393551,4240.466255547725,0.0
104.88375350715279,78.92574330198295,262.48735624850883,7.557571850811675,32.491544533543376,0.3960265255546955,2180.451158450751,76.87228262943535,93.63552024565065,64.07807539680009,2.9245406479905602,259.252685740594,2054.5499143172196,0.12811521539876414
118.96786679637091,77.97201550120124,149.048827597916,7.1619231047082055,33.86929493330172,0.17204148101191447,2176.191826843631,99.27386287820595,112.2689266418756,69.12941449726746,1.7417244401687753,147.1224038077732,2050.0528425726634,0.06863699462687908
106.27922517332071,104.29798429021515,164.71004328519507,7.112969874752232,25.955768257442593,0.04008543109624679,2003.0304760251688,34.55610032770192,104.71820426885306,102.23743669631783,0.40586543516159046,164.26113827366743,1886.4365054991968,0.02745767658527419
66.48901659351618,34.98464371908234,146.7275936610052,7.895308687448091,28.81321890890883,0.3178388651825565,1662.4196311534445,94.73462162683373,60.48019874030452,27.053004152842952,1.5622926418350318,144.99962932693154,1566.1557374299832,0.05953524506292993
42.38114108772267,59.423056818897926,229.14524991265816,7.2612506201428575,26.83660175528732,0.4286938297398094,3509.476832178866,30.345838455488323,39.912891943274886,56.16496794822687,0.6417447775564237,228.4354519801191,3305.165945124863,0.03163865118468286
44.171541636998015,76.7236364693639,84.31499632528258,7.72199107962262,37.40693013972775,0.3775201732227814,1491.2153179902925,66.49214790924674,34.78917114597423,64.3389074212125,2.4394163276661853,81.61689463979242,1405.291689660888,0.18229508475619602
97.90093226312895,131.32987736804594,277.2412853635806,7.237441696541745,29.027496662022756,0.08884900851906768,3292.5420454591645,25.424964813729936,89.17417478741133,119.81055750009874,2.268956943686582,274.731719249492,3101.545368032134,0.123943815703168
83.38977048202946,56.35956305006084,274.1724759774063,7.192664892220195,25.701666012967262,0.19043501491468612,4797.368342742086,69.8164431616087,80.51505430567315,52.56493769727049,0.7474262058526411,273.3457897398341,4518.02705032605,0.014212304502599709
81.62134767839945,63.932109826806766,293.21429460627917,7.846054637351232,37.321840793745196,0.47050606798721506,3371.282769277877,44.10064492552653,62.919207032552244,39.24528417428849,4.862556567920268,287.83609330340914,3176.76181482831,0.12703847357839912
85.65665964382927,73.39572606366089,296.23157159256357,7.65192287635511,26.14275299383452,0.4695068100067831,662.4563297355188,45.148724662196315,84.85117865653875,72.33249116043743,0.20942505669553557,295.9999382743612,623.926449758848,0.023410437383612585
102.62223516038249,59.87865712093559,170.55707019876175,7.974722925594554,36.53445748803437,0.48522805622039505,3716.1604563013857,75.8237323093399,82.99797264809243,33.974630604712715,5.1023082531954165,164.91369299344174,3501.6343821500755,0.07981346299003712
69.20358826191352,146.68252502485115,207.59280716014655,8.30058601252132,31.469476795418565,0.28193854513804506,2478.4540652507294,36.92371314941731,61.523290646244426,136.54453217216795,1.9968773800739665,205.38417300295487,2334.8004409204996,0.047501162781041
115.0263190117285,69.42489071724495,164.01766722638388,7.484095506955588,35.30195101244391,0.11307772518934511,534.3424513233709,68.32878703077455,109.7991027251133,62.524965218912904,1.359076234519952,162.5144691713902,503.7529952444569,0.10165403490160214
109.63921598780018,120.5915200053825,190.22695583312822,7.637214198794715,26.60638154741909,0.30603268893592844,2395.6527532110977,27.33970692084671,105.16383927258188,114.68402274129438,1.1635979459567556,188.93996535773755,2256.4833864911097,0.07347341380707086
102.93507611543119,159.653898456968,107.44159914144463,7.481474509079174,27.889719827805774,0.13026589861723786,2428.8665437999816,39.84282136012189,94.74079501385812,148.83744740289157,2.130513086409003,105.08515801894939,2288.158391942736,0.13002746445583455
67.96001441027252,67.93650654198893,126.37367861110044,7.808521136052695,32.085243953843545,0.37983524658532547,4764.220296485848,95.82953913708874,39.14957225828453,29.906722901364766,7.490714959516879,118.08861860367873,4489.581960787698,0.17121435056464868
117.60130824365032,136.61709942045903,156.5533716287865,8.066148896423206,28.48795468465777,0.3587738361537822,4384.655228924917,31.16422295080089,106.27781578588831,121.67008937621326,2.9441080390181154,153.29705872629006,4130.274464994752,0.10658935161907909
51.12093501669945,97.52204192210775,182.29748428511274,8.27937616093265,31.96213107729278,0.4483530083041699,2426.3300716270237,63.74418514306151,44.78737338204755,89.16174056436722,1.6467260250094922,180.47613291789065,2285.5709787760165,0.06180693748147487
83.22746823627996,95.44928582596869,207.5805575404892,7.422072691400461,39.041254710992575,0.4164189526671383,2387.180416913686,59.12982271220997,75.73579474910686,85.56027682290018,1.947835106665009,205.4261662933922,2248.8271682366762,0.12825827510267737
99.61257705235568,33.912221118239344,105.27596094821382,8.306810306397391,37.63727397623283,0.4025150382102673,4293.0317546979495,80.35459987424488,88.11711933082597,18.738216925820197,2.9888190075977112,101.97019574915107,4044.010215982458,0.02130554318585393
53.88857955715071,109.36214013752267,277.7402760833609,8.443854442615256,37.04342894251263,0.06795897469757556,4942.577476155762,76.75272722913371,34.51418877707267,83.78794430781969,5.037341602820285,272.1687548490327,4656.534356517828,0.03304631475588862
95.0191562144011,150.04496569085546,234.01258168015744,7.335295769812679,37.81979063329567,0.2421182741276564,2222.399120405549,35.32618355372634,85.8433075801051,137.93284549358478,2.385720644916949,231.37386978003772,2093.8312437814147,0.15394797619956527
44.88296686553222,34.53749780264725,252.37858743078016,7.354223511521272,34.06266443276956,0.208153820559363,3453.1590772605355,68.93838863625092,26.64526643400405,10.463733233030055,4.741802112197325,247.13394586382793,3253.815494673477,0.08083079723032455
111.66613562652877,35.60217856549566,274.525915075262,8.360113129167745,25.752029937942385,0.49291331658977605,4921.781119392749,43.796843633032424,109.66222861333858,32.95702130808462,0.5210158234294494,273.9496486727546,4635.094517293246,0.004465775292150919
71.5923801752264,136.44499449833086,134.27015774887815,8.212463260168011,25.55857005395103,0.2667810328795126,586.2136909612559,50.23063911590623,71.0717978923271,135.75782588490367,0.13535139355382347,134.1204531580958,552.0977127821244,0.012927666375294852
115.1190128266273,85.70503968276438,139.46506896862303,8.367352585079367,26.875607115408304,0.4437363483283495,2057.110423055594,39.66618052860773,113.80907547803761,83.97592238262602,0.3405837106333115,139.08836841394995,1937.3371968337553,0.016969797589404426
32.505628399843935,35.077240738396654,282.5760504310694,7.141979191154293,27.26261779440455,0.482669978454238,3366.154833176359,35.92784026516082,30.92263201085304,32.98768550492868,0.4115790611376313,282.1208258980638,3170.103901352663,0.01848626371175186
116.71898243180705,94.78504842193367,204.06637537772883,8.077647285150471,36.04596860887829,0.1645261306544042,4993.671229217502,58.649681413779426,72.63393321446395,36.5927834550408,11.462112796509201,191.38877479565573,4707.289606469431,0.1660106157368104
29.09212870105062,106.6620034347145,235.61792747413713,7.421826993101469,32.524305354549654,0.0320262397350084,3733.3453205448945,36.887752926874384,0.0,68.26039354932769,7.563953462273163,227.25186246339217,3518.8085083555748,0.0
111.07454395817095,93.42560617983658,91.82338076669205,7.901486548378584,35.14267383919977,0.17117088243296275,1510.9155596616556,98.74543180279866,94.54189945399699,71.60251543432699,4.298487571085221,87.0690645685632,1424.6074829014428,0.30049860667052086
87.05004609962359,68.80548116920312,153.9383073820883,8.341832042067027,26.891690768544414,0.062253204150344243,2714.280859110371,46.57718398714697,82.40545362238194,62.67461909924418,1.2075940440828232,152.60265528827574,2556.5560850203765,0.04720201020027155
97.08307658540667,125.61732668868422,154.92962088831865,8.11584936810219,26.364361032440925,0.27588562418876655,4032.704777074553,42.28102976531555,91.21870872768504,117.87636111649171,1.524735643007617,153.2431962458053,3798.256692725781,0.06779215437351177
92.3757512772453,25.778194309681098,269.0952601515388,7.1011156881782425,39.497856266469874,0.13265176036243703,1438.8252366589754,24.28748121358165,89.78485535566156,22.358211693190583,0.6736329396117675,268.35019251008913,1355.2299684695995,0.016512794458755416
21.74709789839348,144.34218608809653,140.95510531728607,8.479844807920843,29.456960401965905,0.3348501527586306,3392.9836735502195,52.16987322624526,18.410283191690517,139.93759067524854,0.8675718237427713,139.99553274520133,3195.556200001112,0.0
89.44868902241737,129.13671133045358,111.710010201837,8.346154562279118,33.70917399811583,0.3825544815466582,1928.9325935095148,60.21358655906738,84.15401313867261,122.14773916391042,1.3766157297736465,110.18741269412583,1817.056830753175,0.11774113868733849
41.02187318958737,98.61493407660866,288.5313999248426,7.793440118242074,26.93231414215005,0.4255881974190678,2106.5438037999784,61.479614644514655,37.20712993303114,93.57947297795442,0.9918332467046209,287.4343887569215,1984.1566072150965,0.00848927348839755
26.8977185256042,55.661199121574256,209.64916973760955,7.888744057854352,29.30443142472925,0.2939806568358966,3713.3110351795285,59.49031601370332,11.250556731782225,35.006945553729246,4.068262066393714,205.1494930674719,3498.525999450104,0.0
83.86725575152457,122.9409727338844,215.45670041748878,7.736908202155495,38.54175077709594,0.23830445632161462,4016.5313026394733,24.058550656852653,54.35957229826407,83.99083057558057,7.671997697847724,206.97113373300112,3785.5519127490306,0.2918994837046663
111.3158446037477,138.4025869826338,88.29076344031006,7.630625440189153,35.57130741341646,0.2663513754935686,1428.552003442986,78.99474827385548,99.61536485329799,122.95795371204025,3.0421247351169245,84.92603976350212,1346.5288242713377,0.3643494479483752
87.9044808224638,140.30256151220414,97.28698373932215,7.242975701851963,38.91347001356162,0.016122784973758242,2124.1734182155096,28.224378650123132,76.38231364715898,125.09330084080176,2.9957634655792527,93.9735376644809,2001.581989381942,0.19646550836909646
68.01889362854206,93.35443590330087,233.51058385674855,7.499358628280917,37.52912179707586,0.20000043619596358,2060.1301210713236,58.819723480580436,53.73188611205818,74.49558598154213,3.714621954285813,229.40204869522256,1941.5672786761918,0.3151466434580817
102.91471858067419,110.20323605818251,290.1673495328612,8.327121033674374,37.8705788286973,0.1295078074361456,2386.843602820881,46.94840405643764,92.0909285005976,95.91583315248144,2.8141854208199084,287.0547367569763,2248.865979124948,0.17062050235565734
63.45267771173803,114.54534837597376,149.88415553993815,8.084708690944762,37.72189373503664,0.4811607817085086,3262.1166368592512,58.56443700369482,50.04264050012909,96.84409925664993,3.4866096750183257,146.0278119817997,3073.3938502282085,0.10571468445800968
83.35319050887104,116.70461380600014,169.60874726898885,7.391202465476636,35.93532076266918,0.42015696312093515,3906.0039443367727,63.21891314245313,67.9598143336356,96.38535725468934,4.002277805561215,165.182052091739,3679.9595449351186,0.17409287512371188
113.16321913928908,51.44517955865787,206.24393845371995,8.058945356847696,29.251687317384352,0.36772168055443755,1193.1120703033484,82.91693181985698,109.48561322490721,46.59073975167384,0.9561775377392866,205.1863640671984,1123.9560281616398,0.04766971898527256
97.55160560562305,149.78499976051276,134.91081789467694,7.174459216278807,28.495008388333876,0.04998790774051842,3958.555416057974,49.193917645041026,89.1463783100529,138.69009973036017,2.185359096848239,132.49371467382232,3728.701105695171,0.0830511732745882
25.668425961702006,31.997657233899155,249.5034211216655,7.400398939564203,33.74267964476486,0.1874420871375309,3375.490956365444,47.15930883459749,5.384633857760115,5.223051656695844,5.2737859470248925,243.67038204948904,3180.892586637416,0.23120617473500704
40.65930238014042,27.078629875167948,191.0147263700714,7.65081032867108,31.54976933322143,0.46498919799843125,758.9917014265727,43.77237469801125,37.215568985300656,22.532901793979466,0.895370682658338,190.02440703809816,715.116431442024,0.07278311113772044
56.02208384489729,128.8650190949071,292.1608261577089,8.386055612849605,39.69950058270187,0.43294604535251074,509.4777841169646,58.36120120433468,55.281520990869154,127.88747612758993,0.19254634204731494,291.9478614398289,479.8584009417825,0.008257416458750442
104.25644410400814,127.65959549690652,214.3222315949278,7.789326631888349,38.85203796057917,0.29018149818647504,1253.3723333168832,24.856194362176733,96.27255428106876,117.12086093062652,2.075811353964238,212.0262929929882,1181.1636676417106,0.2794423553568495
118.64985275697131,34.2245011532035,192.4462197816482,8.37804675005893,32.975111476798816,0.4256709815890418,2976.222215801708,99.82645261386119,112.24495549265689,25.770036764308486,1.6652732887217432,190.6043543254961,2803.4163953822617,0.018186119989870252
87.80979063128618,156.05956156938734,211.67188882506753,7.710961772836048,28.432940229702744,0.47833497058475627,3200.8974380954933,21.00166532882711,79.64728491219692,145.2850540201896,2.122251486963198,209.32458539470662,3015.1826298763617,0.07519389923298907
103.88654009668267,29.14750365100697,194.8501814316101,7.190635622391159,31.078324506883668,0.21841236252080848,3586.4259804231588,40.45727258396926,95.7285676306898,18.37897999589636,2.121072841158151,192.50418163531822,3378.237400531762,0.016275055693425973
29.20441096686271,127.7134048797175,215.2196440894227,7.519973378680456,32.10550372466033,0.05346431006686292,774.9862405998313,33.79657595974574,20.822465351449882,116.64923666737259,2.179305860007336,212.80923601459045,730.7061803213985,0.0
69.08596388850142,42.645361487775304,116.71430080730838,7.126979358265287,36.372761614203675,0.14128108209883294,1353.0580072271218,45.47621673037736,65.23230136899501,37.558526962026846,1.001952255071665,115.60609757134179,1274.5971966118307,0.059917168647402444
86.19051714869214,36.20884286188112,218.49410733439217,8.292655222602644,33.63194401135141,0.12502361704314624,3612.4429719905793,28.800924807272146,65.57815018251151,9.000518466522669,5.359215411206968,212.56657951968907,3404.0680695955384,0.03131002680720688
88.10400297963002,149.64786395786786,247.702119051621,7.4724529313701185,35.117825016936614,0.43145631593233325,1941.8409126978881,90.19120732628551,78.86847617559437,137.45696857654082,2.4012369690492723,245.04624541497475,1829.6337236761417,0.15417581385746065
98.68258443155253,146.8253284424561,153.95339153452892,7.777522265920018,36.52144453067275,0.4882511276245059,3607.323573382672,27.51790045267508,77.69305510936114,119.11914973716348,5.457277623769767,147.9174026023044,3399.287736477017,0.23265368137372086
106.3734951103205,31.940375161357906,178.03981117770252,8.217625654509675,32.78858092224763,0.008730823418833578,3989.789874985095,43.10734996427524,82.17624120020089,0.0,6.291286016631102,171.08137230326386,3759.7698485494225,0.0
34.003047753081745,135.20194556502014,279.33659164467906,7.659047330497418,29.730280600467054,0.46372942231869013,2126.3557435369794,23.627385848284852,26.82322449516938,125.72457886457576,1.866754047057215,277.27187961351086,2003.1731707507222,0.0
59.18798805161732,77.67716201514017,115.74201121080348,8.259244094854735,38.565230633998915,0.19113744991507392,4187.60969911834,60.22018698907981,41.290858878498206,54.052951506622975,4.653253585010964,110.59530820716225,3945.417376033524,0.20347110991965867
57.18626464483425,99.638923582838,288.48340808682815,7.70409045112407,34.58332213233783,0.007959453561637464,3967.339583146731,90.000534204141,0.0,24.153054251656787,14.868428807656908,272.0382722682494,3742.137989624623,0.0
71.83041554588905,40.09834793570081,252.98775949168726,7.820038351015732,36.889889696753315,0.24473231528733852,864.4556255888087,29.446835541601608,64.32689807902022,30.193704879433927,1.9509145413859006,250.82996225442912,814.8663740720099,0.12199566707625854
71.58290724262577,64.7796059854193,285.85332721041,8.390255250464314,31.629177754906802,0.21187110200858705,4508.909956799824,38.3097182526062,59.33609439939026,48.61381303234846,3.1841713392412236,282.3314937456338,4247.38475501875,0.08116290580621138
107.65154569658984,111.56990310588006,108.70350214866835,7.573272461415646,32.091455220016236,0.011046748024382935,4600.20338547151,30.56862822366729,42.16912464367065,25.133107316026763,17.025429473758983,89.87262878016458,4339.04346526763,0.3253409517397267
56.35610018520188,130.2680296252203,293.4178677734145,7.3093880533078215,37.1658595557664,0.3119837815296301,4739.383431411243,55.947775355452535,39.7560751140704,108.35599653132675,4.316006518494181,288.6441748493877,4464.888530483205,0.0
119.81282384458085,152.2957343736913,279.94482663783003,8.308294315035592,27.44012653014314,0.41404940777674837,1348.9024878178066,64.6436927001583,118.49820092120926,150.56043211484078,0.3418019600766167,279.5667786457235,1270.4126518422959,0.04458635149511295
66.44715651632026,81.14116041889784,116.27450147590753,7.59845124938291,39.81040825251296,0.09076790462274997,3443.4642746688696,66.72406696703105,39.083506070657755,45.02114183062332,7.11454911587225,108.40549742631913,3245.6610098403753,0.3338914016479626
87.4619754013132,62.778386426480004,175.40956670560354,8.45257888607124,35.10759554806933,0.33366322373593527,3309.395162296038,54.91533773078278,80.6151487704204,53.74057527370152,1.7801749240321254,173.44061499017678,3117.2152335335127,0.05013894023850361
83.56354209745948,51.08453526055968,150.03406632934448,7.614874523783567,25.463043759995823,0.15210574833346152,1840.6765379845274,70.21157808829074,80.38607618674544,46.89028025841719,0.8261411367856399,149.1203179181635,1733.7192048186928,0.03663199087879978
83.20551560420806,28.420042206314836,93.51154612241501,7.367775626271919,25.059407875493704,0.15325689174222845,986.6154714167021,84.90420932053648,82.31180372003085,27.24034251920097,0.23236508988606613,93.25454011915092,929.1991177912253,0.010205568886867614
28.18442570794403,148.77244717519466,234.89026435812787,7.69927875685216,37.701848306253446,0.29293763484725566,4416.531831916631,29.093001429004588,0.0,111.56900524070855,7.327950684065448,226.78522879382905,4162.086856841128,0.0
23.6308109231296,43.96235024666245,164.22172133685913,7.290195389055581,27.375893361338882,0.18672213768613566,1203.6150893631252,93.74462499740305,21.85932468742755,41.623988415535734,0.46058642128253285,163.7122925093637,1133.6431608192847,0.04009751019164809
47.435717405716844,104.018701294703,161.80306402306755,7.606381172750728,26.44403543111293,0.137477578904121,4370.823839299521,33.389583830903376,36.32964890334971,89.35869087157836,2.8875778106154604,158.6092760380297,4117.226088621394,0.017685646576205694
114.08076772087651,53.44208692933537,229.92690930944818,7.481026253770708,28.048519211430644,0.05791614555905422,1162.901387434124,92.54233996226402,108.8639872126955,46.555936658536396,1.3563629321270705,228.42671228616703,1095.670826697235,0.06976792475408623
108.4995749901072,109.4452970338388,227.33605743191043,7.669295429108169,34.903140506114354,0.23102112900547073,4168.011207917641,37.82112459628043,70.07472115027954,58.72448996526629,9.990461998355194,216.28616732054292,3929.1543853904923,0.2820139661215863
105.50984767331819,157.73787890742332,110.6368637981928,8.127514340491448,36.49799540262039,0.30999036796878443,1045.143195027661,22.765535954746507,99.61509452724711,149.9568047546094,1.532635817978484,108.94170121490122,984.8494361855818,0.22708477414283096
82.13745622952577,49.28296676643366,166.9906325807022,8.075878296698745,31.11254022877347,0.33517907754734827,2294.620220252791,60.097820581495796,71.7346482915711,35.55126028833348,2.704730063868215,163.99908224083035,2161.973490957555,0.08239135218796637
42.40300786794404,137.4575447462917,87.34118367238418,8.077688077964403,28.17663478225996,0.378405646404254,3377.0880273312637,45.54328595704484,34.86255595034291,127.5041482150582,1.9605174985762968,85.17276514236546,3181.036243137522,0.0
36.020106351298764,108.68718416811502,131.42078244985933,7.092663750867146,37.7613012133022,0.012284320203049204,4866.65954351533,25.39863656614914,18.95075559303677,86.15564116720917,4.438031197148118,126.51212486751915,4584.795521256304,0.0
20.879547434296903,126.17883098502735,191.7131219817227,7.142997507676987,34.266405548597035,0.16828853172459624,2462.994464933924,43.710398230502896,13.833475235328317,116.87801568238883,1.8319787717318323,189.68687293364795,2320.1742137210235,0.0
46.63115599545914,156.4736986659014,263.7796350454246,8.407457374249002,34.86739768743845,0.16583740328210267,4699.241964145165,24.59973837362135,29.727385670455472,134.1607218368965,4.394980284500954,258.91859366482,4427.119424040972,0.0
107.95998437637833,129.56073512836946,228.22386620216145,8.237651420436697,28.319874424686695,0.16986763953711265,2247.9670359785036,49.04468464711714,102.20852790992187,121.96881259264696,1.495378681278672,226.56991164973613,2117.542903819898,0.1100790501150959
71.05136902810183,60.01296838238171,155.64454767862003,7.67457344468696,28.831895826997858,0.1879175084453209,3695.3873193315876,85.14347936016338,53.410114934088284,36.726512978283814,4.5867260644435195,150.57142703701302,3481.8603006353665,0.1206292310527617
23.46041879704523,106.98740162995719,262.1253289968331,7.434956399015981,28.222330865992646,0.27383772994459016,1184.0721085569126,45.74499190525036,20.74716961402216,103.40591270836671,0.7054447875859978,261.34507605320084,1115.3399933983242,0.0
41.1122115329819,75.1946950165269,163.19209459347547,7.880968578336175,29.831482065939152,0.4462706834192932,2591.1919689824927,48.8180907991751,31.552042089146806,62.57527135066459,2.4856440553971226,160.44286300912685,2441.167441151992,0.08927903226147478
30.781230739215108,89.6936178606327,283.1453618372716,7.1822463264572125,33.40592050235471,0.07010648709201972,4578.360556166798,91.43940454688227,10.705192160696969,63.193246936988764,5.219770030414716,277.37206674319214,4313.623113646028,0.0
44.18582120525213,65.0792019654393,147.89369868969092,7.863332665052065,25.301052232891358,0.18125782872115354,2131.1779940664437,93.35947939761178,40.688797118555165,60.4631301709993,0.9092262625412125,146.88805447733077,2007.3208761829394,0.06903963506565049
23.320622587253375,96.66240931855819,186.27390597523964,7.501373909382014,27.25420314670224,0.3003806881984884,1515.204249141268,84.11637478350576,20.474323940152498,92.90529510438503,0.7400376482462281,185.45539180715193,1427.183977946876,0.0
89.29083532177229,135.75875649862638,128.57104339759348,8.22650636357659,38.36647813587336,0.4724982570685908,4925.2225961742415,82.74865280149496,75.40887453727859,117.43456826309468,3.609309803968367,124.57898810342405,4639.604386863572,0.11028491477738618
64.76175466350172,66.22634449777647,270.3119097731658,7.446258450259591,28.58813529872814,0.2097989084629005,686.6556311786607,33.746222603956404,62.682544266928076,63.48178677429929,0.5405947031091425,269.7139882691226,646.8512051605926,0.0720132171602386
107.14483585108499,152.2814857015998,200.45240725445757,7.862260854345773,29.08463060803597,0.24116260881055274,783.4267230615327,76.93253358912378,103.47944362279054,147.4431679602511,0.9530019793565554,199.39834517509235,738.1507752480057,0.15117483908389298
99.98584173076894,65.91783007032566,183.50504634937735,7.09590457215644,34.995168958846364,0.3751520366091902,1403.6194885894631,60.79763452760307,97.8158899775942,63.05349375613498,0.564187455825436,182.88103022378579,1322.0314668280969,0.0360978790740674
85.05269882588306,151.9781682615248,208.14005177504555,7.75426963266752,30.40855580007856,0.012091494543718051,4274.71519742326,29.800030146549528,30.08383622779447,79.41926963204789,14.291904275503034,192.3325774307666,4031.4056804613765,0.03411717161312562
56.64980523345024,63.539287834500826,269.09905893849293,7.017901685560577,25.80717698978966,0.16421407546149147,4781.022913914202,64.14666313766814,55.157084872444614,61.56889695797344,0.38810729386145654,268.6697952118208,4502.486782995752,0.012669246444824358
40.047474408885,132.6572861298198,255.16626655314008,7.808930387046092,28.16245479478166,0.3185687477519745,2188.5088880128915,55.94105728907505,33.1458882565579,123.54719240874793,1.7944123996050503,253.18156756390653,2061.6735605374583,0.0
83.83271737640281,101.76937426109325,223.8772688391575,8.297964931121376,32.154602771472625,0.18951199970379523,669.6541178332872,88.5713606325983,81.00729382031624,98.03981516705898,0.7346101245825123,223.0647577508144,630.9204681311888,0.11640534573232922
103.70053879496048,85.47382886463383,241.84708317829146,7.954101309390389,26.07531323043736,0.15768885277974537,4078.7758020151273,53.0756675515583,94.67609894905677,73.56156826804096,2.346354359934958,239.25191211974803,3841.9797507475005,0.062263436881515574
46.85236350995169,36.756633585288014,284.90132373005815,7.109943995695466,39.55930034487344,0.1484607018239023,1744.4362974959847,71.21412323339052,43.768654735142185,32.68613800253945,0.8017642814504762,284.0145371923879,1643.0789860610128,0.04846750250405088
49.9890816990812,42.76310463282396,245.8225006928682,7.140317610935778,34.564625695424056,0.07595316210625785,562.2031712902861,87.19696043569303,47.82854464702427,39.911195724108815,0.5617396335348009,245.20119196632666,529.6620217592655,0.062106188086565005
72.68069827925021,60.846128661777776,102.91185118379579,8.336538489979352,35.09888622606084,0.42407879479690064,4833.296745859685,65.9091333179181,59.55363487263962,43.51840496505176,3.4130364857187563,99.13688280700909,4552.956410553755,0.07255571942387229
24.283888381722747,156.14982872159155,256.74603931563126,7.475127916085367,31.53101548380176,0.052549494008719444,2124.1525149779927,75.10012725176698,4.958828330868571,130.64074945446404,5.024515613222086,251.18870418957843,2002.3953577412665,0.0
116.63092712729564,107.08456800753792,85.40175233749238,7.141590761816741,35.32968145482538,0.0927322491028838,969.6416044283837,85.334276770381,113.04748935900545,102.35443015339489,0.9316938197554513,84.37125801926837,913.5020540609291,0.11027155639644708
102.0321543724711,57.11797267887969,227.65898061009432,7.435139934369603,32.3488418704109,0.40344668540667067,3890.9457219294304,43.50430385366036,86.60948020246559,36.76004277447239,4.00989528420144,223.22386016663418,3665.782200185269,0.06181786292359374
32.147068086974215,126.31385513331277,293.48390149311024,7.727275790017009,28.599003370694895,0.48828742566123917,4525.259826970499,34.44746526594838,20.341737058855397,110.73081817619592,3.0693860673108917,290.08902558459556,4262.7343593893565,0.0
94.0135621103866,54.795351308286925,260.63121105226935,7.991894464243593,38.75682651953802,0.4783507872079331,3913.4478161828974,96.21344033413814,77.85236256118802,33.46256790334479,4.201911882791634,255.98371181047838,3687.0514914492246,0.06541328952240351
94.0541996336113,110.95942828169774,91.6079731469666,7.7766869756327806,28.259672800091835,0.3920663196008986,562.9034296972751,76.76044314533223,92.44803629545197,108.83929267532751,0.41760246792141853,91.1460864612931,530.2622343185421,0.06428934018199998
71.55751654125262,135.56170954434302,168.16732166264396,8.4559588830342,31.797393671578476,0.22020514241010752,1709.7193858875585,56.524303239322826,67.93476543103844,130.77967807886031,0.941915288655688,167.12552195052095,1610.4433868720912,0.05480652205947156
71.77016308314361,85.1750975345081,168.93513660116486,7.881611204799664,32.89077665181085,0.22007066726238528,4596.289213699913,33.48352857645711,30.976973236136587,31.328086936458856,10.606229360221823,157.2041807208755,4332.719970048973,0.3308865400984015
28.727317859651528,70.14263784649077,89.27721005373671,7.420434160134536,28.39824485858862,0.4115561506050205,4020.409670048977,94.6345170120571,21.49614035095346,60.59748353500931,1.880106152261495,87.19773000730686,3786.8242940472587,0.0
97.93076416136391,158.55551509469504,148.72056836598142,7.81258085629508,33.82616325958781,0.018396899451806115,4744.981033277703,64.11147838386984,9.862760462583456,42.30575021230488,22.897680961682912,123.39472673088918,4477.793875542543,0.0
89.68524162027839,131.53383749095735,138.92499583905166,8.060258733376667,31.090970098122312,0.251563598664462,4581.391452837612,55.72875813135674,64.31349457972381,98.04313139742528,6.596654230544196,131.6288062972465,4317.043366482574,0.22365184059750864
79.08055170757405,86.15501783377607,118.32431464679128,7.526472693420873,30.395627102992663,0.4850630171217308,1983.6834381640556,34.55748736042101,72.80061864374197,77.86550618951765,1.6327825965963538,116.51838532429213,1868.7213963121083,0.12261281778488588
110.19596193140599,33.30750872517748,164.3544164717237,7.48834440764223,28.736660276389625,0.14934011030133165,2043.9675023029797,96.16594401731462,102.02512839280712,22.52200845422694,2.1244167200357107,162.00471819840945,1925.6933695483588,0.032664858577777456
85.20195005086194,110.3602228676232,213.94878116792873,7.610669543700065,39.922173135260344,0.25400902899316463,1309.2208216378299,85.30555525173207,78.54000648045303,101.56645735468341,1.732105328306321,212.03299653832397,1233.6153999850587,0.23767667151789465
36.8980006096004,32.52466200224533,296.1208720368153,7.079079791995358,35.50456564436953,0.08304016556996274,674.087616409436,93.98530296538817,34.97583700453982,29.987406043565358,0.4997625373157512,295.56811270295987,634.999025858345,0.05720046811074858
67.52473876918049,159.63388309649764,88.34602041519966,7.414690030292164,28.6895318516476,0.09148420545743818,1186.2373824710571,29.123743037353726,62.68441946940173,153.24466162078966,1.2584830179424757,86.95408287942043,1117.6063013350622,0.02919796469570469
72.03564342324819,35.52115254763092,170.86455573521172,8.176494897116314,27.504581887611664,0.1485244780204466,2285.9026220187093,30.956183838414955,66.36125810999572,28.030963934137645,1.4753401814456462,169.23276464441494,2153.258901522797,0.038558493666995035
41.046576574364806,33.10859909100832,292.7522086249644,7.026347863168513,37.31340719323158,0.010298148601386448,4446.316409913888,74.63969749645486,29.05654095309368,17.281752070930413,3.117409261530497,289.30421695273316,4188.412393627287,0.06025863032315965
41.24564806481361,153.19251443211027,290.1723471309374,7.732870538587767,27.28464127616537,0.3702806283997271,4444.23358605537,29.16030166365104,31.507101744725716,140.33763328959427,2.5320220432228524,287.3718194534606,4186.210531862922,0.0
65.88526673223639,87.28012611311841,185.31677228481462,8.295033913189627,25.2758095343265,0.11464796523277704,2508.7713951010555,27.170693876500984,63.54547707176518,84.19160376129643,0.6083453117225105,184.64391562959634,2362.7799522829764,0.04442913967597575
76.30908008774287,54.25742473960592,95.389480731428,8.320359864077481,26.263204178995096,0.13841313547041428,3734.53865006304,78.93401702372412,72.01852206136512,48.593888144787286,1.1155450868582153,94.1556388304139,3517.303137030187,0.028213030050943447
47.214338564953245,67.77635209591499,276.98435696761896,8.44818169081008,30.304480603536074,0.2202416641853438,952.164256551317,35.38945520794884,45.581442975138216,65.62092991735916,0.42455285335190696,276.514782850148,896.8351066245889,0.06719303088130257
62.57635322102576,153.79434338647536,233.2655600032348,8.479889280641002,25.29190990837714,0.2684673323189276,1435.9956972619075,26.821635391411498,62.116163743039884,153.1868932755341,0.11964926427632881,233.1332226576369,1352.3377350620217,0.0020169847275624876
90.73511850133907,88.64493812018503,228.51813915112558,8.260535726366848,38.59657178603796,0.43821304787820703,3417.9230651804546,57.93449635086088,81.80532772791932,76.85761429927092,2.3217456010891415,225.95018646156933,3219.6393600750425,0.08888181215929812
31.51500490387798,144.89283042734127,167.59115415428136,8.338030114452481,35.78024460622533,0.2844725214153183,567.0988968612751,78.55522439484497,29.569356440557282,142.324574455758,0.5058686004633816,167.03164124618644,534.249407727019,0.0
69.33485521860979,94.0697089967298,80.51605732962177,7.768493701963422,27.641321340044243,0.49586438242940123,2562.8046096290323,61.56750641336317,64.1321493436596,87.20213724179555,1.3527035274870496,79.01990776872539,2413.969322960079,0.09409798167477451
93.35075363144537,119.28231600238752,277.46346258807705,7.24871871960419,29.206585285162134,0.27897615407223053,2089.362153587109,64.55524316626,89.72965052759893,114.50245990531025,0.941486807000075,276.4221367954995,1967.9558249475763,0.07980889170550935
30.051366430130948,97.10372329487102,173.68675881995364,7.600323448815883,38.03329991030741,0.3669711482402329,4501.716200001882,39.662938531203345,6.2360973631534025,65.66756812646065,6.1919699574141625,166.83816787254997,4241.845689560651,0.0
71.32349200122148,55.823615757744136,226.57224756886714,8.145962753909641,33.82502787597767,0.36549920083502746,3679.4039117193106,20.325758435354206,53.21615798672399,31.921934858607447,4.7079068437693445,221.3650956586981,3466.858378403743,0.10895742700723149
44.62326620794387,55.55209636311102,127.6175485783365,8.326976376401696,27.153728811711566,0.19332618291174858,4299.908585484272,58.78525351133053,39.062990729652114,48.2125327317659,1.445671624355857,126.01857221579345,4049.8521493115204,0.058291641877815936
65.21561451172565,97.8357270313064,82.87296482465392,8.417659865669041,34.06805238185418,0.3155073483674117,2914.1056597626366,74.36591307614769,58.160576348807695,88.5230766562547,1.8343099223586716,80.84413742151763,2744.9902108010897,0.09809399984759795
114.71196867319603,116.89501983691348,218.3030801444491,7.482092150490168,31.138888226003672,0.4931147176546807,4920.333598302689,83.784501991881,98.57394924520688,95.59283419196782,4.19588505127718,213.66224684322876,4635.241406880408,0.11494390999393396
26.570751117408236,58.97803151006053,96.90964410046536,7.320361304514399,38.92539993425052,0.23557910919274433,850.8604277127235,70.51514452952576,23.688161488750836,55.17301320023276,0.7494733034509224,96.08069368296715,801.5699950114474,0.031428796880791934
24.352396312255035,32.09472293861909,203.52053241078565,7.4752863083903005,25.907850210270617,0.24519079577369046,3129.254750079411,59.295952388653745,20.40598985586999,26.885466416190837,1.0260656786601103,202.38565866839951,2947.2656949869797,0.061735949141985255
21.848364264620596,44.63654963856189,188.23529762590044,7.9431782710307735,37.82096209143488,0.24071008988788234,4096.435650827141,79.21396963295716,0.0,15.796708809262702,5.6805747088013545,181.95233230237457,3859.961363115988,0.0
108.16622913614816,91.36500738505141,283.33673149531126,8.332468520640273,28.140283112389877,0.4186544677802411,3422.3129688508143,20.53306199977495,104.43180734329546,86.43557061848584,0.9709496661417057,282.26281848545244,3223.218316179351,0.032632986902414916
94.78609846978698,81.741002583372,298.36975160560996,7.122993936764043,37.64950130211382,0.2790532894869528,3529.6245211614023,53.40510081938574,88.38100002549243,73.28627263690318,1.6653255955165833,296.5278282958438,3324.5597824503307,0.054490606288672715
72.79943812039106,66.18656266843165,252.5770090966637,7.104513287607253,31.065723422576923,0.13925555561367842,4712.550281567604,20.631082468195814,63.41533647215962,53.799548492766164,2.439866428540169,249.87840957982226,4438.848637261478,0.06148244364859841
79.2701109661977,117.8892845373119,124.18642618218156,7.890864371522432,39.13369267233523,0.472322050853312,1224.9344235127337,49.69632520134632,73.97830497120034,110.90410062391528,1.3758695586993248,122.66465397247734,1154.0958479859144,0.17809124329802584
22.444383855771083,90.47856837129063,103.21213417087345,7.860279178966554,30.2144778434011,0.08438963078110046,3895.495078090902,93.62596513665177,0.0,60.85198168167279,5.835539802500483,96.75777064206386,3670.791035630066,0.0
44.64960347259031,36.441493640991276,281.86789985490816,8.105522418673223,27.472263751283343,0.007558823686001248,1004.4347293134781,78.74857566159218,39.84418147543665,30.09833660474846,1.2494097192599507,280.48599778629807,946.3975598262372,0.1258748839715214
65.73047159710771,150.0219964365274,105.12645590376594,7.708597126569629,26.85499921820923,0.32727770381801996,1958.8939995578985,96.47703356761353,61.70427831589086,144.70742130532108,1.046810253116391,103.96863775018173,1845.1362045984317,0.0220587349159654
31.274977948538854,91.81858722703029,222.76378075985915,7.297148517417956,29.653232747466774,0.04480362090819884,1984.9750497719392,25.21643771615807,22.677952178333356,80.47051321035907,2.2352267002534294,220.29152177765576,1870.1852423155192,0.0
69.26544705323963,144.26328238164416,230.61247476965676,7.05417121957094,25.682285119522728,0.09019410044818826,1362.1743702056167,94.46137326927841,68.6556715815342,143.4583787589929,0.15854162264341362,230.43712076615054,1282.8355854686602,0.008904810135515704
26.88241927591664,121.02243139781598,121.06285360653592,7.133616730269253,39.89612647278097,0.025741075534537028,2319.248410475351,81.94689736532483,20.317335159407435,112.35652036402381,1.7069218702923954,119.17492298845976,2184.756046745662,0.0
94.87363220225848,32.106119711282524,85.86909217529201,7.851704383387926,36.29411999888471,0.48463080430363653,809.837186059336,22.817682732442908,90.16987073430118,25.897154573578867,1.2229779816689037,84.51642477029228,763.1326455617327,0.046798953123046876
80.0178688927893,28.194389296588778,194.70731523770604,7.657195448327326,35.89898416345079,0.002341105529984233,1358.5851604455042,46.263491000220824,58.65848306204023,0.0,5.5534403159947585,188.5649661409492,1281.6616622576646,0.0
61.87056409045103,147.52074876291033,184.86580945611476,7.071797526346055,34.39590397550512,0.4534636198632374,1696.921681813412,67.37830020359397,59.810448594618585,144.80139630841148,0.5356300289164384,184.27337909995603,1598.2247406593094,0.009665969636364494
89.51940351362461,89.6935700582715,127.84255644709589,7.1377767954957,31.286061828089764,0.42258934403346166,3149.20318099543,37.22848785706317,85.43249464637523,84.29885035350239,1.0625963054848238,126.66727822569979,2966.0663148648036,0.046312624371079705
99.22698125711781,70.22775695534486,260.20712331730186,8.356119217788883,33.92998178625763,0.2394003325747479,4504.530104986026,32.63208112140204,83.28677607889686,49.186686120093164,4.144453346337456,255.62317574247922,4243.654797269766,0.07629161856544552
99.52353972385636,131.30235847171446,182.27416456483388,7.405179458631949,33.329213747118956,0.41839291380916904,4361.347626057202,94.56635830565196,82.31432667836569,108.58619725166677,4.474395391827575,177.32528658475204,4108.95431176542,0.18779567407860914
37.11078546733481,36.81390518425308,97.1408682047181,8.453810707175645,36.88650694494459,0.2511195593711505,837.9316861919597,30.16165310143868,35.23492003619617,34.33776281515008,0.4877250120960426,96.60142290287779,789.2873435516468,0.06329991715514649
64.69088823450824,86.06761222031395,233.1211075761527,7.605688053141721,26.74954121449882,0.4535705022521079,2881.8640885609116,42.44423591575224,60.49155980855509,80.52449869805578,1.0918253907478186,231.91350070166067,2714.3229749662287,0.06911359362546184
114.42573122494107,107.64212636623894,181.50941452065842,7.106166009099229,28.612082189935776,0.3520264127676291,1683.1439677283201,60.39720512485722,113.16746430315042,105.98121402947527,0.3271493996655703,181.14757290443495,1585.1644910861658,0.025251437876578704
51.94597117448107,70.84008330396405,211.6033199662253,7.982537525341466,27.72794172340972,0.4731143472215606,515.5108911079342,82.97663716283839,50.94674346097016,69.52110272212963,0.259799205512838,211.3159706251828,485.5674606137976,0.043623756472249836
118.71563003942352,150.2441714992833,188.0971270679948,7.411579306893112,36.71502920823032,0.22931729642538334,4077.6598992252093,79.1276617247316,95.21204464841402,119.21943878315079,6.11093220166246,181.33816744055156,3842.4757900140626,0.2601441873254322
43.69960863877905,156.313339312072,137.7421451421356,8.338242507040171,36.581651703100746,0.2172126665177519,2671.6138624361233,26.517430763504066,33.42290614980221,142.7480920266226,2.671942647133979,134.78685912637698,2516.9779347479507,0.0
31.12230740768303,28.414585698308088,240.77950417953159,7.369483869934569,30.658677069609723,0.38253555468600675,2292.7228309902266,57.849410721606915,24.947741404287985,20.264158573826602,1.6053871608827168,239.00387541312674,2159.7349620634045,0.08160647466600156
108.20313870781267,139.1197682021107,118.1633987224709,8.31191572562055,32.75732529148067,0.009774927009324086,844.1920124474414,93.39383144084992,101.45528171979535,130.21259697792777,1.754442816884508,116.22290784863107,795.7032526281236,0.29411362624103576
95.88687013890471,109.48073361625617,89.87703182173155,7.2887386341218985,33.56195426692069,0.19546505447982432,1462.7916375465538,25.728919419832383,89.30452473813033,100.79203768723406,1.7114098042013255,87.9841373514803,1378.225754986253,0.1833857038681205
25.152021548674835,119.92682347932498,169.60422513419405,7.083708677552665,38.447147847703185,0.1389134855152312,1551.5930686630688,32.01176036144608,22.148814517036776,115.96259019756279,0.7808338282258958,168.7405885978102,1461.4683826058358,0.0
86.52884660794133,146.00887968142047,162.86187516137045,8.434417003632271,39.227011979262976,0.08381242367241226,2771.8121545509593,83.1817632426912,78.37227297479619,135.2422024856688,2.1207091446177504,160.51627762943883,2611.1089716398474,0.09721922079202937
90.43624659932411,39.095989546046575,128.76172405729199,7.790877662885151,36.0931039442754,0.35270225839521724,3151.6859342066523,24.142937138274956,67.52494369873453,8.853069717268315,5.95693875415329,122.17308795173673,2970.4150669164105,0.03845004016154204
67.72321211178925,86.8249226744034,237.81201947933405,7.351908745280124,26.794876778296956,0.29686642073779834,4020.991326542535,49.250600858587916,63.021376639457586,80.61849985092563,1.2224772228062213,236.4599059356478,3787.1018412910994,0.054190962339086615
97.4709167346251,90.85223946748397,174.43081114054226,7.369825060115878,27.780264137183572,0.2103565009127359,994.2934551055309,59.404235348697384,95.46112148721157,88.19930974089816,0.5225467643275156,173.8528514501075,936.5487750218332,0.06319710487252096
69.53435384505659,99.48784799802849,129.13684262239673,7.854720516401605,32.598177290434684,0.4021410046924536,1287.2411618292033,73.99707208493572,61.633915607322514,89.05926952421946,2.0541139418108645,126.8649023120312,1213.0492938817333,0.265554111345434
115.85298995824574,152.15890977591363,155.92295022746458,8.248207511671893,26.6700722492605,0.07344835864551619,2806.8565166043413,64.33514702603478,110.09876062276705,144.5633270530817,1.496099627224452,154.26819827713328,2643.8538694878453,0.09694481157233226
56.676904327686934,77.80096943443252,112.93530983580038,7.564343648469283,32.352665960801986,0.1644534062381643,2068.482226502509,68.6300730968374,39.39944835719633,54.994727553384905,4.492138552327555,107.96680714028643,1949.7519814513755,0.3782873992428442
42.41524667216154,85.38180484877746,279.67895529614003,7.291111286262983,28.885245741908086,0.39972856362594117,1986.328101608421,36.61021389885944,39.50888793531178,81.5454113161358,0.7556532715809373,278.8431695622431,1870.8514766416256,0.030763874989141057
64.17799988425503,54.38206323109096,120.1755708627711,8.280826227019851,31.921703711119726,0.005062112808701391,1528.6023757099238,57.125507846939286,51.721423662658516,37.939382618583586,3.2387098176150895,116.59341544361769,1440.8278029915837,0.21907133983151594
56.522912644965054,71.1381679580191,81.99218130985643,8.111727587590465,34.69284948733532,0.3790195823790897,899.8588828696809,35.60967292866665,51.74715388098208,64.83416638956156,1.2416972786355778,80.61880953958531,847.9144913406385,0.20483320442609756
113.94042755578369,142.34899318771454,116.54699984007303,7.596505605398527,37.111563360298476,0.4402705747252691,2308.3972483083708,89.71907271595474,101.75529750024867,126.26462151440828,3.168133814439102,113.04290458267414,2175.13786593084,0.2360456216635409
89.334576942403,101.95339922631148,272.4370331709159,7.1986824109399015,30.380953962731944,0.4196936507308034,3652.328160448715,21.48197361281192,84.12271233696444,95.07373794713256,1.35508479741403,270.93824982080895,3439.9832959152186,0.05828063088434765
36.27897507900535,156.48513940867437,243.95270904699893,7.546787238967778,25.46108966068444,0.4912860431179574,1727.8486291635165,66.44683356066875,34.897412456198886,154.66147674656983,0.35920628192968207,243.55541110989756,1627.2763985070465,0.0
84.69958195371242,31.09070383843367,219.11898343287373,7.819845223186325,39.44477676007343,0.043371621821651274,2287.9336687970076,95.66359831886137,61.14601843974748,0.0,6.123926513630872,212.345651525215,2157.074859124578,0.0
53.93332603159644,71.79834866987812,86.15315039394766,8.393325587024675,37.735946302777954,0.26262046582777643,3848.3381076879878,78.16515131979116,44.00447681721253,58.692267706891364,2.581500795739816,83.29789704129695,3625.071353251497,0.12260035972271416
23.25975634589891,121.88161830122111,211.70069937764288,7.346917252824668,31.05211199419684,0.36591815097543795,2588.272844535083,43.17871589929237,16.001743111712997,112.30104083209568,1.8870834408883386,209.61350214329772,2438.17251056255,0.0
100.39786815023294,129.6505007073746,218.11737539295376,7.720002319657127,27.028981471979627,0.3321597834344251,1293.6674221623953,91.20754704639671,97.58794704835682,125.94140485289809,0.7305794864877928,217.3093223675142,1218.5571038189144,0.10107265102590644
65.23979830034239,153.07330981346365,178.29029724879865,7.693574367479154,29.362350782537682,0.21332412200605755,3367.287164066734,74.04838906930928,47.7970293029507,130.0488547369066,4.535119939321836,173.27425524997722,3172.864607744297,0.0
30.117567247082793,132.19578439565657,254.40888477059883,7.568489717589173,28.901862504513247,0.20537737519210958,1471.3043382914675,49.74670088466017,24.06601520893685,124.20773570530395,1.5734035299179443,252.66863130591486,1386.1855133326003,0.0
44.983957461972615,28.315221554970023,212.42143719012128,7.215845893752969,26.82957640213831,0.2423162027188071,3167.1363370731146,76.06882863182719,42.31542393255552,24.79275729613945,0.6938187176484464,211.65404319087605,2982.8025727757904,0.018226607907211624
86.33806401768577,57.31199860966224,207.22942960012728,7.801752560038972,26.044571748734946,0.4998826316400707,1454.2787213452602,35.638509913674966,84.5923726541277,55.007686009765635,0.4538797545250894,206.72741864086407,1369.6923426886797,0.02832772084540412
43.029148820892004,152.94862884262255,152.49028534462462,7.419484072771098,35.248939698342,0.2121974924777142,2682.8153489017654,94.37398074216469,25.80953674603265,130.21874090380817,4.47709913946343,147.5384169008115,2528.2681730356007,0.0
88.53236671540182,40.86121036716327,258.82173855972155,7.129416171091674,33.75191484884146,0.3471128564695995,842.977905414688,62.12222233064976,87.00696298624645,38.84767744467821,0.3966049695803868,258.3830760301801,794.0019671678355,0.02337046023380948
85.04004912420626,105.5403564920722,132.9904818934557,7.666784619084236,27.09765393022284,0.31414287507553307,1688.2152869359938,99.63904885647517,81.3031813995477,100.60769109552294,0.9715856084112274,131.91586550349317,1590.204997699886,0.09895682226279577
111.419699089674,111.42599086174029,159.7088418755712,7.650197856261902,33.76067228922942,0.43842102983100795,4466.212309436216,63.13869848126565,84.8765220558305,76.38899717706693,6.901226028799302,152.07578253712455,4208.70340216332,0.19400770861415317
54.92197636721589,64.6285927216375,210.13015710403963,7.415783967736456,30.87816362485056,0.3436096518066723,1148.535174619335,61.60814985741904,50.97045591482774,59.41258572448514,1.0273953176209225,208.9938127225171,1082.0068745481306,0.145866440667377
36.665016069354124,142.61481114918962,134.95559294863008,7.464076248764885,29.906539129246582,0.3082100229776429,2196.9673887938507,84.21363241767466,29.139263548813343,132.68081782207577,1.9566956553406036,132.7914015452231,2069.7056776539252,0.0
96.88229634519386,77.89852143756448,243.56927815747787,8.210984116828532,39.999555581514336,0.18130407381271735,4371.566171419285,99.11344687902839,79.71490680782776,55.237567248241206,4.463521279715196,238.63242742337525,4118.572712137362,0.0991384604120461
29.28803642654652,46.01068445809471,202.9988974028641,8.36131888481942,29.732546378131985,0.4704724528212276,886.085378279626,34.38273413818922,28.119748138079697,44.46854391731851,0.30375495500137384,202.6629310707664,834.5584640649728,0.04283444459993423
98.1359991469984,153.2107537711373,213.88126176490056,8.36870659472957,32.53846899379015,0.2514665889735609,3302.6764038856395,58.08664406488952,88.2221130376714,140.12442410682567,2.577610388425019,211.03031137374694,3111.2158026356583,0.1139050860560768
77.77155250721884,41.10578263376111,93.69655621388904,8.268511946409264,25.92316020723329,0.3084439917496797,4720.044203216764,85.28510159157935,74.02981811313747,36.16669323357373,0.9728509424611507,92.62054030884822,4445.30291990652,0.014151232701617777
111.57107478195675,125.91042916436372,284.4847194873849,8.178432630152214,37.54224699488716,0.2296415334025848,2004.560666898489,85.27068273123179,100.55608581071537,111.37064372232504,2.8638971325227685,281.3171233732264,1888.8875267012745,0.21953677472941194
36.01727323268297,104.63672245719506,167.25416885317932,7.555140682946437,35.43726455665099,0.10554875095719157,1568.6219421087676,75.95269949486641,18.456260144606738,81.45618518093445,4.56586340289982,162.2041232322797,1479.0598050207993,0.0
118.25745527346805,104.57397880178571,163.95397930770383,7.739297976333624,30.134435464439342,0.3153358030522675,2564.433044083226,51.3753260162899,105.38953403116444,87.5883227619449,3.345659522998947,160.25353281330996,2416.3217549294754,0.15079629639717598
36.86978421876363,49.2564141373941,117.67279117192587,7.509423536442366,36.340085518175606,0.4827163807189288,3633.440744004706,75.17671301290873,20.652115372664355,27.84909126054306,4.216593899985815,113.00905297375473,3423.3725450895736,0.21250021095854532
66.25154112905962,45.22960128724242,156.74631037728264,8.349196443613119,36.50469415697998,0.21760129594357663,4612.299301273657,98.67743547754493,49.21928078065741,22.747017627351486,4.428387690584577,151.8483189370921,4345.258497012142,0.06371630550338132
58.53921196561674,103.81191182256802,170.3224202104202,7.855286479126232,31.96150863179936,0.16723102679584018,3326.1420160661896,98.4746127983659,27.467288308836242,62.79697259561773,8.078700150762932,161.38702273597744,3135.5738345325494,0.1317169536978911
105.09206923868354,152.46557887468458,144.27011767529078,8.091739509425976,26.60017694014775,0.14426568804253054,883.8054950732998,34.48064060971342,103.07395057672045,149.80166224089328,0.5247108521104048,143.6897644086433,832.502273651311,0.08127227730483767
45.79477656176077,73.77760387433958,180.14130374367653,7.02927551723347,26.165208495069237,0.0866990043782665,3937.6594953290964,20.805825203178358,43.91895769930864,71.30152297590277,0.48771290423755154,179.60187183365986,3708.3256723224677,0.01762704080274335
102.0689824726098,61.77640033046611,154.00662500721626,8.29940452516366,30.624863931694346,0.392278504165931,2713.7802900371835,83.09749013762213,96.07469896424668,53.86394609942678,1.5585137121744157,152.2828403354541,2556.2288897707663,0.04498358467146013
78.96360134610288,53.50332322798356,291.805296787796,7.987304184513853,29.882920035859403,0.18594117405355043,3390.9267729235253,95.02746217852258,59.571136010960075,27.905268985595058,5.0420409871371294,286.228577827847,3195.334443037417,0.0994601143137493
42.685221111359326,37.9713664548989,196.50971178604402,7.441737706708077,30.392668589565908,0.07356069206851878,666.4521892790524,22.741469372290226,38.27836067856819,32.15431068361463,1.1457837125256918,195.24242463587137,628.0741350085838,0.12824582255172234
90.1936838320911,135.07784568849183,154.73171954741736,8.04307650913433,29.216042471087217,0.4277468006600464,1608.1598091993612,38.83193384193538,85.6117671551958,129.02971567499006,1.1912983359927753,153.41409122304734,1514.9063999140403,0.11646598437821351
51.34862797899508,128.73909846582603,191.64086337305955,7.869402497985245,25.414282551731777,0.44301035198325417,2107.776645897986,52.4777451245611,49.19935522257012,125.90205842734507,0.5588109166704899,191.02279393610473,1985.1396532967633,0.0030567372368857978
116.20918732981387,79.8699239639438,235.16115303342286,7.758270286191998,38.629447872310095,0.40853253911532944,3567.175067333946,43.083850711875954,97.44024650329716,55.09492207294169,4.87992461489435,229.76374190716885,3361.2423155798815,0.10847639665014441
94.31988187732034,64.25509617251676,167.97594379278996,7.440214434149522,32.780114083638495,0.20290403051406114,1182.807779371774,44.39291022019358,86.89559557845193,54.45503825801048,1.9303144377057815,165.84093117570106,1114.6526754152947,0.14293363700664277
115.98048846669386,32.10979301080459,199.14325200193184,8.34639555984554,33.74065810083317,0.11316617704981818,4035.795138065454,85.5165972515787,95.89043586166409,5.59092357216528,5.223413677307742,193.36592687422828,3802.6861957561123,0.012250966351934267
61.81048285442627,36.952379361351746,183.6649795782876,7.820219473422596,39.8109541225336,0.26305840569557803,2539.151871548479,49.27592759100282,47.59010187206621,18.181476464636443,3.6972990554136183,179.57560430436035,2392.658661648632,0.08041784364450642
63.7228178348221,49.631852106168935,278.75396443601755,8.065577273168897,38.67881565834998,0.013661963626408036,784.2525941860797,81.3894374903743,54.38158588545514,37.30142593300458,2.428720306835408,276.0676930197209,739.5348758888462,0.22125690168715728
109.27610020106589,94.50908302204041,126.07376698296355,7.195944555330145,25.313968511416974,0.329690267041464,4329.091642906877,52.77910957390834,107.59627698721414,92.29171637975608,0.43675403560145265,125.59069782160879,4076.919500113252,0.012017279484454317
21.735632378000552,99.1727407675566,193.8961180893861,7.853376930046579,38.89548881025121,0.1431498357826152,1486.5065591489079,43.08992900481635,8.81004177902641,82.11096117691073,3.360653555733276,190.17908753570967,1401.2357747703109,0.0
40.56555549374421,45.007050349810385,180.1002519357928,7.028065267698372,29.32455831417119,0.36701369557361385,4154.494008767671,76.74545240899724,38.09214764947794,41.74215199537891,0.6430860395092289,179.3889705085774,3912.5843012910977,0.023894339953184424
103.11589785384803,122.73284361599308,297.0208376869258,7.101187495377798,30.9861684784696,0.08223196210681755,1168.5456222136463,63.88252249673456,100.37567521745888,119.11574973595943,0.7124578854611748,296.2328279487756,1100.7214632722478,0.10035467146252217
107.5223594071013,101.43989114170253,145.45842245231248,7.53623689907403,25.092814304176812,0.27760520000892214,1675.7062598188593,34.96876376061121,105.85775581731885,99.24261440318969,0.43279693334344504,144.97973001999355,1578.2037540073102,0.033611874175439774
57.88488638534172,73.76893102369397,172.44858055292985,7.0142508447435095,29.06231468330865,0.24131374468449024,710.1979968367034,25.53610134601449,57.40281826262561,73.13260110170866,0.12533771190618956,172.30995153421156,668.8506050438773,0.020992776174225413
38.76849728369928,43.51788376965317,276.95000307592113,8.13820877004177,38.30663829411845,0.1632504516799137,654.0715013225584,27.99452080060494,34.585394439506544,37.99618801531877,1.0876067394901106,275.74706221515527,616.391238547995,0.15888540810185423
48.53675333512251,65.31094786454187,87.09587986763265,8.25776716453289,34.14572531106663,0.15533933309038606,656.4871816567527,84.8598171073248,44.599299359006174,60.113508616068295,1.023738033790252,85.9635806027866,618.6398632636151,0.17452304718620898
110.4462192440887,107.38821418521282,284.0912598596117,7.13628354015651,33.15872860236955,0.46227468508357417,2486.2568458358883,52.4463964335261,106.72671885505699,102.47847367169103,0.9670701011482341,283.0216378191659,2341.7252259165143,0.05183858454728846
45.12639011439902,152.17506269971668,228.74466622594977,7.631255753338797,37.93418529195991,0.017967082260727463,3526.184944379257,47.2468511434844,0.0,92.60822774870995,11.732861429743746,215.7676057544805,3325.4392120744283,0.0
44.55392808137084,59.68602268035345,253.62885401071642,7.568775658594086,39.269641295501984,0.3912781432920672,1647.4976251064852,82.48083537701724,37.75598556269982,50.712738555707716,1.7674650548544664,251.67395996927573,1552.1878764137418,0.19529398262407102
97.50985271585591,137.14238879760808,255.9907088820289,7.1286533987692895,27.622074284742954,0.23716284391591014,4551.513612112227,58.67123934608715,93.90840146538484,132.38847314698626,0.9363773251224701,254.9550344010006,4286.581337668202,0.03510349270710175
44.67032135699926,48.84418695400093,80.37390254485456,8.057116052301673,32.5973775068993,0.11009846073663504,4949.960494430095,51.625053500155076,7.667149422150063,0.0,9.62082470306079,69.73284752987581,4665.344255598347,0.0
76.7662493511609,26.829589504739776,112.47003048268849,8.162978426590325,35.72038940730311,0.45361001761367736,3430.3226569997487,45.43974867540974,62.71447595293484,8.281248619081385,3.653461083538773,108.42914193259861,3231.86311242145,0.021338594924054863
39.82426023338615,68.27288662279025,111.52479195149014,7.529172460248907,29.587542694900566,0.17908952252532323,4204.6657554218,51.056775213032694,19.5491121549252,41.5096911592218,5.271538500399851,105.69423865406988,3961.73314285911,0.09596686867103998
92.06554470216636,51.08538123605079,114.74964648699952,7.0727746526144735,29.612999610106662,0.43480732433087843,1117.1735739451033,21.754191702909687,91.27785196586606,50.04562682413439,0.20480011143807605,114.52312856154629,1052.1353949316835,0.014033771664075621
29.196701826924524,110.61268779633662,207.1044716770223,7.321306615240418,27.992629502676756,0.008499842170657801,2883.596199152627,79.23276233915938,18.735277996531416,96.8036083402177,2.7199701959022082,204.09606508122494,2716.623088440903,0.0
48.04427662200479,136.11690540910604,85.58154123813456,7.554332969532677,25.483474902088904,0.061553404013564295,1968.307869531027,73.58646377044248,43.78803708700068,130.49866922290062,1.1066222791010698,84.35756835471123,1854.0258969540737,0.0
114.60647078218224,139.8082938650798,147.26317079632176,7.723843488126789,39.23666152324297,0.2971514641710851,3509.9593401599814,81.70770767237352,94.25058083208353,112.93851913094953,5.292531387025664,141.40939844352914,3307.5313720648214,0.25064234608777464
111.2508893478058,133.56461260530563,112.67703763586266,7.647573718863276,35.61507538745586,0.29170497261028216,1074.9283220411762,73.96956089459921,102.76623564092526,122.3648697122233,2.2060099637889388,110.23709364844113,1013.1750237717406,0.3387390469554797
109.45203575081881,119.33421078593477,93.3938227166546,8.02812996772839,27.439817232243456,0.2652682779579207,888.1099412934391,64.75144590561636,107.27830264655721,116.46488308830945,0.5651706071080137,92.76871918252911,836.5724302020727,0.0801521676343811
77.57735136707792,135.59216059966366,254.9000244231802,7.932201105988071,36.25996710347816,0.28658009654868183,2057.6237757565796,61.04107661306804,61.30901267121216,114.11795352112094,4.229768060925097,250.22171502392624,1939.4187182188327,0.22371441050526406
21.84339411499742,80.93133096824126,280.31272606633536,7.987572517765729,30.43289762751857,0.38306734084764416,2533.360247782056,91.68479139427018,11.363746250071078,67.09819578653847,2.7247084448808496,277.2990787588931,2386.804993992802,0.0
119.25961034423733,124.10104474345067,218.79736484298763,7.4881239011033065,35.396157301380015,0.2660544645010116,3550.1002786676863,39.64867856909024,95.71561294642805,93.02296817834241,6.121439323430417,212.0267838770177,3345.673012091615,0.23306789652864085
73.76345632416422,41.676036326361654,87.31382762673351,8.065605672482425,27.933442823178552,0.20775177551271862,4991.948297871815,30.604217584357034,58.7814891125357,21.899839607011963,3.895311475023423,83.00544191287521,4702.557950057198,0.041750695412813656
81.17793115624335,142.53147517408894,248.06119725766635,8.18482667663525,33.68074281204311,0.4814673946577687,3052.1685563994834,56.858827395816725,69.74954448434929,127.44600476718881,2.971380534692458,244.77471977616307,2875.472371121333,0.11023553545039562
35.20049270347753,66.13212677705404,289.26759953508804,7.228297611635407,32.0654289258189,0.17656423653520542,4870.618278080339,63.10222436827628,19.02984308764089,44.786869284149674,4.204368900117527,284.61738272413396,4588.427467804052,0.03828967361500027
54.210838702004054,74.75076875281638,231.47375806238023,8.369930760690357,32.630478412232705,0.02763715078700052,4864.611817573343,89.59127103315993,25.498808836209914,36.85088932996811,7.465127765106478,223.2169986166883,4584.110906473051,0.25851496910389
111.0500478442305,69.68654646791279,258.9325758697663,7.421614320176496,37.040542791905054,0.018975120753937813,850.233690792915,25.74756719306138,101.48284486484403,57.057838535122656,2.4874727746404863,256.18132164155145,801.6939538134852,0.18419973224860736
45.16086354526095,81.82467207997976,219.14720608596434,8.121312968885153,26.11657891932603,0.041865070949246685,4361.738455135944,83.7421390482387,33.953215560534346,67.03057674014065,2.9139884760289156,215.9242067440708,4108.681156571715,0.06297043942351552
98.2729541858047,57.58383429593896,283.7190319111014,7.398075285200146,27.39385443026047,0.44868240535638476,1589.4517684705963,84.71900835671403,96.32877184457747,55.01751360551895,0.5054874087190876,283.15994061783135,1497.0070823846963,0.025339019042895754
50.447152246444986,25.875373303768754,223.9573055807284,7.61591143011523,27.731879562424794,0.4735111894231344,1130.7292418737536,86.49329666051284,48.28753359797529,23.024676687788766,0.5615008486021177,223.3362609608185,1065.0474443546236,0.03363160396559097
41.7174955692514,107.66171862133747,137.18221951227946,8.209489823932484,31.945225707742477,0.3423110972794655,1029.0602686862471,97.46375606377461,37.831695660877706,102.53246274228424,1.0103079761771578,136.06477448148573,969.4893839302732,0.0
73.47498809931778,28.754621197730337,221.96233364358804,7.434574231840456,31.327543146051198,0.09635167863899635,4848.200547930718,45.058403554403476,51.69118416164327,0.0,5.663789023795369,215.6979340255111,4567.891660932304,0.0
44.20470301928488,44.13799863836999,113.26124956104697,7.76207013876234,39.40717297808487,0.4140993780180226,1370.303789246882,47.667245619252995,37.97180929894777,35.91057892752499,1.6205523672876523,111.46884740975572,1291.091866458301,0.15784262097125248
93.37972278126924,113.20374663569011,229.44178246654343,7.279041644333133,32.942119624537284,0.46787517774784887,2140.628641775775,60.10358800827406,88.08630576113215,106.21643616910917,1.3762884252356349,227.91954697203835,2016.4125485373052,0.10764838796779856
68.21957076099761,34.053313589908655,122.26198942284095,7.176280261793866,39.78589393313737,0.15592202909436076,777.1178611468704,86.39195553258118,66.52204071612577,31.812573930677765,0.4413578116666881,121.77382828279424,731.9994285917948,0.027986727263370266
68.90606387297592,40.59845740103973,222.95324984709328,8.174774964076043,26.8912546315358,0.3616572549464617,1123.5531707029725,28.07775588853831,67.46689336117859,38.698752325467254,0.3741843330673055,222.5393855270578,1058.21271326184,0.02680680972314013
29.662636096428265,153.60302727966373,124.58187116806198,7.048358252233077,38.46316439751804,0.49540874632604487,4704.591373032802,63.376730400977465,25.882553905443302,148.61331878756357,0.9828213696560917,123.494827532283,4430.754962595257,0.0
42.1190334899058,157.49673464441406,238.96830284004903,7.572133481091861,25.82800708881161,0.48722216977846605,3938.0457393641254,92.88447596690632,38.3382511782526,152.50610199303188,0.9830034010298357,237.88105786956936,3708.892919673286,0.0
109.88281983010312,84.96539571765337,177.94370670754353,8.152830083072786,28.61069990228065,0.366303238160966,3714.8300471900725,91.12249992370083,101.64250495200298,74.08818007856121,2.1424818683060387,175.57402758616988,3499.165366555993,0.058541360586479706
118.98683190734148,86.98453450992918,88.93933352476402,7.410774487373226,26.006866783703746,0.3088348125051054,811.9564781069128,22.266380963621664,118.15914816963884,85.89199197616172,0.21519777180268443,88.70131532990754,764.7143006790737,0.02045755346514888
22.36248842551221,116.86739362441253,171.3945861051965,7.79766439430247,30.396072152401516,0.23213031743883417,1436.4332779575025,50.888541023263784,13.430662987469258,105.07738404619586,2.3222746138911665,168.82604830422795,1353.6548244621597,0.0
34.21030687513101,43.79075719439465,167.84470117391731,7.826852055834732,39.354276820938466,0.03159644546022061,3232.6964568365383,91.88922400376381,1.0354908187714253,0.0,8.62545217465349,158.30457192799562,3047.7851636162013,0.0
104.58800225284028,58.4263565820299,156.98665588913013,7.69497442564964,28.322464044970616,0.14771857098698232,3999.3639980460484,57.89225432553614,85.58374964819835,33.340743143902586,4.941105677206896,151.52157581868093,3768.2631719311944,0.06836856291964562
76.43540226761743,93.95608727800678,229.5857270155996,7.325606557895993,33.46680476800746,0.3658747363126155,4381.284356066948,66.61371293337191,61.13539925321682,73.76008329899796,3.9780007837441578,225.18588329160121,4127.524906394393,0.1526667185882769
118.87467027187552,46.12439986568586,115.47634419419099,7.275023717028005,38.32762954491105,0.35801923672104763,3146.5618781215535,32.20996051385244,110.91004983178064,35.6111008847606,2.070801314424674,113.18594691620372,2963.9932484262717,0.029738759494616924
88.62472783900377,140.88282407702457,92.21413240763806,7.056390914437846,34.23021524552625,0.3220211404363264,2429.345876873649,86.74590112173253,85.19319839898318,136.35320521619732,0.8921976544053564,91.22732258438646,2288.1009480007624,0.0529831042359417
53.18206598930357,99.62204507076584,193.81525188696034,7.214582522569875,25.40670978373273,0.4223346614552945,3628.6709481903285,22.47585413129377,51.85699648821504,97.87295332932898,0.3445180702830163,193.4341997575759,3417.2898600131575,0.009972284266109945
65.9974293764751,91.54024131517923,161.8423615873637,8.313565890684762,30.671790874647748,0.34028671648951103,1429.393759054612,90.85335796694311,62.659810781238164,87.13458476946646,0.8677808347616074,160.88255783990485,1346.4280515574271,0.10565902174973259
118.62900296893179,114.62097956716075,98.02761855826806,7.221353282039576,29.413297320801583,0.4452186274609477,542.7979258649954,95.10103782136008,117.96370485425314,113.74278605578495,0.17297750981644852,97.83629782900402,511.22820244138404,0.021779463351265786
84.66990628170733,152.8810594961409,260.2865898350609,7.009752904780605,36.04404272408368,0.23195641832116815,2687.5055487756845,99.34194020896902,81.03754773594562,148.08634621573546,0.944413221898042,259.2420272989725,2531.233420252519,0.03965417582958125
74.96081184249054,45.51947623603711,214.76745990422236,8.150985529514362,29.796902501584846,0.34486337375541015,2643.7184308158694,83.18680027818847,66.97071794988953,34.97255229780378,2.077424412076261,212.46973718910724,2490.4642936586865,0.05783810899284262
119.17637423749125,35.85097810261229,122.50168676566113,8.197296224281205,27.483896113577526,0.07217665130743484,3725.6078296762516,48.699755439550714,107.97572409232215,21.06611991098908,2.912169037743966,119.28069980248608,3509.631111015506,0.02183826611819672
55.03795371232511,142.2193191341384,276.88266392871896,7.797641197596518,30.886040940744948,0.442291560504539,4500.197666855269,47.85239063528333,34.17758668534327,114.68363465852242,5.423695427015275,270.8838183822454,4240.100527000875,0.0
111.26370744542106,146.95310921707303,101.50577010012418,7.578460520868216,39.96128632327425,0.011601874649233845,4480.570121730014,89.92856444522641,64.64433415707487,85.41553647645615,12.121037054970001,88.09937032448978,4224.369074905107,0.4950855369170182
90.46733079510355,92.86178266698869,175.1411868958899,8.32900434317078,25.81567921586937,0.29320913520076686,1669.23291562124,65.2883601078074,89.37190682409798,91.41582302526129,0.28481023246146225,174.82617425965645,1572.0469450495777,0.02425645017734161
44.36889526570869,129.08926374675306,122.85045051052695,7.77965595284082,39.579358901077526,0.39916107067059264,1980.6386301464977,93.22632640966,35.315972638619684,117.13940587899557,2.353759883043143,120.24708861790835,1866.150322975211,0.0
54.48410376966263,41.85711073204726,207.18491463444678,8.410351000913366,31.359747289661406,0.13496824139955527,3033.867868185766,50.78268307994663,45.50278636153453,30.001771753318195,2.3351425261133043,204.60214435693788,2857.977007929105,0.07188231268020463
77.7546171264377,139.54937094016103,175.3809908245669,7.906737765244669,25.44276433203855,0.37927359095679397,1876.6313590634252,89.37651583187582,75.64306811065792,136.7621262393317,0.5490027441027457,174.77376965760052,1767.4642681974212,0.03381360183470887
100.31896734370555,50.36038313621641,291.6384014375175,8.182897875978785,37.95446727260907,0.20520565843343713,2954.778617173264,33.533597908252816,84.18924879856047,29.06915465662485,4.193726821737734,286.999955233035,2784.2617094594025,0.0697628915052117
37.78976295522361,47.08907762044872,191.53367113928869,7.5635056682537005,26.15778680905225,0.49388274432716395,2036.5659001771191,94.50476609584732,35.65504761255995,44.27125336813271,0.5550259890925493,190.91978799860559,1918.0783713133135,0.047666562036157496
27.795493865419267,81.82057317349293,200.2191863215313,7.734491281213665,34.97772310585281,0.13385684549447713,4923.742031457169,20.647780276777965,0.0,45.13052127113948,7.226828405009011,192.22599644280433,4639.649286108048,0.0
25.66670325830131,33.55748137276193,228.9351682740775,7.421341229132605,29.723016684197194,0.1304091448515265,813.5372483815661,61.08902880358632,21.982529616206733,28.69437216519708,0.9578851469445908,227.87570519671522,766.5080923708397,0.1679575709972925
69.6084253355228,70.50141932309836,222.46341640836954,8.051161104390719,28.37667423860438,0.04220474124545304,4991.800621182294,46.817186204932455,40.333453232709104,31.85845614738428,7.61149274673156,214.04477085937467,4703.945800934502,0.17130760526704025
94.31142050603968,70.89652397084035,239.8605770146182,7.229649265780609,35.00910116872843,0.10922547979393654,1847.927267607404,82.4329920086312,85.26237680003048,58.9517862789082,2.352751363562395,237.2583305888758,1741.1745691039976,0.1229648765212351
44.976039511403926,141.57079722420124,168.9284298093948,7.597910104964337,31.64917377365972,0.371566851287401,2720.4910159694796,77.60990972068663,31.021609747480152,123.15094993582186,3.628151738620181,164.9155345072836,2563.3988376952184,0.0
78.96634355921486,62.214708253739715,230.51974210810084,7.027874120931269,25.00191616804496,0.19878487242262372,2814.7392541809704,20.535869843772065,78.3463467691639,61.396312490872454,0.16119916541325272,230.3414487454761,2650.728582326356,0.006259582526170807
27.233069747475717,81.18045828918767,249.3297291633435,7.2725631173193905,31.16062912330636,0.49086453894652543,1012.6908953286757,92.77138982586872,25.340885780522015,78.68277545280877,0.4919678314079641,248.78559111684666,953.8612243215144,0.0
56.41902943957687,77.65579442274986,279.43947808575086,7.418753206543522,31.4427835213831,0.4221135903980402,1209.480837011503,25.999718848014545,52.41876208801082,72.37544151868268,1.0400695114071707,278.28911548879324,1139.4050979833867,0.15121281974107953
53.350528012048485,135.05691008781716,183.04073969923894,7.989880329984267,30.473930227746862,0.03130624081680955,2219.9878136541656,27.48629947661703,29.596415630786336,103.70148174455112,6.176069219128162,176.20973566731314,2093.117903892949,0.0
88.82698046968503,148.12048240829085,155.81246455628954,7.62322842382532,39.92661326477163,0.1658650018646456,4582.914030406912,82.85546576218445,59.48938434497693,109.39485552367617,7.6277749924241025,147.37581012785554,4318.900876728269,0.18706196724184848
45.84404693434479,102.66012038205831,177.32996606080658,7.492025526060127,28.36568386557001,0.3208218414502103,3476.4131367097752,74.58357182562972,37.266687184084276,91.33800551171446,2.2301135350677312,174.86336246405315,3274.68226589889,0.01770675799902907
40.11907414534435,90.96897514665388,234.46834139725678,8.171489599927567,30.229122195141265,0.46171620048810424,3299.7850578480716,38.12924566026308,31.57572470175413,79.69175388111479,2.2212708553334513,232.01151819297857,3108.346561141349,0.011946262930070353
111.34701572460024,33.44259264237951,276.08073862093397,7.163760852059683,26.631982570204343,0.31166762964267697,4077.215967308923,25.249744802846017,109.04353288831958,30.401995298489037,0.5989055374329727,275.41832277101497,3839.792801004074,0.0057580490429799515
87.07313481386986,70.82966307048429,142.70033699778708,7.974574376284727,36.80257180341431,0.29059909879516294,4584.423723656058,23.38401646238445,53.90822856883382,27.051986827036714,8.622875623709369,133.16305753046458,4320.731290090126,0.13620548157762602
98.32221109873879,157.55162654423415,88.4938190577706,7.591430337430506,37.85500461380383,0.4857432420794706,4672.73398766008,51.7268649566957,77.08955203223358,129.52451657644727,5.520491357291351,82.38791295764561,4402.619171994294,0.1577909973445499
39.71652693123717,135.4444716622231,149.68689847943818,7.681004263786063,28.39195886898643,0.22958875221874087,1992.0079188852933,36.11819600320739,31.999291278956616,125.25772060121268,2.006481269592947,147.46764199828954,1876.714173663137,0.0
94.29632167430528,94.54717001543754,297.7145787633014,8.374753882546848,39.571061643824606,0.06950188966502274,698.4727065935995,32.19717864968378,91.74653684527992,91.1814540411241,0.6629440555465929,296.9813334974688,658.0297140358028,0.08625138876158582
111.85903950628824,147.596680022731,157.89109986364846,7.556192553266161,30.1452076467514,0.03585322445809086,2214.435238399743,78.92275308834448,91.39427618451491,120.5831924379902,5.320838463661067,152.00601863982996,2087.537657118788,0.4393318504897646
62.54020669498513,86.66868369909619,140.64895816625244,8.03096063958602,32.142235200719604,0.3215469886730989,554.1097366997332,41.465157634918356,59.34640239055755,82.45286201725176,0.8303891191511766,139.73051129985066,522.1507617124656,0.1363971171672939
78.03117766040648,126.5090323644796,271.41940703607656,7.057077121111638,32.1262161443927,0.16284228400042577,3315.1661454371656,55.827521115703725,72.24103379948076,118.86604246805759,1.5054374038406906,269.75432709435603,3122.5369257806533,0.06279827051538513
67.12240922633286,83.65607901006538,194.09248716431472,7.121710508383481,31.203700743562045,0.4563108921392929,1305.6144319408227,25.948553997761223,65.64132132582526,81.70104298139533,0.38508285413197924,193.66656860092587,1229.6657297136023,0.0511485743408686
43.748464053944744,95.8174641264594,101.06087250733871,7.05598154030239,32.33163109313974,0.17928187408152596,2880.923848695908,92.4198556350641,38.88176963100863,89.39342748818375,1.2653405499633905,99.66135023971438,2713.5088403479795,0.021182917823818086
116.6326456765458,73.61559631317596,224.40262932986687,7.9112781956441145,38.389033355025155,0.4485007729848674,3301.6914737347047,29.06266263429088,100.3310465107664,52.097485414347155,4.238415783102641,219.7147551697648,3110.970706010616,0.09350701879664715
94.41528868684001,93.71638831383203,190.91177130744933,7.795943981913329,34.35266602470938,0.46664185394167496,4933.456617677618,49.738418485358444,63.703926322035414,53.17738999228997,7.984954214849188,182.08006095882772,4649.156344862586,0.18980707646345918
84.06578015777532,109.17169494451481,81.76718453617559,8.304540289073216,32.58616175603206,0.37147729706336896,1562.7583637262903,46.27381645339015,79.4580049340384,103.08943164918203,1.1980215581716083,80.44212003254951,1472.1542599041297,0.13818341418520497
26.361154693935802,132.79452937979335,198.40818146973209,7.422885923685494,35.86754916922085,0.38620572528480707,1379.0877503175234,82.30093003677055,20.216668020250715,124.68380697052905,1.597566535158123,196.6412026591424,1299.3543427526756,0.0
118.75279784809436,123.58931088918966,267.64800582949266,7.835133229830443,35.97245254382903,0.48026481181180053,3647.9099502630393,77.81015614098229,96.72732468528619,94.5156863142828,5.7266230223301395,261.31410904710214,3437.618926203727,0.21328312624018525
82.04780252054894,64.62628824201158,228.16546703270564,7.061303148938932,25.47422666488016,0.2114572800365015,4263.334571397849,68.4826349319105,80.76559679439606,62.93377668348973,0.33337348879975315,227.79674130031336,4014.9530626707133,0.008495942010448322
20.1304699489071,94.35273114570495,146.16482265820497,7.834392502635584,35.40707336519346,0.27048108166631135,1960.2315088170951,61.85620965409818,3.5279131819457374,72.43735621331597,4.316664759409954,141.3904016907916,1847.7386675978005,0.0
62.66045732720101,144.67005076542446,270.7116161202656,7.107228905928606,36.08529488580866,0.03818257013528831,3365.8265299536633,69.98448699637683,49.761343639581966,127.64322069776736,3.3537695587809497,267.0021995698117,3171.003699095717,0.01182022605667553
105.86538156402533,25.866385739276392,196.1165500017704,8.49979054574288,34.10816462332837,0.2792689873481299,3448.491113040478,23.11320181433061,99.54398168206266,17.52213789508574,1.6435639693102797,194.2986960071432,3248.146837688618,0.012012954878301505
110.80273922640805,126.99257522196625,283.15203708696487,8.496825518622806,35.85269733157446,0.498240043616653,1481.771792367264,35.322940937897755,108.87473629377078,124.44761135088511,0.5012807624856817,282.5975985293366,1395.6022642182384,0.05360908227078829
103.73364517730077,76.72863557643801,147.16689739214502,7.960005031355616,30.08186159472479,0.03456587330482652,2106.7400472906183,65.88073757516915,82.34247785784827,48.49229471476071,5.561703503057652,141.01540884727967,1986.2191779868845,0.21870737113627364
119.68825883814317,83.58892522506211,230.15245484942437,7.368611039965361,36.532364971855145,0.12434880168768281,1997.6113746654405,45.57648091142635,105.91043889100817,65.4022028948439,3.582233186255105,226.19034748462676,1882.63848658975,0.15459756622221826
65.41865596436189,145.2422618279533,141.37784637771472,7.612469360727802,37.8548730281927,0.14264907196590854,3491.3158465032293,54.291915303106066,32.99369760629249,102.44131679530172,8.430489173098044,132.05335478131562,3291.263950400775,0.0
39.87614390873242,122.35392516149122,296.13516032140217,7.768210269819782,31.55026294221191,0.3370109575115256,1815.8009379514745,25.02531359158973,28.81966478275351,107.75937271519905,2.8746845727545214,292.95563282417413,1711.1353968277044,0.0
50.33159787999323,119.54820852763831,149.2922034873922,8.025454305411435,31.73533550450354,0.13606363024649742,3591.0411946112276,88.64278441746198,19.707710473168547,79.12467715062972,7.96221072577442,140.48564843740107,3384.9835703500803,0.0
67.65447348367582,55.53544756019356,86.74857951088015,7.069814361940409,28.870527901412412,0.35083232219595184,3330.358604610058,39.320919608354394,65.40743140813753,52.56935202048304,0.5842309396399519,86.1023944111575,3136.465253165707,0.019720385201804625
65.79222613183015,159.328819397702,134.67490652704305,7.668088923730753,28.55162843790875,0.38566876868866223,1787.1946614533392,22.053041136150533,60.51633489248792,152.36464296177027,1.3717317222289844,133.15771094635795,1683.5790852927516,0.013399746728600918
105.79711610169605,56.21181408065932,125.93352135024637,7.5094242055764395,39.57213702476767,0.004972886315851299,2191.538302411642,88.3792613861678,83.26770913786564,26.472996888403195,5.857645810595906,119.45470760479057,2066.1959066321965,0.122062388132983
60.131756942672645,138.61246879101918,130.67877087496169,7.809685591513209,30.620477841819397,0.4629639663120744,3437.5278372697094,27.35085032294559,45.35247465185166,119.10381616713546,3.8426133956134576,126.42867155332986,3238.726253940749,0.0042712774639175975
101.30532612329402,105.51169814942389,195.4055587715775,7.304752670716218,28.776491064157923,0.17737679523128524,978.1864855356977,69.98631628737544,98.97472022269763,102.43529836063666,0.6059575341550617,194.735343103306,921.4149880669875,0.08200817311629927
25.846364344945975,94.40978383202145,220.59537200412584,7.027966421510533,29.385999312625003,0.4045079706882187,1584.6405117036784,79.57373428923032,24.950168753817724,93.22680565173219,0.2330108536933445,220.33765175770574,1492.3643202578362,0.0
50.307009050351375,123.66880950321132,187.35534656449374,8.340138597411928,25.199823413773334,0.48652432103000404,3750.1812035175267,40.33174361737117,48.96294933349552,121.89465067696162,0.34945552638251903,186.9688333916321,3531.7190627890473,0.0019681778732595447
49.285288183758965,34.509100425224034,287.1927639923054,7.858568079487424,35.82228630767867,0.3848807506105314,1423.2678883639373,41.46832147180308,39.50070356010706,21.593448722003522,2.5439920021494946,284.3789970141038,1341.3479917506677,0.13976925729320697
118.86183906389564,68.19701389823345,107.92739543218326,7.362778394806801,25.368480074075354,0.1320089441154672,3851.4061968835795,66.56495024601972,114.67923540534663,62.67597706894879,1.0874769512227374,106.72459812294623,3627.346703469133,0.02150054647926187
118.66844241663088,32.40504684909512,256.94817854971757,8.097131275174403,26.007026192063332,0.39618461062102545,2452.8258805566466,85.50291079730238,116.09518360961435,29.008345223833317,0.6690472898242971,256.2081828384997,2310.1205573899874,0.009590365405660536
83.4344499841946,61.470014145048395,299.0150643331158,8.266384137245627,30.01791369967544,0.06680940079908781,3208.5617800474483,39.430287341038806,67.9595400173813,41.043132988854865,4.0234765913714465,294.56492236694504,3023.181398022391,0.10670620543449541
51.795174384841275,51.65227125976815,104.99808339295146,7.544761038711366,33.515954401334845,0.40878456972661076,3245.1831154778647,32.634248204914876,34.56951689700503,28.91440337582429,4.478670946837423,100.04447646109224,3057.854980889257,0.16398776459364905
72.76814202691955,100.98159284104749,93.87133650361838,8.339894996772713,37.92803755885485,0.49803671738828015,739.7714731736421,40.90401078241272,71.26382396920378,98.9958930048627,0.39112269500609115,93.43873761073527,696.8093967170792,0.06409882050061633
31.271991981886508,49.30831632270103,117.64449829990883,7.8043383993639734,38.25770863151527,0.13112928478378205,3887.929055435009,36.87484786413893,0.0,8.02928690661083,8.130717915290495,108.65156689140349,3664.615642887089,0.0
41.19138627177652,104.52749187203665,93.90981769167107,7.233455446449893,31.101307135894345,0.11684606198345443,3951.6570900219476,48.52580103408789,27.161445536155902,86.00797010101745,3.6477845912613582,89.87520759155615,3722.8057755102777,0.0
39.814519757414104,114.80134941796712,238.45714736421672,8.402817905335308,27.21327643806359,0.1549817968265802,3573.9875851944407,53.34567563040285,35.807557094240906,109.51215870257849,1.0418102924250277,237.30485938693556,3366.0806237272077,0.0
48.21081022988916,135.9337551947408,191.36812609324795,8.416438170921422,28.47549257149712,0.21042283002114343,2390.368889887855,22.847747754262187,45.042315271336285,131.75134184945102,0.8238086892237443,190.45695747159556,2251.367906780897,0.0
56.64742084135519,68.74196122229951,276.67872593023355,7.05318823610163,25.85027136898725,0.4525511834306802,3222.7929823821996,82.69449150608006,55.971601437793076,67.84987960959751,0.17571304492614787,276.4843795788948,3035.001987697076,0.009233047316961554
53.29713761309805,88.86860714231956,209.42642501881818,8.435732151211589,27.917429763660195,0.3640510787311713,3942.6162118351094,52.70181172101603,50.270829131305035,84.87387994635273,0.7868402052661849,208.55614516541115,3713.1163656129515,0.02652976127435802
59.56775777156528,157.53510297811528,164.94265004662293,7.014975844328228,36.261601108391346,0.2831463698197547,1957.6448330042956,51.52693182646673,57.17058125693159,154.37082997879878,0.6232658938047606,164.25329057177183,1843.785816262906,0.0
109.19538192798616,93.33917640556834,140.21151633164055,7.328685653129242,29.16851997535405,0.46777610358085975,2182.2524485845893,89.16591274193576,105.72502329815212,88.7583030141874,0.9022932437568503,139.213540342804,2055.4152494749756,0.04822457090025038
118.88053044442859,37.03068272964561,256.7040769067522,8.460255774019023,31.091776450788274,0.012961158754985325,3462.2856165799844,58.878121546078134,106.15853970729373,20.237654956627555,3.3077175916550714,253.04559585620183,3261.8210076301834,0.026171031739775103
92.97147811072232,100.83973089489758,174.5949808646855,7.336942559059294,33.29065610744115,0.2897453956515416,626.7431967449482,24.020052043311402,90.37973649850383,97.41863196676918,0.6738528191768076,173.84967002677186,590.485946697993,0.09505399125184598
33.7994016377739,95.59008115012209,274.5217971935516,7.720350737909988,39.042725401970046,0.27350252187951324,1778.4098347746165,81.23615052655006,22.796952590426727,81.0668484076238,2.860636752310265,271.35780720322185,1675.9181103176616,0.0
86.90041878816703,66.77604822697361,109.68628077032108,7.334496175028616,28.8351340718851,0.20167698942722234,530.24337982702,76.09778397001564,85.58831031291051,65.04406503963496,0.34114820356670483,109.30895586165089,499.47458961010807,0.034028426648464775
99.08618728168798,89.3881800845546,260.0401465181193,7.16352027766872,38.58551134589577,0.10014915342845465,2729.500782211598,41.33587709044328,90.77231957317206,78.41387470931367,2.1616056042141296,257.64931570422766,2571.2808189211905,0.09522967756340285
75.61921858617423,78.52346649921415,227.2736565252321,8.33020868917992,27.710687382184815,0.06175094935872483,1823.6789375952715,71.19921545573867,71.43534285325943,73.00075053176661,1.0878076905578484,226.07049340375252,1717.819950994904,0.0849523621227877
42.13985256814759,152.11709961554783,263.94911057126825,7.283130648805775,36.18173739815784,0.4920624179575417,1263.1200516235358,83.03820130120334,38.92472935488181,147.873136974037,0.8359320354491021,263.02453299579633,1189.8336911426252,0.0
78.68544305172529,146.84632984140865,203.61095190805378,7.254334961374502,28.623756986636508,0.09297257633468797,2363.036441807526,81.85773189711998,72.76434652891842,139.03048243130345,1.539485095929792,201.90821372228098,2225.922801638034,0.06610369328796736
40.74474143584676,68.31680208295182,253.59465732832643,7.551058343731514,28.449859355495676,0.25984078531203014,3395.5183714708846,63.06575588404045,30.047538054386802,54.196493619424686,2.7812728791795887,250.5184472702009,3198.7294789472185,0.09689251579847721
41.75002262249424,84.86347309978106,233.90587778917774,8.329395147825474,28.100865632076857,0.007343484845927728,3930.4680891312264,21.105073267169274,29.091035221263468,68.15360973015645,3.291336724320001,230.2655146979381,3702.7054652412567,0.0365832928626174
116.26526258671242,85.2244717837553,159.4414694532841,8.396028570374561,33.12211095756742,0.38816679267824095,2117.473312728139,30.396394834751668,111.6267683691549,79.10165941657944,1.206008496564946,158.1075710447208,1994.5370212129342,0.05611907373601822
52.40716078879522,80.4722751029734,197.57833676404812,8.443254679309625,29.458019105431134,0.42799607436103515,839.0783000720437,55.347831863471384,51.579271415055985,79.37946112963759,0.2152512371722004,197.34025943414287,790.2551580577123,0.03117215229038454
82.24305650187526,143.83838933934186,107.34370828416282,8.37048497215619,39.538184366082156,0.04726177407553378,2199.481031654118,60.50736453770725,73.29698488247834,132.02957480173788,2.3259786210431996,104.77107368847051,2072.224547785858,0.1233971296048767
74.35810298550382,62.39231816667596,236.96457471997562,7.005772376255534,39.94726450474752,0.04475531889367934,3883.469767609669,87.25178165156575,68.7031085643665,54.92772553077475,1.4702985494956937,235.3383598957257,3657.6985254661477,0.04232519131820715
90.91906708726549,140.48381289615918,100.60608189707156,7.487422065232456,26.86752034996365,0.3260792786312073,2289.0735782822226,88.79947060381697,87.33073834107574,135.74721895118867,0.9329654740093298,99.57418107334584,2156.02216062145,0.061395264677858254
95.89700088587361,116.30735031095428,139.56760284693937,7.998544960114064,26.42459056386239,0.2718403797292031,1753.1179575994204,69.60662458162281,92.72791377843743,112.12415532913852,0.8239626479334038,138.6562639401866,1651.2636993802341,0.07887765098675384
25.492320092931067,159.1531094907237,143.07845232514558,8.05520391620933,29.76477878470723,0.32819754851206334,1842.7358385401888,76.77235704746839,18.693033700959468,150.17805145332116,1.7678144619126146,141.12317182414012,1736.0453852495423,0.0
59.66374737734443,105.56863756437176,224.2432923116193,7.857870393897695,26.506715157512893,0.4744695682879234,3118.7599773557254,91.18665647069689,55.14126215487874,99.59895707071706,1.175846157841076,222.94275477550173,2937.444242484201,0.04386211162970953
21.86817215424403,154.64438086859604,200.34886701675262,8.279290129803313,29.380576851995478,0.30488223679119,2019.636255023456,89.36884886677817,17.59165569376844,148.9993791407682,1.1118942797236548,199.1190630689044,1902.364402236978,0.0
103.8217041553067,48.74315610341621,107.05774429346911,7.155513784110871,26.34990342436395,0.09796359201206084,3089.648756591089,92.73541883353566,101.17481694371503,45.24926498411514,0.6881906750138435,106.29657515676425,2909.8295924804115,0.013928879916196958
96.74374238131576,77.38144028387482,272.71298959591593,8.008781045965653,29.798203540882145,0.4059645072716738,1666.2048405111186,23.123612801065985,90.89266997291338,69.65802470478367,1.5212788261846226,271.0303883447567,1569.703458305571,0.09748005771761194
54.149928849048486,108.55172557088542,201.86720684471697,7.412093439140072,33.33226580897235,0.3381268865690692,1517.8200144373932,38.12236302343572,47.18314099748186,99.3555656068175,1.811364841407318,199.86375770968786,1430.0874840335296,0.08953113378957675
66.65239604799065,151.5856795639392,244.4188105920839,7.950922187985094,38.30709214675016,0.1690500858284022,4875.029504957365,92.45750920846582,25.37007397669525,97.09301442982921,10.733403738536806,232.54719425929565,4595.264272471359,0.0
54.98871265205362,40.2668857551989,284.5776683979997,7.1205859092208525,26.10688511441077,0.1433604855899741,689.8982771970917,45.843181602389784,54.58358086175591,39.73211179200593,0.10533426547740063,284.461164070304,649.7259779527582,0.010143332837583459
41.92142005407912,28.258894108527052,85.9939620319956,7.988308772554447,25.592348762497917,0.4896971369565008,3136.59738713718,99.7388809163458,39.07176126505007,24.49734450700871,0.7409112851475523,85.17448158309337,2954.0631506925447,0.02105331149549734
84.35199475683828,102.00255952692726,168.35116426753854,8.090907972114126,35.80397162708617,0.4041349601038177,2526.1619180147727,66.69838353706504,71.072453132379,84.47356458264103,3.452680822359409,164.53234751181907,2380.325502514335,0.2260278320558863
73.60268149872553,156.20462260801767,187.63541695460427,7.810185396676458,25.304173177188975,0.36556341881121124,3626.6029543959676,81.83051545189099,69.49851556542451,150.78712357606034,1.0670831426582672,186.4551760940707,3415.639322570397,0.019284187507536386
37.03459715374571,106.2949846067161,298.0297502810836,7.462846465344074,37.5517999560813,0.02707736621294221,1021.9383060975103,68.4705947837162,25.52991568077608,91.1088050623962,2.9912171829721044,294.72133259464243,963.5965202871612,0.0
96.8525151951204,48.812155048306465,110.24246176823672,7.8802082866783465,27.29970587258328,0.490789964430435,4550.245707404557,97.96756767757637,88.63072781310919,37.95939570405166,2.137664719322916,107.87811062538124,4285.880949750476,0.02829976117521824
71.60660291491575,69.15257042198334,187.29759954115448,7.257507409266667,31.62949486393664,0.19864358931804615,2858.9583992187013,63.93674649917594,62.09514706601422,56.5974487014333,2.4729785207144,184.56237659489176,2693.320025365279,0.1102761844814179
75.03389106464141,125.11913926649567,221.07506133581967,7.0687992430396624,26.13682549124931,0.30781244197044955,4424.454738239383,67.19887496984535,73.6054251822073,123.23356430168268,0.3714011294328602,220.66427536134262,4166.696831343396,0.011266125896461615
83.62980763140062,155.85635985690695,132.45567643145887,8.494245395380023,25.29991465140656,0.2187168319203186,530.5286414903774,81.85341743072959,83.45003427090055,155.619059021047,0.046741073730008215,132.4039787493608,499.62224788254946,0.0047337867822594745
76.98372629489101,65.99330785976663,197.08691174132355,7.039065978461543,34.21028508644824,0.20406917378065959,3828.9151759516594,69.91248356485363,70.5821052561114,57.54316808857754,1.6644214700827045,195.24598843402873,3606.403798979389,0.049526646292084135
31.066258747909096,129.56734874038267,118.58014869927811,7.968142959341818,27.770755271432673,0.11409867250873235,4639.383933575318,60.389250469100446,11.481420156508596,103.71536179973404,5.092058033764129,112.9481086872082,4371.036879185086,0.0
86.52479473907792,123.88493505690161,109.33537318705517,8.319685572725492,39.10312265167744,0.07511394600564064,3976.614991649065,55.1460748196951,67.90809221147273,99.31088772046276,4.840342657177347,103.98174144590244,3746.7988939557113,0.1993534707710506
61.36615681392094,74.78240569220438,148.4536457705206,7.139447642599504,31.8527256706827,0.08317768747141957,1876.9551415681747,61.15986412072131,55.560896034069835,67.11946146280094,1.5093678027612822,146.78421863482916,1768.1637968887617,0.13564440715765427
57.910822040163325,64.43993298978779,261.89176588726616,7.761841278027132,31.235558107585756,0.02100103897974326,4867.39935848225,37.00991257222228,9.09269098729379,0.0,12.692714073746082,247.85306620020526,4588.83947861709,0.0
26.522771660433733,88.96969256616254,271.0338152411661,7.152090697550162,28.710868811821083,0.182514432428813,2502.8416738519163,37.792209077779624,23.221234454729338,84.61166345463276,0.8583996734831449,270.0843874704399,2357.2986321411013,0.0
57.73814806960871,98.23411657372351,146.6296553491634,8.387139035116013,35.875043868477114,0.3540842827668433,3801.041513288824,26.539496692669474,48.127672901654726,85.54828935202426,2.4987235436680377,143.86595727586464,3580.497766440569,0.07935782472187541
35.18494121525941,139.37746941602728,115.52422135165779,7.798937503565837,26.520007391335803,0.2826491722363738,3952.3949824105416,28.02695002822741,27.104483806167416,128.71126563602581,2.100918926363919,113.20051267101461,3722.8650632319363,0.0
75.30012326163623,50.23870228595101,296.07452763989136,7.186989172256218,29.297318213952572,0.41672662532957305,1621.6538178071755,68.59788507101455,73.53237762231593,47.905278042048245,0.45961386622327194,295.56617450104096,1527.3131583622799,0.025831152483424394
116.73663300275508,111.8926086005326,258.91973257703637,7.138481247923555,32.524471399588634,0.42748933530157385,1545.4618691316425,64.46392752402934,114.40413769790868,108.81371479813541,0.6064487792600536,258.2489735700855,1455.6229306732546,0.05176857201734699
21.08535104835008,106.86561804343525,174.4389418876878,7.952523789241735,39.92868261706005,0.3049796256088281,3285.960098190071,96.28361486959734,5.996112952698806,86.94782375717554,3.9232019048693316,170.09970813246696,3096.026460194211,0.0
27.706431816135616,133.3621373608197,155.27326461078093,8.071747044502857,26.42737856559861,0.1755203805034783,2462.5415473237326,79.381430075744,22.74771549134222,126.81663181209238,1.2892662444462837,153.8472794733797,2319.5247247604807,0.0
97.47479481636184,102.00904315543899,103.82764273571014,8.498130701016903,27.422546082447006,0.07903308980671309,3604.402572710983,41.550037781853334,93.7261143827223,97.06078498303475,0.9746569127462895,102.74962934815063,3394.6950678430176,0.038899728460693374
107.410026774937,81.91185933035106,88.66950624977218,7.736960170594752,36.048021797258535,0.18402899741096995,1080.7624810639354,30.25492133546784,96.00883292372518,66.86228344675138,2.9643104013150845,85.39084864655938,1018.98068602602,0.2663880193552904
80.40217421355663,122.18422513346273,237.82425840727018,8.213650243617256,25.758681474030855,0.4639940504823149,1912.269003166574,32.09950051775418,79.11926600105672,120.49078629296291,0.33355613524997035,237.4553306598756,1800.9359919709982,0.027065264867066056
25.70692100646265,134.96700477938413,187.51376160812055,7.5561289018795135,35.82464303827209,0.11667208445917848,780.0928446955985,57.84016907099226,17.374433312280598,123.96812102306383,2.166446800487332,185.11757621835076,735.5098163007883,0.0
105.63686780862454,111.72714701817884,274.0746082513701,7.079593320602712,35.71323204124748,0.06855625405999582,4389.70720197036,87.89604808565768,92.21801109131329,94.01425615132794,3.4889027465009264,270.2157284553776,4135.255805202043,0.11262315117939722
22.880398389090587,140.04516086751102,283.5329773754995,8.023428949693907,37.583678912673996,0.3105191095639876,1345.6842223823728,75.70597177572577,14.760379573287649,129.32673603065112,2.1112048921087627,281.19789196461215,1268.1090039544001,0.0
59.6487769108412,134.1106963296902,299.16088053207375,7.060579637629953,26.25307077137761,0.1571907413461336,2322.4995749750433,54.68674947585307,58.580897400280634,132.70109537575024,0.27764867274574984,298.85378889567977,2187.230411426205,0.006242514657992114
78.02695963136016,49.70234217259437,263.51588419477514,8.22505724544982,36.56282004126138,0.23252791264861672,4747.632435107363,72.84896798096801,53.40845714368771,17.205918888866755,6.400810646794832,256.436306265106,4473.513142476761,0.06385603822040008
82.25214021713442,144.10479745567568,191.65106950882773,7.128335377730677,32.74389391954732,0.4142576852804734,3605.999379389709,56.93681888859005,76.81613579538168,136.9292716189621,1.41336114965571,190.08782995154368,3396.3790608667873,0.04670558963687758
82.72099498522641,128.50871836108456,256.5937494959114,7.110370566267963,25.666919874915813,0.20525477628579175,3449.9476710647477,36.13320245457811,81.30516246516387,126.639819434602,0.36811645521627145,256.18659651549905,3248.9944253202348,0.01603701334031906
23.59321101372425,48.9640329908845,278.80105241428083,8.402574632099663,36.46940971992586,0.06683800601864609,1542.6956219440535,81.72314085291386,16.31176385664706,39.3525227435426,1.8931762608400695,276.7071162532527,1453.5466207982565,0.04248026790483173
107.95753300697152,133.01560251144775,295.32615566528875,7.247727617132933,29.362159420052528,0.19148704809089923,1312.246188762786,59.30976289003502,105.08050358883169,129.21792367950331,0.7480276487163399,294.49880420547225,1236.0600457633464,0.09717195845303322
25.477801968873464,70.8969079518765,184.75350659813785,7.586301149142649,25.07962458518943,0.09800222493656785,4757.8137369614715,46.3344619197727,17.526930424796273,60.4017575136946,2.0672266014600673,182.46706310981963,4481.320443769338,0.0
33.394113364516755,137.3425170305265,255.30771321295526,8.41932095185692,33.287647094865406,0.4115298403191735,1380.452196338811,56.08605031404804,30.723446892606233,133.8172372876046,0.6943732826967358,254.5397058403901,1300.268136809426,0.0
117.50655751232527,40.54880167554997,110.58515277504122,7.998144160116644,29.480927683181275,0.23195717503799512,4661.049348690404,28.070283188786888,96.04460952666011,12.219030334471967,5.58010647627294,104.4133097328778,4391.6398953561475,0.022885565706260262
70.58200334660265,101.54333121102944,202.73289520232822,8.22451227858121,33.51543907619191,0.023391033497050795,603.1341321877981,90.40805275329166,64.41955574929678,93.40890038258567,1.6022363752995241,200.96075134327438,568.6345851541279,0.2501464593439909
37.85984881661457,55.91435793884689,243.76771125154195,7.357328763729196,39.91955159234591,0.026168121182254367,4260.08931152044,33.7835093321562,12.090983596649142,21.899455848492504,6.699904957191016,236.3573218675719,4014.5125677885044,0.19241725518494632
35.86451226862363,52.15642625447016,217.58016766214996,8.217708461380335,34.294186689451834,0.011651099657826236,2376.8968214983506,70.6243131333182,9.583643346342964,17.465679277059692,6.83302591979297,210.0225406420712,2241.1497700451823,0.35223695215708095
72.56587098203549,52.21962402062121,154.96719754970457,8.038478559801703,33.639590142927275,0.1303266093233318,3130.632140965938,50.41139490025091,41.008524226981756,10.563926303950288,8.204910156313971,145.89220626142978,2951.512143253818,0.1046486130134862
80.57600341199075,112.11415975209579,108.29598580186669,7.00206883700718,32.34340479863768,0.31171436111737244,1888.2229396867274,53.39945994814994,78.73826949561048,109.68835098247379,0.47781081825887417,107.76750603419902,1778.3508983864879,0.043841443725121665
45.16521589092386,134.88236085315307,204.58063241533222,7.609018149968437,25.46134966959189,0.43816281471652224,4076.0622144085114,90.83725248766103,41.30850270650789,129.79149944972394,1.0027454279481551,203.47155189529934,3838.8722443423526,0.0
106.09545628095978,133.64593621598536,124.04060691092721,8.385126845196332,29.48994022391395,0.3644445278339228,697.5766964039412,89.84822380990516,105.1243638092725,132.36409415335814,0.2524840426386933,123.76134846156914,657.0172718234003,0.041506436132675184
92.2489775668361,127.74923841402835,111.82193701715805,8.427880059527759,34.78631115084139,0.37443896785589703,2834.5010591091946,30.813487341946846,86.20981943851022,119.7775496846382,1.5701811133647274,110.0852476868266,2669.91739512204,0.09615153627634003
29.14259109328738,39.16803819567943,177.16118259166507,7.89048881124952,26.596248612303693,0.2581767142016982,903.4175211555653,96.37777450535435,27.21792678432181,36.627481307844874,0.5004127203310471,176.60770412681538,850.9610882656951,0.086466276381865
64.69344304927317,89.3352133501587,163.7532115764021,7.290822814198387,39.48135633906247,0.11744842445093484,794.4879371301569,57.57754258248092,61.577329223541405,85.2219431001928,0.8101895946902539,162.8571062719452,748.5085245843538,0.13357180783236752
73.91991259172082,50.25540797902145,262.2229041056936,8.218940298986206,30.195779255853502,0.47094655576886013,1879.8814959615981,35.74496097835273,69.66815656590309,44.64309002494207,1.1054565667126042,261.0002205514118,1770.7535975431138,0.052810579089673924
83.11311952479755,83.14119369425025,228.4574170546435,7.686236718522372,31.51498653094263,0.49834620556378745,4802.663237686288,96.7997329812317,61.45608490613689,54.55390799761814,5.630829000851774,222.22947267073434,4525.019883342939,0.14586869009502348
119.777602828356,138.6035337112126,141.69218396185408,8.130214581990828,39.665731730188725,0.18071145611161976,2668.0990338311217,54.30411774710382,106.21402404688928,120.6996097196765,3.526530483181353,137.79168623512655,2514.019166169167,0.20825775310756178
22.662323504802888,157.7341533578851,156.58813227974449,8.033031427585449,37.94893974243094,0.0400203762878224,3888.398734923215,46.412144345792214,0.0,127.81988633154532,5.892204111248751,150.07109553472048,3664.1197937370325,0.0
94.97717441911372,26.94849075480975,157.0999048977459,7.6231435116332396,37.33489897339312,0.2936812549754745,3035.595427500218,56.98991241649571,75.108433539644,0.7217527939097196,5.165872628662129,151.38622269912128,2860.7653530426587,0.004565922021808398
101.69450129339246,92.19950553180671,232.71539500610072,7.569033670778097,25.222881016589263,0.28864378935880175,2348.6246974042765,47.35179755030134,99.17156904192831,88.86923495987403,0.6559623853806811,231.98987177435822,2211.988099805493,0.034777314992977884
88.61712451081358,72.21331145236283,150.38629785146483,7.76210025657936,28.48701289757979,0.03665269890761497,1573.8074891245808,57.93904042142688,76.76082134551983,56.56299127417504,3.0826388229763797,146.97676381264532,1483.3337064884672,0.2018580862002979
115.10206180986611,130.3589647151325,266.5576100899995,8.123221162430134,31.1992766387254,0.07517753655162956,4350.634959099412,56.14622694574332,79.21879926099231,82.993058150619,9.329648262707202,256.2386090170163,4100.861134830603,0.3129134947717337
55.40930357307337,38.98908117625804,278.63038143823303,7.490671465336246,37.912534117234486,0.4332844004900066,1001.8714086646404,90.92885998778704,51.30643661733525,33.573296794683735,1.0667454084919108,277.45051412653305,943.9086060232007,0.09272706208011655
91.16401685107172,63.36684160092895,239.99559281819398,7.82570925467479,39.27195247687713,0.3425236308209447,713.3501556790744,87.20840682682775,87.35397218450625,58.33758264106255,0.990611613307018,238.89993283050882,672.1745674145108,0.08697048897122223
92.07658682117065,36.979429627291886,211.92508492465714,8.37595373946815,34.65464117474593,0.39078381092788056,1559.1843786334177,33.19425876456797,88.19568109784619,31.856634072503574,1.0090354880643653,210.8090473216497,1468.7109497558686,0.03289841709658827
46.956918243641994,115.52733526691198,184.4663466412472,8.298073579367635,36.35197658658682,0.3961430544438779,516.4433044691172,31.24695368218851,45.35026255968658,113.40654976409081,0.4177304778284055,184.0043183709898,486.5104172395242,0.0077240285761726235
64.42963863470251,79.32789813238529,161.31209412599372,7.576084635551235,36.20124762725672,0.2840267330605083,2853.7529947414605,64.57929806994964,44.006412580427934,52.36923974074286,5.3100387741113915,155.43895783352872,2689.5837799300043,0.30993217920309923
85.37519053412326,67.75258772206422,147.10200068431246,8.161334793832532,37.0059797748944,0.4094342612868367,3307.744811794816,89.54635751563751,71.46282125909177,49.388260279022624,3.617216011508191,143.10120077707842,3116.4159254393057,0.10602030252085451
64.54468827720342,32.546586896140774,106.67252578314074,7.641675599406824,33.3612656841351,0.4966364644581355,2529.0658824556444,33.9638479877419,51.452352408131084,15.26470354896527,3.404007325958811,102.90754405393466,2383.0400796864974,0.05812131820441576
98.95987769556058,72.77831441088387,146.46516163171106,8.253486959456929,39.90803310334361,0.4273872944734161,1490.6814165240698,22.068404675039286,95.72701839195338,68.51094013012238,0.8405434189378705,145.53548366340232,1404.1319340713576,0.056196696670925514
28.18167421015117,79.3120529188711,268.97121116974085,7.343755686286768,27.446863415699845,0.1218448254446346,2481.904826240845,67.33992681184013,22.870615012005818,72.30145477731925,1.3808753915177903,267.44390228890273,2337.796919318822,0.0
22.41730272785644,144.21553480031224,279.49697371403295,7.6994506029389935,28.77557881417145,0.12415724237635589,3721.931930009298,67.36880754196605,1.9206269796659043,117.1599228127007,5.329135694529539,273.6027153881605,3507.161436334741,0.0
20.134550036371383,25.852499062171574,106.68589903162469,7.9103683369955275,29.5976665403464,0.18013654591617667,589.5211018726031,93.38354625307039,16.76735742525158,21.407804815493428,0.8754700788911489,105.71759064216981,555.5164357807572,0.1518392598264002
65.58442978884074,56.78241971243967,212.38262952397847,8.320104777743328,31.811889712949235,0.2413655259483949,2042.226900969311,42.70964018768612,58.82862633191599,47.864759149298976,1.7565088988004358,210.43985347272283,1923.9030763651926,0.09810095673880337
89.29797970859998,81.92962451401421,173.57802215762675,8.24470733014142,37.96006077983671,0.4221588450316964,2861.7239452140107,99.87959061152162,80.58407378922831,70.42726870044358,2.265615539036637,171.07215178395597,2695.839160142129,0.09645235276757622
117.8294669608205,78.43115345693825,287.80553790387523,8.482256490668798,32.252227465723685,0.10110887483535302,1207.9388480927341,79.14689151509643,114.45128859886566,73.97195801915782,0.8783263741082553,286.83407032635864,1137.8865341215092,0.06535861076409685
25.62122559510094,52.08658584232559,209.8627035043773,8.441169778512625,31.66295012604242,0.2634443703920658,731.7822852446561,33.44174760574202,24.181666768090842,50.18636819067226,0.3742852950226243,209.44872751598137,689.2789952682718,0.028252843688130743
30.090698169776612,45.053323453833585,267.5722893994487,7.937646697650091,28.521533563961427,0.2624852044267933,1566.689815836843,81.39701557578141,24.416669535547047,37.56360565665057,1.4752474448996877,265.9406008793481,1475.9704385554285,0.1471436845662199
73.36525042866708,130.91700547878503,174.110123943088,7.8862204646292415,30.065512068734733,0.07027051132587359,4472.4826497562535,95.64659613391214,31.842432556401917,76.10688588739505,10.795932646788936,162.1693478892495,4216.208432275497,0.09860962863697201
42.76364145042794,39.074475959480296,284.7397520988885,7.374126803647394,38.25036425319708,0.28476170162479814,4136.163089904525,24.039199642283798,26.67793093267489,17.841338076046274,4.182284734615793,280.11396134571186,3896.7760522557587,0.09777305746345472
70.9989962866587,113.23385186791934,287.6024332519471,8.240125080019158,35.05825951036226,0.2133613294446675,1514.2255685449559,51.88029385716953,62.621287510333694,102.1752762831703,2.1782042818445038,285.193243570984,1426.8533049923228,0.20201975004585926
96.83555810310365,140.25641403014038,140.82095841097146,7.840795098466989,34.74360450590543,0.3421474790170665,4569.761989582994,94.36742693242414,61.69447487826429,93.87018417335238,9.136681638458237,130.71538690645693,4307.135500743892,0.3115615312995573
75.5657192155382,79.26445872966138,224.89621847754012,8.20484583588567,34.24302108459767,0.3499612354540535,1374.3420432139992,83.75993088046513,69.37276686103732,71.08976162172024,1.6101676121702244,223.11530232188144,1294.8904653247037,0.16737275092494572
66.59674230899535,26.226554580316268,105.60008251114553,7.400448444606283,36.902678388361394,0.33775187613490537,713.3111389439462,20.40972984965667,63.507903737335376,22.149287665725122,0.803098028631588,104.71182079046676,672.0607689887994,0.037463087335049994
118.3455479327615,111.91136812386156,181.43933578541973,7.774059329387929,36.39413281337421,0.47823435807329484,742.3200319599309,72.30621805385196,113.9297235528066,106.0824799423211,1.1481143387882762,180.16947086015554,699.5204510713996,0.13973827705165173
99.9153606114468,70.60401062872567,154.27297767628386,7.855766818990151,39.32026956457126,0.20782515951946046,3417.9596349794397,68.6304517152245,76.04033546241979,39.08897743201002,6.207506538747028,147.40720258699935,3221.270424642122,0.1322592833440767
25.714134785694526,135.0506557575805,276.95521643505094,7.308673285540561,31.633914909781296,0.0025263247753712914,4281.615394933304,80.6493920038145,0.0,101.10799784046372,6.685675044280577,269.56056596025047,4034.761467308387,0.0
117.82161877815902,57.85981099610124,172.8043961703178,8.372549249897324,26.85753780437736,0.2006391485424331,1213.8521820037026,25.896588478104647,116.61286603337439,56.26425737298554,0.31427571364400353,172.4567934167104,1143.223393724712,0.017404928258633448
41.29043840736564,67.47335516787207,271.1571183964571,8.225677909222338,35.248480941364704,0.45063458569687226,2532.2161615995783,47.74807259609335,32.13463965167688,55.38770081036288,2.3805076764790822,268.5241722685712,2385.5862533404947,0.12147318794969152
66.60875958829996,114.08486046693389,125.75034913299721,7.670815359163731,39.49964958156342,0.4447653696914559,2326.450853649907,42.475753308972024,57.04387408106705,101.45921159738646,2.486870231880557,122.9997613435601,2191.8591471467953,0.12852427297937669
25.226906869474934,151.9897047657986,279.20047289775755,7.321347781373379,27.86984103359274,0.21239688764774628,1165.3093550505353,65.52695919889567,23.158497579482503,149.25940450300868,0.5377864153980314,278.60565748336404,1097.602068672551,0.0
26.765970369879316,69.696376525366,101.42269245736833,7.968746587119993,29.184619912564305,0.44412887585665134,4567.949897568067,79.57635836610706,13.240803484190584,51.84315623625689,3.5165433902790686,97.53324089438382,4303.119595197695,0.0
36.72563155926473,25.229903999241195,296.65090281195614,7.465809402232903,36.8855962817865,0.08696620188203208,2136.139273060904,57.5670495038524,17.803202874823356,0.25229813577858196,4.919831457954757,291.2093529631304,2013.6385803689789,0.014820456593365674
64.26529480092607,49.49647144203047,260.3786928020423,7.636259634224424,30.83566811723492,0.23780850550624216,4502.93487532659,40.83918095676018,36.683431624745566,13.088412049472206,7.171284425806928,252.44693700580638,4243.3959437285,0.08532556606109798
50.77032766691566,122.2563612082896,206.77135295733189,7.123039264132541,38.016751120439324,0.20431927949191314,1685.4306847959272,78.13630888790978,47.301946164152,117.67809762464154,0.9017791907185542,205.77394553375137,1587.5540308553536,0.011559501014149206
27.68290208787996,128.4536900011716,259.8231966665088,8.294516069510097,25.04736702867078,0.13128959195578588,746.9047034222549,85.03196891286669,27.082331627890856,127.66093699398591,0.15614831959716893,259.65048976137194,703.4302629030202,0.0
27.58084632544992,92.04315891999704,145.84540364771905,7.890488208351849,38.150621502176946,0.3154574990008549,2080.373289693245,47.86700242401515,14.30743059912821,74.52225016125237,3.4510880888436444,142.02834852527832,1960.522048380889,0.0
84.16712034126675,28.024667450153245,118.22718858585006,7.584793964421891,28.962359395989015,0.3011668892701887,1291.9706294212947,87.98837069788485,79.7212216688979,22.156081202626353,1.155933654815903,116.94867515335308,1217.133992272767,0.03530430175023389
62.41380007787574,136.03846127030806,293.1400714201417,8.123238120373077,33.82896446790818,0.35002153287553217,4631.602818895524,98.85057856853822,37.702871497310106,103.42003554396146,6.424841430947065,286.033914386902,4364.257174401637,0.0
97.46821647171748,141.2186777178552,131.49770136660382,8.432174736924727,34.835746471593744,0.32061189723586,3108.1974241146477,76.2216917685167,90.2763300719847,131.72538767020785,1.869890463930539,129.42952032050925,2927.7825924110107,0.09854921492225593
108.27198418490248,28.514090358877816,159.07213411467285,8.407126450976342,36.039386997951134,0.2285587623747956,3859.7925403644676,65.72892700411491,96.80124378134596,13.372713026183213,2.982392504924695,155.77347691005008,3636.0227206031045,0.015594235110297028
62.8160992158664,102.12004578252872,195.7773215643,8.03583121199628,33.52089123891318,0.44493457697380157,3019.2692586052435,55.21596039130236,47.07526370703722,81.3421429108742,4.092617232295589,191.2507070101181,2844.95154717976,0.17320598687285427
49.38040760559028,83.78504519623422,87.00133120893842,7.518930173030155,39.81597318878685,0.2201200466915343,3422.681315686041,43.012309495746976,32.72844137645993,61.804449773782125,4.329511219573892,82.21270149190417,3224.945201889358,0.13479263583164947
31.206904204485447,106.05331764398159,228.7414457403092,7.304072418021418,34.48360273475672,0.08764701077567888,1970.7706632584666,76.03254349068312,18.14307498721525,88.80906307718493,3.3965955964902514,224.9846617096857,1857.2860284878286,0.0
63.47003756068851,149.68345959534145,247.96889249350832,7.34362204483212,32.564357222307365,0.4714664654983184,4387.429027290918,62.21239417871256,50.79230426412995,132.94885164388418,3.296210657105219,244.32313861836946,4133.031245536155,0.003437911341265797
104.3393159236021,96.66279070740741,246.98517643246623,7.09496452116637,29.695890610607346,0.08278955360659929,2246.20305344576,75.35367361852434,100.32200028493418,91.3599340643658,1.04450206605366,245.82991123523226,2115.6964776350437,0.058833455025721605
43.77547817908673,152.0887900680972,174.8361797599175,8.325195695874612,36.384348864887656,0.24706227825064997,1633.919650286894,80.65403524538428,37.57397142781751,143.90280115642182,1.6123917553300011,173.0528036041596,1539.3376737952935,0.0
54.884158317483916,140.69094244355654,248.5591458107485,8.0823484856043,38.15087421121265,0.45637526284746616,676.9266489671088,32.46953341064789,52.12506357407284,137.04893738225388,0.7173646332868799,247.76570899382182,637.7619819054755,0.0012237678819492985
66.22469152457467,57.27193872976247,212.08892896153756,8.239040575178484,36.92670941094023,0.48460478332937357,1670.739508294388,91.3952617205907,61.0534508957662,50.445901099735316,1.3445225634901965,210.60182790642455,1573.9011580704982,0.09310928723881282
96.64535467134692,153.0704732655574,146.15854705481286,7.121254071564027,25.03809396267115,0.4197759029195355,3484.268531900892,56.567773487109264,95.87570824493969,152.05453998269996,0.20010807086587762,145.93721873247605,3281.2456166589177,0.008392322331959187
67.22734561545926,93.34961463865578,120.57625644657008,7.42164790076136,31.591459054447526,0.025388065473014476,2925.504587727721,54.47342053389033,39.773806568089896,57.11094309612822,7.1379201523160365,112.68140300337659,2757.9038806552458,0.41106058322396943
22.97013045248319,151.72611747511047,237.99637698341763,7.58069182502977,33.6899299747683,0.24709680860578925,816.3761611398905,88.48377121964964,16.71142059869999,143.46462046811664,1.6272645619836306,236.19655084975116,769.4565602526794,0.0
40.739058911960925,33.506801200028086,261.32742323622523,8.42161445906576,34.4730897893174,0.08650295711379113,1687.4019015799227,77.4221240363497,33.53882114948064,24.002487353554116,1.872061818244873,259.25684057681474,1589.8090117016056,0.11316726703301352
94.04531682152991,88.40238707687656,181.01034813468664,7.225593707080254,35.13276857379749,0.09230598222891545,1130.3186423510524,58.34370107558755,88.26545447210883,80.77296877564078,1.502764210849473,179.34822486191754,1065.047556328971,0.169261626268108
103.9913401752199,81.95426507720347,154.26717702445887,7.216590409977823,30.607436113039284,0.324173849703498,4796.780886038498,56.782126050126806,94.99060958216549,70.07330069437167,2.3401899541941455,151.67882406962767,4518.128315776289,0.050161737754776045
58.01885973561876,54.409402258922654,114.15430776366965,7.325650767544336,35.86914965883094,0.3876753407745803,2802.506038087947,32.446983665551095,48.35177981260188,41.64885676054037,2.513440779984389,111.37433178009351,2640.175004772654,0.10865659319253436
64.70325169795478,154.15894349146905,297.65033712905455,7.660822160123713,39.626574079341964,0.06024137908885091,4888.725344736503,82.81605818909742,16.683838610576995,90.77331821613032,12.485047402718225,283.8413259083559,4608.881299425484,0.0
110.81590909881935,120.2719174827488,88.58695645515785,8.063885650350256,27.574567487374615,0.016554052072308312,4347.739425997404,93.3160896557443,88.30109957102314,90.55236890605784,5.853850477227011,82.11234051523584,4096.706183785565,0.1920527977844955
85.37094382180345,132.27534258142668,100.17056349138562,7.218878541969312,32.42251459324125,0.3278600862789721,544.8618590456625,74.18219846383876,84.04994146641974,130.53161947232013,0.34346061239977155,99.79068095690171,513.2418780549848,0.04880934785427709
94.295426879224,141.58814513643557,215.39794265749708,8.356184991946577,30.450188705959373,0.12491321067081118,2172.8120385124075,85.10554656520671,87.2316321509823,132.2639360951565,1.8365866293428446,213.3665971163613,2046.909050260621,0.13180352992623395
66.14995405930864,127.06243279913737,118.7721534981514,7.693134462448227,35.64293936817983,0.4132854417182257,2492.7466199728856,86.46493574524064,49.864893023377064,105.56615223170769,4.234115869342213,114.08903523167562,2349.1791394784445,0.12561193139932034
104.06511752305903,116.52594683596742,88.60154659877958,8.042642972945224,32.309572237081795,0.2004122851227757,2101.021868871304,74.61011652368276,88.20387963537914,95.58911282422996,4.123921850796767,84.04030776050821,1980.2435593196428,0.2955565903521759
108.35705843766038,75.38974128863234,212.76067608015228,7.401798432432329,29.700609170382954,0.4170142583912371,3713.0761976083936,32.72104373178736,99.59749172692926,63.82711323046729,2.2774873447900905,210.2416749674806,3497.569225678656,0.05483931655768368
101.17475433162747,134.6984909416326,155.93736317613127,8.23621966771988,37.11247180839746,0.4515527530627841,2368.817854325078,91.20377980342974,93.46470820786517,124.52123005826637,2.004611992178206,153.72017419796933,2231.5583291414514,0.1534680904857189
33.29573812018701,152.7022846959349,87.7766025023101,8.068905023063113,35.271661989300604,0.2801292426833484,3996.4708743961123,78.07986661761649,6.100290510245846,116.80429385081253,7.070816378584705,79.95596878247987,3766.4132053555654,0.0
102.22015317451397,50.70454824534269,110.09497283078906,8.216338534560704,34.28293097887855,0.2544380282236371,4839.409735374422,22.294363997000566,76.76501083907542,17.103760362563772,6.618337007214032,102.77480118489794,4560.029946220981,0.04498649025912139
72.58163517212427,61.327918982051145,232.22274087491357,8.442649028824633,28.464177026661684,0.03730447308095647,4533.817539299036,47.83293407387638,63.25195611892147,49.012742631823464,2.425716553832725,229.53979174147116,4270.528776522741,0.058115158229421884
71.0737748143535,152.00747129752685,175.73225372803034,7.522328202178258,28.846549426151256,0.402449243674364,2921.9773009067944,26.3492259429767,63.57640735625523,142.1109462528371,1.9493155391055548,173.57622505758013,2752.4502562696607,0.03783377062876299
96.27066172214452,115.20594048700846,99.22257318331488,7.797231276832246,30.82257917405344,0.12457497396270684,4922.662090927623,41.877087729449876,51.47632272177006,56.077413006514185,11.646528140097358,86.34100112506432,4640.495545556379,0.36077434881986487
112.06794811837075,63.29410318049177,147.22875233238557,7.938057122151809,34.030732279932366,0.20516650137099468,1313.9500183426594,64.47289345040903,99.5231394857065,46.734955785374915,3.2616502444927162,143.62122379273507,1238.6974141760656,0.16356625688938353
108.78945777123792,61.05021976186465,112.52944258301088,7.154952112602615,26.948626562905563,0.21100022472166785,4095.7042494778816,66.51938582341691,105.68225693227475,56.94871465443326,0.8078722181304253,111.63590039889188,3857.289230724955,0.014822923968774614
105.71815848218357,100.67633753265535,97.837784594293,8.433970598774572,27.380553970975807,0.02439214941786383,3763.999545337416,80.4968586218018,99.4390795524866,92.38795334545533,1.6325605217212178,96.03210089636728,3545.2591445617963,0.055993731040856684
86.53134339657821,56.637163875415936,141.78311692081445,8.193134098394752,28.395145571119244,0.42391431926955847,4069.492266974065,35.327645078041456,79.51142897443633,47.370876838188614,1.8251777497568966,139.76439010198987,3833.0232131135153,0.03743197420335412
63.940492896686365,150.6896712636164,203.7925762571935,8.162315973146608,27.335721086970484,0.007041887207988096,2001.4368336377252,97.82538538704225,55.638101871492076,139.73051511035993,2.158621666550512,201.4050458095198,1885.6559812039432,0.02014278474304299
102.42157758473206,88.29824690386681,90.51956506445175,7.765859046823582,34.217445826339016,0.3824860426088119,3709.162770009071,86.21381364101234,76.17656667428552,53.65483250207732,6.8237028367161106,82.97224978406186,3495.7519517710753,0.18205984412989026
32.77983978546769,99.27701809887475,244.35434722652226,8.44552434198064,25.384857993564136,0.15151216633074832,4964.390983199222,30.447893747718382,30.27001225652949,95.96404576067629,0.6525551575239352,243.63259253855765,4675.2746152229165,0.0
94.08941628127901,154.0129222169678,287.40329583883897,8.482549853055426,35.163730250518185,0.3477708553245964,4791.885513123312,74.30585910439099,85.52134001549693,142.70306154613544,2.2276998291033334,284.93936190697906,4513.472084219454,0.06269658358366188
36.771230092974776,124.66421504510897,277.89875886311245,7.154629385598495,29.20934855715017,0.4431042782285813,4540.614336744063,51.97542587102503,32.681790154132806,119.26615432583756,1.0632543840989142,276.7227527778427,4276.36953508033,0.0
55.42803294607286,109.49819405639937,138.89971979419457,8.350041152718306,28.125108497854047,0.025997534243644815,2473.2070915284166,63.696486988280576,48.52284955009108,100.38335197370333,1.7953476829552695,136.91398634046433,2329.7765116424694,0.05815895539484353
78.605017205653,42.488249440065914,289.85893400077646,7.7619228801655735,26.45041050515041,0.05180730104892339,4311.728249232248,71.45451581279264,62.23530492279342,20.880229226691263,4.256125193543491,285.15147245429125,4062.13756488503,0.04772777425992092
119.71665861522683,44.67468445815039,120.83032273098422,8.303711005023613,38.818747241246605,0.09304604845655656,3145.982062544985,72.16862925725775,104.61687404967256,24.742968831618764,3.925943987044108,116.48805611234695,2964.2094734799634,0.04221524544987409
66.5772490556012,112.79855494808294,286.2494645055451,7.694557620412965,30.25284285308811,0.35107952730212083,2587.5270511697604,68.30229189835843,54.48188063356212,96.83266863099134,3.144795789730167,282.7711821293216,2437.987022188686,0.14651809041057495
47.613398593196294,72.08430816146925,225.66679573826437,7.505967242030991,34.04080112858209,0.4231424803552471,559.4829536955511,31.84147560327429,44.81087772672454,68.38498061772651,0.7286554252826548,224.86087080909178,527.1689589110227,0.1070308027681882
95.39773637885018,126.87372280214971,159.5183627968696,7.567562912969434,32.698419161842246,0.2919254164226737,2402.5103278947263,84.17312369213032,79.81795289977617,106.30840860977202,4.05074370455925,155.03806220495872,2264.127568840838,0.3061200726252403
62.80036599018789,125.21067368379398,122.5732927614169,8.091197752450046,25.69453429280971,0.30323249049699824,4973.340156102833,95.31916728225723,57.18186954391133,117.79425837470889,1.460809076031904,120.95757371193763,4684.034241488318,0.023804799259796578
58.040745098651776,110.42092281907885,109.17790943725888,7.455344620628219,35.2748481280002,0.30976436458080275,3696.170963949983,58.76019482794244,37.189630883232525,82.89745205472546,5.4212896960090005,103.18172473502477,3482.941198671474,0.08744925447951202
119.35243078114618,113.32375949233523,258.64298125240396,7.247085235106195,37.86712115844029,0.16968889319013608,4532.069760045852,25.035942669899676,102.54602907948714,91.1393092461453,4.369664442431349,253.80994030591253,4269.681669058283,0.11918133717509627
90.9901228332781,133.8027119198909,188.33088071790533,7.209173058693266,31.885661058397783,0.08850150469461893,3488.9501645317987,76.15372037658865,76.94161618247264,115.25868314082774,3.652611729209413,184.290931591038,3287.073008062982,0.16609982840320925
22.384538407392846,48.7468580210155,126.64604640444148,7.284133838256526,35.827127583459415,0.07292113669217304,1314.9559405133655,35.46911806316685,13.945364772320179,37.60714882271959,2.1941851451188934,124.21918118624131,1239.2060141635952,0.0
39.82769446755441,68.80187357161321,228.45452417842267,7.474584389536884,27.176645494747685,0.281810879321044,3752.511371497367,63.60069014823368,33.001562049643084,59.79137877997025,1.7747944286569461,226.49152352738616,3534.499074641829,0.055220512667891346
78.8168031256362,121.70418092473345,290.8521091924004,7.030656437803478,35.95064462492754,0.4803125812360681,1469.1572801164202,95.04968147467847,77.41727882654357,119.85680884993114,0.3638763177640859,290.44964599038985,1383.6666167611422,0.03756664684433791
40.38749985572716,58.460135679280086,216.8921964380789,8.169724840695729,32.61651262145999,0.0311724573415883,2606.9415765250615,26.24914088165592,13.430690277246674,22.877147035685862,7.008770490404924,209.14018819786722,2457.857140883501,0.36621075189022484
37.16611552529733,98.10472696945784,252.12663881716708,7.695861456380979,26.84392554160729,0.47211796458053873,543.3625589621105,33.47292036790474,36.30634680056837,96.96983225281566,0.22353986842952428,251.8793938967557,511.7806983936729,0.0
32.8046342625598,63.24874603611825,156.06392965191475,7.07078460431496,33.71767617322673,0.35519402482882967,3247.2650656676733,56.012815706495374,28.360101202291958,57.3819623965647,1.1555785956696372,154.78580893044057,3058.4501729710737,0.031087504401514927
65.74203876041926,130.55755130041382,177.35255902040544,7.024385769417477,34.051495860511935,0.000733170651486148,2321.5492594687535,57.771896577749516,58.47963206060486,120.97117445665879,1.8882257419517452,175.26409835087307,2186.997291062646,0.06498132968770184
77.57298609739675,48.21250442596339,294.11063463239145,7.361552655160052,28.569297687773524,0.16190499898161365,4557.6797849574095,79.44237529448446,65.01419946383615,31.63490606966339,3.265284524725757,290.49908641905466,4293.345002897672,0.04937537289795511
30.115975932613907,81.61793268868848,249.5898387618369,7.534551602325608,38.36742960027793,0.19238765760010246,507.52655594104334,51.06072484232691,26.689986337026117,77.0956264225126,0.8907572948528248,248.6046220395628,478.30781281744146,0.0
38.655452293107544,142.60374226018965,226.65478517000622,7.132359797475768,32.41896503309679,0.17001162883394527,2791.661818471481,43.233713418595784,31.824012178164338,133.58624130846457,1.7761744298852324,224.6902581769519,2629.659977760184,0.0
58.484707417784655,107.96550170509056,127.49611203248426,8.331394568376133,34.75611764533204,0.07227362027239614,4522.321116829555,69.90776938600928,29.869655361205186,70.19363299040569,7.439913534710667,119.26724063392793,4261.762761036616,0.07378313027405209
40.74685227629445,100.87652046427726,127.79731180395046,8.263371896202685,33.03915472166285,0.4371247946416116,719.3405101474509,27.209649680439874,38.520103319602384,97.9372118414438,0.5789547287399325,127.1569624254046,677.6465778572904,0.007612186495385639
20.481549293564743,111.51622563629654,171.53520974382508,8.039643567824054,32.392724294881106,0.25482171650350277,4417.767094028843,79.49557270292959,0.0,84.48058056879108,5.325202816326834,165.64530135411854,4162.415783519788,0.0
66.72301874254208,110.0617706770783,122.23301677958156,7.759323347982404,30.229952031001563,0.2813290371226044,2357.0180566474,47.084046211755435,53.78834290837732,92.98799857598082,3.363015716882837,118.51337357184248,2221.004535610106,0.18166084459966197
111.82819167041535,33.81854813317325,216.76094273159254,7.859060838983696,36.920605318677815,0.27806705326306286,2410.699201444914,81.70005521856157,92.77579862650674,8.669389315213884,4.9536221914162395,211.28201884625133,2272.209767418819,0.029511174836341757
43.01922530970944,145.9976003024808,195.51549494085023,7.36366386363896,32.71159239761687,0.17077928900823008,1189.138412331632,86.51486942082569,36.370858522725264,137.22175614366162,1.7285753646158892,193.60361460625032,1120.5313846796125,0.0
80.82183739087691,123.08986249502165,115.55874225672196,7.608192327967509,25.78980936171165,0.4115559846394924,4555.240592908433,94.15256872329552,75.71558870001338,116.34961422308177,1.327624659624514,114.09033102604931,4290.251831705927,0.04468672399446663
66.85986968384317,115.71330583203753,129.290936011474,7.927559609403465,38.27558777886246,0.2006133075566014,4682.0756969764,70.23740176200666,29.46204001681406,66.3481706715591,9.723435713427575,118.53638870865548,4413.143170160682,0.12313845140113365
95.04215524696944,30.34448749582806,118.28913330346532,7.616808774537679,37.839272013250095,0.035386577428474286,2774.4024443823605,46.76055589107154,72.05390714406943,0.0,5.97694450675401,111.67836995615994,2615.104810177645,0.0
41.01635903175844,68.73662746309995,113.48495297789952,8.055231513509334,28.18350381084747,0.07547030825012158,4305.004865000232,99.1177186931778,20.214383430572433,41.2780196695344,5.4085136563083624,107.50289913715848,4056.2795640229806,0.11003115606652103
89.48561546598634,102.3132469238439,130.96191280038593,7.875415013144526,29.926178977339337,0.19413917649391332,1448.9823696704884,36.76937493714942,80.43351800808806,90.3644782794182,2.353545339053557,128.35878820285038,1365.4853159087702,0.2536981994113434
44.037271319038254,156.3433018717401,246.01644278202085,8.268034523476482,27.5318640412952,0.32966376041386003,4389.927112365443,63.591523449012044,38.31720663517082,148.79281648903498,1.487216817805536,244.37151560936007,4134.640386525436,0.0
46.732490197123866,79.75065123563246,201.7938776507002,8.26014621569688,28.7654695077727,0.38151812861476014,786.1710538777693,41.22020609101053,45.396217117148716,77.98677077006526,0.3474310007935385,201.4096036921301,740.4862973855169,0.042207052246888616
77.5779602782921,49.32036718413899,119.77377222344973,8.459755357281004,38.65521549298143,0.07554149674432031,2710.6872355094574,29.522009685421963,69.53112889746237,38.69854976144368,2.0921761590157413,117.45973342779112,2553.5354136108367,0.06042337775117273
113.01128866489633,43.8723505648329,185.4852423441667,7.783797259395242,33.21652961211198,0.3130843924589301,4452.811200276058,61.88237438849213,80.0915411629799,0.418283862303225,8.559134350498269,176.0184635268299,4196.762490614889,0.005207196967530176
32.41805663146724,74.03766653496413,166.6190021421378,7.142710024384466,25.146328081065377,0.18891699702101228,3223.7150176523787,89.36571467700945,31.14047026583577,72.35125253233058,0.33217245506418136,166.25160480584978,3035.934565984663,0.004605325841158756
82.47392949229966,140.31931584215835,246.36430298358104,7.470164748462157,37.83702628793984,0.451899859441982,4166.258635551794,81.74549669944119,66.22510832754216,118.87087190467844,4.224693502836948,241.69160626863004,3925.1348508759356,0.11954071633597284
33.29946828177315,42.58219935375269,133.91387449478864,8.046347890972728,31.652551877573924,0.48704391314442386,3568.3444645022573,90.46052524521555,19.22969619430004,24.01010019828817,3.6581407427430115,129.86781003591952,3361.8413941227805,0.1822928223524252
62.652472265575646,55.8472712714854,202.52133075373547,7.693383389034844,26.393870554492125,0.16279039714525328,3837.3577503593206,34.4708176602854,52.99461647156698,43.09890162339394,2.511042506442256,199.74400736611545,3614.702109563398,0.07479359755478529
89.60663773088177,112.38797987686215,172.4294983011673,7.415924523524944,31.30698416790871,0.16391813634775215,2406.8401511746297,40.73184221815943,76.28619053514359,94.80498957848778,3.4633162708919234,168.59891827187863,2267.963618272905,0.24849996960278883
36.48536531380077,88.5633315453976,212.45019637647692,7.010366696217329,39.71787382379336,0.2669929407268496,3733.7256984324135,67.79723060596086,33.45189395777894,84.55914935544877,0.7887025525656758,211.5778566850952,3516.403271819143,0.003428523561238514
85.24065850924376,153.68289225840283,251.50724963073966,8.342496060646921,27.019795916510063,0.08134827219089141,4481.253419270906,25.881406333731405,77.7791945651539,143.8337598522043,1.9399806254633638,249.36154578510357,4220.829144216657,0.047596889588605994
37.386428886151336,27.894163909665703,171.98272622178865,7.374394442446137,25.02198221179927,0.04998885173056733,4691.883571842804,79.28485075738732,31.431349394932116,20.03345898125634,1.548320667716994,170.27021550524236,4419.020270578109,0.030139003561566
72.77927913934153,127.26711350155254,142.76882233902683,7.071936774006454,33.58017885972416,0.3221725113173164,4801.5000081633025,54.8165990966615,65.71443142278278,117.94151451569498,1.8368604063052827,140.7371739885364,4522.365530108338,0.04503546423265963
51.7122498445315,115.73434573122323,167.79218484195826,7.116903877674645,36.83257312477302,0.18979469033973279,4095.986953558167,33.14767712644188,42.165604389173616,103.13277373015084,2.4821278183930477,165.04684237029602,3858.2434129949133,0.017105249567276735
60.85576559239272,31.307481538887323,246.30112648919416,7.37580158383533,28.59495845397469,0.4387736779823806,3700.963737561585,45.75309377054249,54.85587826330451,23.387630264490888,1.5599707055629335,244.57573031870066,3485.8679779335334,0.02555715993710938
69.32246424319975,144.52697116900262,209.9741385573497,7.066890123947001,38.66987013433726,0.49447581752714725,593.3396146979312,40.64418525917575,68.81202370789887,143.8531896624055,0.13271453917823547,209.82735044341237,558.8071683327037,0.009544725082262088
98.20185308866608,153.16454222062922,160.39439996839286,7.782248009700384,36.44801920886109,0.29528828882035674,4853.494240478411,29.391244782036637,58.797470857640725,101.15075767567575,10.245139380066592,149.06282547824233,4574.783880286946,0.27200669327241656
110.35898296898297,113.58577914862401,170.42049356646086,7.836364378305888,34.11261319618214,0.03695971690645122,674.9090394051161,53.81629035763999,98.6225672037117,98.09371033846598,3.051468098970527,167.0454357185336,636.8210948461108,0.39753419536610124
101.51995761817876,109.54599750569648,232.02736195237628,7.438211037638391,25.471133643582895,0.10654654726004281,562.444876706584,28.84619427187043,100.68727193106032,108.44685239870014,0.21649827865079807,231.78790533978062,529.7477754574672,0.030477757664656473
29.35307092440579,38.07994984654353,241.9185241603782,7.767173645166084,34.74283015051316,0.08237837961875871,3462.261909130986,45.18054749627045,0.5046240709637257,0.0,7.500596181894935,233.62253508666697,3263.4834278001495,0.0
36.64635811425438,100.51829477950993,165.52479654332126,7.345188805827041,25.422185284450475,0.01521094445650295,1214.7484739571391,68.50987076913732,34.68204340309333,97.9253993607773,0.5107218249018753,164.95991575566882,1144.148160077416,0.0
105.49105067001518,111.6086448173912,212.04642442176868,7.002037347322843,38.23551299471627,0.025263404685876345,1042.5075008533163,95.6631040209599,103.33526753460244,108.76301107864644,0.5605036152073085,211.4264827858279,981.9679223227959,0.07710289532456285
68.98076822950485,103.83157358705579,292.09602012358,8.18723143743344,39.57482772399359,0.1494218939009756,2403.242724411817,92.81865311831257,57.12599318835493,88.18327053273786,3.08224151069898,288.6869255296036,2264.4193023524012,0.19604140908676423
24.671907185904587,121.47209134593142,259.97289731265766,8.0518428231311,35.520986350402794,0.4785505672589471,4446.274353285404,58.59708335581701,3.100898012137593,92.99835923655897,5.608462385179419,253.7696913888302,4189.3955397135105,0.0
45.594257708442896,108.10856852562888,218.49856267622366,7.858420209922676,34.95720405359998,0.01756034562114367,2875.5380072504063,47.73061488970903,0.0,47.92414835048427,11.854507004195154,205.38695685235282,2712.764992928798,0.0
33.23947801097785,62.265499969823466,109.29670251374355,7.624710357879238,31.67174998695524,0.014725922644819922,4731.665264547678,41.287054039712814,0.0,18.389388995332702,8.64226428285424,99.7379783371581,4459.345501432769,0.0
39.83878435574782,137.74966085874172,201.75644844273785,8.149814194106776,33.64912691116332,0.22992081242409623,985.4789675540178,27.52755357313766,33.55397373479475,129.45371083908367,1.6340507614478033,199.9491164741695,928.7048243474684,0.0
98.61289244088945,85.92962150912786,93.16723085480578,7.973819396020675,35.59415651733502,0.09837418195018366,2433.7998825475634,29.990008504765235,67.77618566880103,45.22516856997111,8.017543760742997,84.29947503591808,2295.2231048602753,0.31047742066594036
23.356682170766657,67.15291665406899,257.8961092329828,7.6757524728285205,36.114314642002086,0.3099698391195998,773.1458639875025,94.93343946160648,17.56844641536499,59.512445456938764,1.5049412964044337,256.2315780078938,728.6959842531974,0.0
99.25367604494794,25.00863398723869,255.1214718215809,7.767429199791737,26.32232934461109,0.3165855908170614,3563.312992812041,49.45177636184404,92.97379940639371,16.719196824347055,1.6327679260241075,253.31555872537947,3356.2710768023676,0.011819535684052869
93.23917565301689,150.4857962547145,161.47494201056415,8.494348854019087,37.702652010798595,0.3613809736938241,603.9548624730073,67.61228863948843,92.37312325193629,149.3426070852881,0.22517362428096085,161.22589008436762,568.8416240151079,0.030092154761305202
92.45970285170172,83.88375448418572,200.61621269036664,8.454405465031119,35.01617118587838,0.424862701139162,1191.410624847887,22.68646558493648,90.36352515068981,81.11679991884998,0.5450062022630953,200.01341187434707,1122.1848103467462,0.057113227311373096
104.15424217901611,114.79962513839416,284.39885815183095,7.704738777596683,39.081151163727014,0.090672829243448,2202.0777309942923,83.42425993681994,81.9983149768406,85.55380123152247,5.760541072565629,278.02744651497665,2076.0811611057147,0.3797486515775959
77.78282745111684,113.69791887450207,272.0918544343465,7.177948491238065,34.984144458058786,0.3468046285257394,2995.5406444465075,83.45873050030931,70.92864143789689,104.65039333705171,1.7820883634371876,270.1207863708305,2821.6567269863276,0.09634135915559756
54.750844685873204,43.54286849274391,99.00334209766807,7.261236376641894,36.97854058094724,0.3839573267401622,2824.230183456524,87.83892225491107,47.267149909410946,33.66439138781372,1.9457606418801858,96.85124529980827,2660.3995429666893,0.06928276848067015
40.26699344811325,141.8714132102715,224.20732113815038,7.298631835968589,27.177958988022088,0.17828743361562943,2296.4746744602194,39.838957319698586,36.87192927974615,137.38992850802686,0.8827166837754473,223.23099768516144,2162.9711823981374,0.0
72.0541731407024,148.48843406144735,115.66845049435264,8.193385205159709,39.63672191173963,0.1824632852171731,744.3849168967515,54.26733112739918,68.77848966123145,144.16453186854562,0.8516777046624532,114.72645751661332,701.3431602783837,0.06074751327142454
59.58685517250329,85.45666636216738,113.70662886779533,7.956216520359327,33.236960958121436,0.2514172543629769,2824.774678131308,32.2843545248855,36.87982733649085,55.48338961863095,5.903827237363232,107.17673643438205,2662.538640041668,0.3329214133035196
110.91218373690427,104.88163943203736,155.85924221296193,8.397270039453673,37.250705181155716,0.18382656246903145,652.0690134457468,84.95507349803378,108.79707732862438,102.08969897310789,0.5499276661527714,155.2509980415523,614.2845475820332,0.0674560888856611
118.94741539684398,60.487079113774534,105.38257701438515,7.9291242748558295,34.147606780389744,0.3569274225765266,3792.072422954241,91.17935416901209,92.38284307317286,25.421843646528668,6.906788804154489,97.743365001878,3573.862682900146,0.07247435112751294
103.31987843043221,58.776099722923604,190.06926972620164,8.340437710980954,37.2777556692974,0.27682044767214276,1570.135427434405,61.437243297100245,98.33714909377453,52.198896998535446,1.2955096275309992,188.6363791326742,1479.1413564967645,0.06118486698220624
119.30896009002223,105.50610218581392,104.63901579015328,8.028638576084347,32.601943123928535,0.2554270094542658,4451.435115985127,40.50175467478462,88.26430101112041,64.52715220166345,8.07161136051448,95.71145882932052,4195.268504602793,0.18578537314807456
105.52090266618964,98.754468114519,265.5675625328993,7.464403088823074,37.61434164315554,0.0863683102492418,1439.8552994359825,64.82615590058859,92.57568860428192,81.66678555280075,3.365755656096015,261.84488883195365,1357.3062068462598,0.28696685702700825
93.311918745221,159.22562087290467,129.16688400412124,8.140360946837127,30.235896764209915,0.2557023344832454,1075.6659479467735,52.11662613706051,88.9238384526626,153.43335488672753,1.1409008760651933,127.90499748570409,1013.4319870503921,0.13456364812201696
55.9100004557339,94.79807921031865,274.09519974622975,8.350747050827575,39.13745623956356,0.344768035357767,2499.336713506828,42.25293856294186,50.63531832780374,87.83549880145081,1.3714173532618434,272.57835187144065,2354.2087891017145,0.06940167033177931
92.01449942677112,50.80968771242342,176.89586347974506,8.218823863572622,35.96131381253768,0.26623227235184466,4679.479256384627,33.23448412384978,68.36875439857604,19.59730427520593,6.147893707330718,170.09602280235129,4409.228879525484,0.05494631342905734
52.019041409909335,60.11795326496265,272.5161394020992,7.721027067966098,32.475685758256944,0.33139973030760234,4095.9173108792793,20.76922878219505,24.518560263080634,23.81731815114876,7.150125098175464,264.6077867523041,3860.095672358458,0.24209168453915467
37.30749088247856,30.709311534226245,223.338317626888,7.360199364350274,29.32215837880013,0.48268456262795284,790.5693803259605,70.29150467418971,35.94153402282619,28.90624847948511,0.3551487835096158,222.9455074613908,744.6314069359366,0.038140775171842
99.04997219670416,111.7090330124071,128.4684469511888,7.318063988789979,36.02098897264728,0.1740480860066949,3277.089444317936,71.97078115787555,81.62551346802196,88.7087474905466,4.5303592694573735,123.45767046249776,3087.9227517458785,0.20894596085124775
70.3365184887027,137.58803112003432,96.89189190125974,7.601136920820053,28.608569223261256,0.011140659471219616,917.7160541294695,33.59931444006506,63.22002984711074,128.1942661131329,1.850287046813916,94.84539309618478,864.9808089070043,0.14898644180606715
23.99916739176094,124.87506463114129,110.76270387123844,8.039745339280513,32.088278910575696,0.35081109966330887,3963.113185539026,44.55949698901009,3.5009114902455734,97.81736684114101,5.329546534393995,104.86799113841697,3734.2843352641967,0.0
41.5115424251074,74.02157177918366,237.5605302628586,7.650097255292643,26.38288635852414,0.3061449924144207,1843.180611163851,40.98785062506362,38.31436711578574,69.80130037087906,0.8312655804236314,236.64111399176366,1736.0794156218544,0.05179528282733088
23.601199823438073,55.27903992679933,112.44223914731103,7.476257844972975,25.271283778026003,0.4980677518084342,1166.8166764173563,38.94395383463136,22.85493656123476,54.29397242069096,0.19402844817286122,112.22763515490887,1098.8802729668694,0.006256287915146764
65.97271733964844,123.64114836863232,215.24414457676582,7.568646490085504,37.91846842986287,0.1003934373367158,1971.5408634523476,81.88682195876787,46.37484055138545,97.77195100812516,5.095447964948381,209.60835515179824,1858.7094527791262,0.19516478117441943
99.94219878504175,38.046280071700444,157.47168352575534,7.0033900045517194,29.30518759574928,0.1653150810776196,3017.413099692898,52.919639181514995,97.46906707763688,34.78174621792599,0.6430142439252704,156.76048150761156,2841.786135859517,0.010673309678948058
62.327198947582815,39.53968204769416,293.3563380692243,7.282194510551358,37.916319271727374,0.4210688481794109,3824.9800469786514,21.32262784367579,53.019160880371395,27.253071798975082,2.4200898974749707,290.67961226503917,3603.0085409459734,0.046169624990966086
73.81761179386515,83.44962771209299,228.15918248593746,7.772639122379559,27.001209399495266,0.17933436066855718,1957.686099361087,39.31326994207397,67.82548375582223,75.54001870187632,1.5579532898911634,226.43601766585454,1844.208747336538,0.12351008466644423
58.95879415488427,73.29668815295781,146.45192161313338,8.264490552753902,31.168737030862026,0.3226272797432474,2457.4073740977815,68.62233569018105,51.50663371512505,63.459836372475685,1.9375617143373924,144.30889318952833,2314.956226686486,0.1357488428759788
107.73639554322772,101.67543912918124,153.95424919797972,7.384219540525966,27.647840227481602,0.0008254127712966075,2183.646158357573,47.14184630378102,98.71482881224723,89.76697104428696,2.3456073500549333,151.35990436519924,2057.3207871959685,0.13577557587104572
38.48909535593624,113.23163187743113,93.07810765216084,7.64634618562393,26.10093796084266,0.43142665759736515,4481.20516559759,38.796069671693814,32.85941747474821,105.80045707426294,1.4637162491088864,91.45917314147063,4220.5879967261035,0.0
73.6496958045337,80.50879620917075,195.83513164578716,7.152085076071288,28.71657414459957,0.17586991966339033,3658.9048603778647,98.93708431037635,68.6706055078112,73.9363970174971,1.2945634771478474,194.40328753617257,3446.1517568643803,0.05309731511945186
64.22190112694813,114.13963911901587,207.47810659798682,7.783709447912204,32.960241322339805,0.19234785050140468,2830.2068271889657,30.047763705526584,36.51731344392059,77.56958337741952,7.203192797587155,199.5110587399962,2668.188050611056,0.18995767545340922
114.36166111846704,104.99012829507573,203.60742789898939,7.800306241765038,38.646547233827484,0.1601033235170899,3991.3259518755117,80.03994415700986,78.73740487573501,57.96611005466943,9.262306623110328,193.3629096394723,3762.4692858869807,0.24013390447603797
74.45946076805376,25.275945001773607,169.75112519789474,8.40231748610507,26.96473709192435,0.395055978905929,853.8287200077732,31.68696516234793,73.93534690973001,24.584114708786196,0.13626960316418787,169.60040502692246,804.1132913802907,0.006027572971955927
52.725199384820925,93.15940717835103,198.86107449374657,8.151761457380447,27.840791099978432,0.23892675898385501,2615.122597610767,92.40562711803689,46.66383780020649,85.15840988665998,1.5759540119997508,197.118000083771,2463.3293217171945,0.06874821249406352
83.34293012357546,32.32989545500058,249.7151428934524,8.468404734242457,35.4123175456974,0.4573570488298158,2500.3010968337912,40.61303287900374,79.45399016454411,27.19649470907919,1.0111243893481525,248.59679487380527,2354.9689054025735,0.019552149787016887
56.74167543775276,91.99173781971355,288.6630940094969,7.8196090271577985,33.84499256858873,0.31975763690153813,4277.561013087581,75.43177950997872,23.477446933156614,48.08295619364663,8.648699411194999,279.09725229810374,4031.7668046162266,0.17678567979706333
51.00075627322829,82.93490562598433,233.6973727733931,7.31161393711177,26.78850013075503,0.22119492036036165,2572.8940365828025,65.65087318265819,47.86141191820636,78.79097107735542,0.8162295323057013,232.79458703244183,2423.250174667623,0.044072525955420445
29.127601924834817,40.79750892923897,165.66769016794655,8.31142174100856,29.168921598896954,0.34729906332259536,4187.272975684388,96.75802990453619,22.107093872847944,31.530438300616296,1.8253320935165875,163.64879263813947,3943.9382820846317,0.07523822385395279
90.55573763141486,130.91051515896072,227.80749934280573,8.300363725112863,35.18912845542573,0.18865224540812287,2307.112089655095,46.3447307892972,79.16559818569615,115.87553109061196,2.9614362558868668,224.53202067077268,2173.842685676995,0.20968038765508915
86.41591660098479,64.42918895252245,89.25880644289268,8.315096379887699,27.54792779444116,0.20234079731538757,1788.1166262428933,37.25544784886524,83.74473265345544,60.90322614178371,0.6945078263576328,88.4906502591246,1684.16902927313,0.03939695692442257
31.990391191545193,66.81725094078482,126.5263119122154,8.036996469938908,25.019706134900915,0.35973441762353303,3704.955648597555,92.21736856970169,28.854813295715964,62.67828811829021,0.8152502529155994,125.62460929731478,3489.3211945887206,0.014584883553546838
112.04532804972767,131.79537625437422,288.05678745801004,7.912724485770902,27.02015062521847,0.29623023516323427,2628.396861831636,27.676086557229304,106.0564805733324,123.89009758553243,1.5571003438627669,286.3345660337267,2475.822058706354,0.09594666191683413
47.290677854043835,56.962536362048795,245.13003734694874,8.269953138584302,28.072624417664716,0.13398073800352805,2564.9924926071967,37.65662576477703,41.16428522610393,48.87569809316813,1.5928620832643738,243.36826186694265,2416.128346642946,0.10350876411410655
28.844491763304497,152.96701070781754,166.52283088312413,7.1527408978460185,26.491781780439215,0.49227671465380407,1576.1768957828515,48.809714669660245,28.244241407834508,152.17468023859715,0.15606509242219588,166.35021603090112,1484.3624482428886,0.0
108.11932237251123,119.6411142728447,119.82431781207242,7.115479434254846,39.49517736362841,0.1816355273023909,1170.7733568476383,43.57979239627408,106.12920505170847,117.01415940938502,0.5174305034087214,119.25201693110441,1102.7391999417089,0.06758077451900213
83.96510320062914,89.21185296374588,210.96467924144247,7.319333747968584,33.75773035351131,0.4992694213970893,3743.596710577661,64.4981399797642,73.4048974886326,75.27238142391046,2.745653485119094,207.9278657988355,3526.5030071959495,0.10479356306413999
113.75009308687987,43.31104434888433,262.19989763252113,7.2808278505046,35.40630926014146,0.1507512521588143,2792.39763528282,29.702767640637795,99.53760630551577,24.550561797483677,3.6952465631546727,258.1127925052517,2631.141415266234,0.04665039727373595
45.88428224626467,65.72245728488885,89.89067158888345,7.356873268622112,35.91203957371945,0.49286860676204725,576.2710956042788,43.04306947431728,44.04145219670385,63.28992161946854,0.4791358128858149,89.36072631891689,542.875955815819,0.07604812088352582
108.8743732115434,144.8491080827638,270.54253198763683,8.468111573892335,36.89904522721211,0.008751451094956064,3200.0032625273816,48.6827360956843,94.01261349167034,125.23158525253123,3.8640575271670015,266.2687145139075,3015.0563001213736,0.21892831324403672
27.759729339343515,140.944209792768,82.42630153455472,8.093610239435046,37.90321345388953,0.32732412440659653,2173.4954653025297,80.68947209783734,16.771791642006555,126.44013203228319,2.8568638013076115,79.26648459387768,2047.97181810165,0.0
98.15782819068767,76.52243468503866,250.9498014042377,7.788782084471643,37.67049461589179,0.09403293430229204,1354.7765084999403,79.91049027026372,81.43816717045604,54.452482138332996,4.34711186526021,246.14170459941965,1277.5900670480698,0.30054973688331077
97.06971326854426,46.284881600396176,110.77399493310146,7.750626702403014,25.639434454326945,0.4868950167672607,1438.0446865301046,98.55272227002605,95.56715206619553,44.30150081329578,0.3906659126106832,110.34190126162605,1354.3786477303795,0.01760823142132168
66.25024301032275,64.78316318311579,178.8456021737856,8.052721015828691,30.53018683259907,0.43291913366686613,4475.798883218577,90.29927418082147,50.071245191223134,43.426886061904284,4.2065394329659025,174.19298465809314,4216.623870176467,0.11465539820311965
91.69654163221705,73.04282071092825,252.5807385467779,7.999669031773974,35.15443434133972,0.44683482750545406,2774.9662544376365,35.03574986279248,75.8644303399547,52.144433805141965,4.116348935988209,248.02787568516018,2614.8992172121834,0.14295123961067582
66.27768439774147,135.960557961542,88.65413177898571,8.379409509043212,37.75789754758618,0.19113628206476402,2527.36074821649,84.3629925071331,58.13249372522302,125.20890627381758,2.1177495748548005,86.3118076613029,2380.905919828372,0.057089471653879065
32.915670096386954,57.509389349782765,294.7226599148771,8.0179891046504,33.017271525560254,0.11798311214845109,3759.1975172865455,57.016460619989815,0.0,14.060704822551987,8.558074225060608,285.25705364287325,3543.5675988956204,0.0
30.070066918205434,109.96118828439049,187.24306861178903,8.234787094206961,29.84835522891845,0.31461406636227307,3497.599403167402,61.194930461868694,20.90747124263895,97.86656199264274,2.382274875647284,184.60816788394396,3294.696043455546,0.0
47.25302660548243,80.4615554578981,269.8862918210567,8.101768087117595,39.55224213105534,0.459752730426859,3001.7132991708813,62.46869062038297,37.8386258761389,68.0345464951646,2.447744189629324,267.1789791541756,2827.7430757409684,0.0965502926593395
28.084399879089954,89.65874465480155,180.29539826553037,7.629918162153501,25.05824441985732,0.38485137568328914,2891.6919398471446,68.56758807115432,25.495061093602516,86.24081745795813,0.6732280842267366,179.55077841193233,2723.4059338649276,0.0
34.44903969837864,76.58624793199495,273.90226527069365,8.23452024134805,30.458847935360076,0.09089581084658754,2405.86430679195,50.194923376773275,21.896934460696436,60.01746901825449,3.263547361797373,270.2926384359145,2266.9625180318867,0.0
114.69053188825521,40.33619712649818,295.7570847832438,7.13821500853381,28.30615263118091,0.4739244383432534,2865.8908180327157,73.79898570735114,112.84986410041876,37.90651564655409,0.4785736248374729,295.22776131797025,2699.028828559776,0.007855054277702422
95.95998127467108,56.034328691898764,174.19043661293102,7.034348688567185,29.033209409793095,0.3039530176510242,1438.0180392859604,63.74975217952488,95.02309741897923,54.79764200238553,0.2435898024798787,173.92101558414424,1354.2931189906838,0.013624925776049885
97.67872157562614,85.40965031413248,253.9266466870013,7.235122151109595,32.359167899596926,0.27623195605179973,3274.3192210534025,39.07732854231099,88.43191627970647,73.2038673235185,2.40416937693912,251.26752967833178,3084.440346324731,0.08468405226397215
93.71488455924887,61.46456147522341,284.34883364221787,8.45914808396062,38.93145528166977,0.03488072428855704,4553.69932006813,45.01714336574689,78.43061396453105,41.289324290195886,3.9739103546266334,279.9535141126226,4289.887753616386,0.06473301281267488
71.08429720238118,142.5320020233579,118.23395853769986,7.2820644949565185,34.21049020363673,0.22165778652361812,4389.380005294612,48.05873734951899,52.455245571494814,117.94165387058791,4.843553424030449,112.87677554727493,4135.504303090332,0.061710678718449125
68.11094930040426,85.41907954800712,286.354431552327,7.64918456670248,35.23373266286665,0.09723268242134658,1062.8560835180847,47.83434898779034,54.20278768430965,67.06030621476225,3.6161220201846005,282.35484164758424,1002.3859150081759,0.5870820017996577
85.27229496866835,57.594785703644604,156.6760657888792,8.14712065178894,28.25809467282663,0.43175534829424506,2402.850793732617,26.96941244975001,80.88048974304353,51.7976028058199,1.1418693586624413,155.41310808613886,2263.2529079601013,0.042545061746651194
65.39465126824604,32.0675404113899,254.36877660716272,8.119403830283618,27.345410211227236,0.1761956009993333,4934.610999713846,75.3640185853943,53.2331595535962,16.014371348052084,3.161987845808963,250.8714790612212,4648.261619146041,0.027961154496061465
97.31606601256946,124.2882885374615,291.7078313508931,7.5503150027540995,35.64734280909241,0.20790969146812327,3697.2178921841837,76.89385790933237,66.28448300833442,83.3265989718712,8.068211581101115,282.78403469553234,3485.014752880339,0.38136264367678996
59.69162091094069,98.93032960337948,87.88855810683722,8.223439011866056,33.68545296938197,0.2099262334507252,3878.2839371347313,38.43791984423278,37.915377175955584,70.18568787319914,5.661823371096126,81.62633258704793,3654.537263001189,0.16281753486538147
116.81741742327016,74.62649924301333,122.32326159617668,7.945050702691638,28.467440944057405,0.3480652678536797,4991.271877224271,34.0332321804392,101.6050380692055,54.54615849564796,3.9552186320568126,117.94861593335779,4701.945645186025,0.059606666738969256
111.51444382849293,38.50429615269816,228.24595095562438,7.288391031182358,29.364789338179154,0.38585437718291665,3315.2311471719504,60.07682825651676,106.00841158978538,31.236333597604204,1.4315683820639613,226.66257339897888,3122.5677778321624,0.017924841508018947
95.38203045916443,99.3175667980874,255.44521029526658,7.770066045624282,30.46674348106294,0.32684289313069453,3745.5840719795096,87.94893034657875,75.68020768853496,73.31116074085654,5.12247392036366,249.7795289756556,3529.351163684536,0.18473985761479153
76.4503878322886,122.41469734338109,153.95920343880027,7.341147446114732,39.54272580729066,0.20638545985700502,3758.7141830651453,28.96270766917093,63.161305942467806,104.87310924881764,3.455161291353409,150.13764317534174,3541.030792500605,0.12548553189549205
96.43841289751924,66.48950113914105,175.6865948650778,8.033233748971965,39.32085786069463,0.37257525903050187,3632.3751552541116,35.845149175205776,81.039955246272,46.163537039494656,4.003598989324288,171.25843840051195,3422.2816649425426,0.08824880784595035
83.129238197707,91.21762283404925,257.3383150588646,8.179296371887387,37.714422445772364,0.33937273885091174,4780.512791105195,65.83718989843734,62.71305243795774,64.26825763118023,5.30820829753481,251.46720335395383,4504.028076656674,0.15894878387849257
76.24671141702939,124.60396973703483,268.3770923510526,7.6917561944340544,33.89080263157476,0.37457361005019146,1210.644383249593,63.48935150407808,67.93415996771054,113.63140182393391,2.1612633768229013,265.98664005569856,1140.9615286406042,0.24028210205483377
91.64070769301628,67.39490459539235,169.57265083822102,7.466605953898832,38.95395121703887,0.23738252515441666,2478.989391203795,33.12569484365672,79.39426705456333,51.22960295263448,3.184074565997768,166.0509244089059,2335.792379638262,0.11612607180134588
48.98769606398588,116.21441078838504,280.9792912184546,8.391849028829325,34.03133354646859,0.007965502319726203,706.7238278931248,86.4570837412081,44.32503089855247,110.0596927700129,1.2122929430126874,279.6384419358807,666.0255922167596,0.025647823633481098
115.05609228811687,52.26729655229194,195.14320160613323,7.177979647087494,33.05798270776796,0.07734904172612833,3052.476923926563,86.03910765778696,102.3436489716604,35.48687137456946,3.3052352622786736,191.48746612098657,2875.8999235845704,0.05301755765546776
35.06058092781571,62.74432854558317,106.5918361230757,7.621312526172007,35.02071860942263,0.04570015494992108,2544.3429899825755,72.65865339218247,0.0,16.464361720866457,9.115751041232084,96.50941477911958,2399.7641758445593,0.0
43.762284964792684,133.2748032051789,289.0724087417663,8.2103686260449,33.0615058235241,0.2527517866598257,1091.9906968096134,61.60459591636691,38.24578553816769,125.99302396203386,1.4342898509224968,287.4860211209382,1028.9256855274607,0.0
75.16602987370389,92.94140745642362,196.37112508859107,7.713245811229597,32.63961828791716,0.3594727354726555,2180.048383209159,24.483517406100574,60.917578945602074,74.1334522313292,3.7045972413064816,192.27367770026697,2054.4911432815265,0.2881493791262331
31.067862316047606,142.50902725344588,205.2609085582563,8.236436046387308,28.64015755938537,0.13728537479615094,3933.841794846675,98.60815997608954,19.207162885019823,126.85290400448926,3.0837818520672204,201.85011027901933,3705.7972053494245,0.0
71.63389808534234,91.430098676026,206.48318162729305,8.13302426120875,29.877604903741773,0.039522715290732036,4778.672156821347,65.44638514558258,36.825873658629256,45.48350643276476,9.050086350945396,196.47338831715396,4503.83215882575,0.32754023976727664
64.52762159567021,150.93375059382902,155.00628653855182,7.070023266763551,25.786285325061545,0.24118421838329113,2592.9999451381336,50.92414661768495,63.6742768946535,149.80733558848698,0.22186962226433626,154.76088898381664,2441.939841411021,0.003421925580702171
40.24282606765993,55.31490789521237,102.96368516026371,7.770243309219919,29.41077074912916,0.13218388025468164,4959.693274070264,40.115499575860255,7.7952698581353514,12.48413369863992,8.436364614476394,93.632695067439,4674.04816204747,0.26068665850393974
29.96039334250447,65.700930227795,222.54925424266665,7.478072310294507,39.434797879271294,0.23231030714222445,4267.511277353031,84.92054325723855,10.249084655220496,39.682002760580154,5.124940258693835,216.88084504445197,4020.8548750700556,0.0
60.69643130721684,36.45798435156867,121.10501734483796,8.243926622650253,38.89378196323093,0.20515109492441802,3078.870423217661,60.815814332416835,48.185995738616775,19.944209401016575,3.252713247836019,117.5073735163248,2900.733258400141,0.06286136767513593
83.53103226881774,39.46251306493489,165.03207970394914,7.802884700617472,36.23548250089399,0.20106724651849722,1549.0130111190929,63.593231863879026,68.01932805511339,18.987063502845178,4.033043095563125,160.57135676363671,1460.3749871498442,0.10505454673793008
75.82524510368637,73.83425420310243,181.30448050070666,7.183409522211392,27.545657053293958,0.11617032106026065,675.2532185828143,94.79117522492811,74.92898568179477,72.65119176620549,0.23302744969182418,181.0467418983826,635.9870802269824,0.029649127008779513
48.57564938832874,74.71298546895147,114.90274303128174,7.767395272036599,26.599622049613345,0.18475163075815126,742.6409537152362,97.19535106990158,46.62081088404035,72.13259864329083,0.5082580111149753,114.34058732997713,699.55974109768,0.07317819212323291
58.64432479986044,27.769516460760094,164.1332526358297,7.87366971751564,37.63115371413285,0.19676216998872958,4221.072583599729,48.53693829883043,37.60681232958764,0.0,5.469753242270928,158.08346512116415,3977.2359916318196,0.0
25.76652143688895,38.026826279557866,185.91777833402,7.635381907504072,36.8921166584381,0.2078489031196022,4363.736527088713,20.952233336360315,0.0,4.015017982864449,6.699295573591126,178.50806295509744,4112.093410004517,0.0
30.967758588009467,72.61799473219537,257.7966708190832,7.981242530006501,26.41842302574932,0.4111538082590649,4803.725638261158,24.389467092022244,24.24490768876355,63.74383154519078,1.7479412338039377,255.86337098191436,4524.424870737147,0.0011517281051497083
103.56896630245522,42.151628678370955,216.47759906858306,8.381243034304962,34.69713130928646,0.3016303298162759,3047.5555770993897,21.09361043934865,94.78882383185324,30.56184061717631,2.28283704235652,213.95268095525142,2870.845347275787,0.03413315099170657
69.8528369572943,28.344587882533258,180.75018587714834,8.44716879729384,29.542854927973238,0.07821051069595009,1865.946198380474,29.47257840897346,65.7298630983591,22.90226238873881,1.0719732033231493,179.56453639457163,1757.6168520653675,0.028415182464706958
94.28122141798241,105.69794107791955,294.11155343732105,7.795689464222784,36.35699088210148,0.1474755655974262,3036.1776329210943,44.519419602839875,59.00863825352968,59.13813130084192,9.170871622757716,283.9681663073149,2862.9609329697096,0.42370436740500567
61.45441713166325,144.08121651344194,204.86179261121202,7.7006666540994875,28.12218028822852,0.37405269511256406,2605.585352599368,63.7112914204431,54.2968485609314,134.63322600007584,1.8609678283902797,202.8034803922287,2454.4651382497645,0.01642976560640441
25.59104443604267,79.14395719664898,280.60922138957727,8.015375836737679,30.210332531243726,0.3639190305648239,2886.4189836782957,28.68802074890698,14.101784990690163,63.97813472878365,2.9872074557916535,277.30523863764944,2719.3910929027993,0.0
108.94548027691552,146.17431482986743,251.6948073831839,7.3605029193733476,37.992932466938385,0.08530431759867502,4715.560431246779,73.73028520647131,77.20132484581696,104.27202966081724,8.253480412085638,242.5660952570694,4444.0721642939825,0.31311273744839213
70.96843666698697,60.706948425654595,100.75837785749474,7.464129350463694,27.563135308216417,0.10162758318548087,4653.545464012956,95.49227542762796,56.02265337852888,40.97851448488993,3.8859036549991024,96.46039760611387,4383.87749289886,0.08603194817411944
68.549318365689,60.810745485722315,125.38522016312349,7.412560357716208,28.08942100817473,0.002192345396885842,3069.9250355656045,37.0020028854472,53.32909064779305,40.72004489809967,3.957259206652944,121.00831753510569,2892.5988586640324,0.13863937630349493
63.69851418945022,73.37028260992297,188.41658007309525,7.453775683963299,32.52505828702724,0.2967103807111516,3121.451505130768,64.74027364282801,47.759956336102334,52.33138624350376,4.1440250418704485,183.8331062218396,2941.1984931834522,0.20375497259200778
31.736346883359907,126.31878208474598,279.7957289714212,7.838787223700669,33.165049682802135,0.19040197698750777,3424.5749977376813,71.26217186162614,0.0,84.4268041987109,8.251450189673578,270.6692623605349,3228.334778077909,0.0
113.42202124557957,144.09708372984028,117.72156277178792,7.066781857878334,26.461339236517343,0.07883680717469776,855.5105547651667,97.87195866892235,112.86243058470804,143.35842405748983,0.14549357182659767,117.56064048602589,805.7008789288113,0.024113067294888213
82.0854720490115,70.40344470705935,193.1604965186724,7.9721771742378476,27.323836871074757,0.09756815017068371,3282.864673479581,93.76258985837173,69.15343310924933,53.33315330657328,3.3623301243381665,189.44161160642363,3092.8813707082454,0.11062922441003713
52.58997672579912,114.07649341643472,235.67794069693934,7.568650229268307,35.51434842316914,0.21507524606110806,2710.0392782872004,56.29239606018767,29.68730122593573,83.84496175661499,5.954695629964485,229.09178558533577,2554.5122978346603,0.0
96.71581776538446,107.40158326668883,96.84986969257012,7.927203079876242,29.65758000790962,0.21997549362051233,3596.180650542923,72.91660927121973,77.4226434860219,81.93459321793024,5.016225312634271,91.30170400337629,3388.613119519935,0.20550454840488452
113.74790892489763,120.00199459068645,287.0795426213969,8.482570886768983,32.85985592886074,0.37622343780754486,1512.8038010076593,43.22754528539497,111.39995710815354,116.9026981925843,0.610467472353461,286.40433876323897,1424.8702195012431,0.058720269857392766
114.10184175835352,25.57356369013055,235.9311128940221,7.963743257457156,35.24798962599691,0.13088478036991286,1196.4153442209104,48.86114216145839,100.52584125123329,7.653243020731869,3.529760131851256,232.0270430339031,1128.1239974883188,0.03423868934008953
113.55890074713211,102.52961244511319,160.96918695624825,8.134250665637845,37.13923329946594,0.19985044070609348,1485.3488150420612,68.54456787548742,103.51809938807263,89.27575465115463,2.6106083533554725,158.08173936542153,1399.837517278733,0.21067795328833236
99.2289402699216,137.9799284484837,112.66488161066368,8.282711920285928,34.76090455644858,0.04839795557401111,4246.000451281321,32.45087801396788,64.63172076644564,92.31159870389541,8.995277070903757,102.7157097734498,4002.1885860199136,0.3569776584685539
56.07292315271923,158.70739405584618,213.51938719706837,7.58997879202708,39.74258393543188,0.28744865481225274,2589.0951206405316,29.93920913059575,43.723751256615856,142.4064871529897,3.2107846929868766,209.96811819323182,2439.4907979974614,0.0
101.00877767545289,76.10975504530701,129.1780432031565,7.53484017640755,29.668480356985473,0.40647613217534906,1448.470270427406,52.222900485394206,96.45882725167269,70.1038204859171,1.1829871101828586,127.86960745986086,1364.5220752199978,0.08265374853315921
119.50455475033353,149.46197775962187,297.5746865647988,7.455420959797125,27.62796559487738,0.32012400440229766,4624.073126021607,36.83925911845123,110.80119067856256,137.9735371848842,2.262874658660446,295.0718477253024,4355.456279057374,0.08442524675630979
52.1195610333748,155.6589868399182,248.7759206262778,8.000129082815636,37.03081764176035,0.49489657791042313,1289.9676676210838,77.40336073120228,45.809085497084936,147.32915913201543,1.6407236394353668,246.96120816134183,1215.4469999956607,0.0
41.0234270354632,131.94952679676243,116.2917806449369,7.550234487355647,36.59038021225875,0.12613222267208224,655.119047077666,43.33426806944818,34.47064372418708,123.29985282587799,1.7037236609317903,114.40738738699422,617.6308900532234,0.0
27.98571005026093,76.77528047583093,288.1661517410417,7.508112457809475,35.77055003308803,0.4021796650256758,3961.5656954196493,78.37549550754869,7.66066467261142,49.946220577333584,5.2845117981888725,282.3212494060119,3732.8089491476503,0.0
71.9188674161402,156.73686185048882,269.0113848468084,8.104176518101204,30.836110860438787,0.4932393839065947,3632.736354584344,59.040920696770016,60.28183320295145,141.37597668907958,3.025628895429074,265.6649062937872,3422.21997359911,0.0348447411645637
38.6211285327073,75.44692142890759,210.82861999373907,7.910431902251061,37.261106474122755,0.09834396952891628,2797.1126005782326,65.60551212080571,5.341119888413976,31.5173100184404,8.652802247516268,201.25824036503008,2637.61769634442,0.0
41.916911668704216,91.88142575295494,226.04269360873204,7.6816333332784,25.055117295722457,0.3914522633359539,3100.229932767493,31.75199984463344,39.026142077940065,88.0656098931462,0.7516000935986802,225.21139086784524,2919.820025430613,0.013082330488148462
65.95233100404903,102.01774194006646,108.51314779476307,7.906794562202484,26.208084533186966,0.34725945513628353,3023.2893892401507,88.00978562327404,61.1971951751975,95.74096264598249,1.2363353155013934,107.14570659140905,2847.563685989692,0.061271098852003957
52.9938379942157,54.54135748560894,211.4819195904115,8.38350677376008,37.10319636071169,0.34145114403015225,4094.352422577202,78.66995928184784,43.07473944694274,41.44814740320863,2.578965622290974,208.62947025103134,3856.7439412870103,0.085282238621012
47.94819562841874,47.7998037601883,164.89202496666104,7.827140185808725,29.839754127084145,0.33669426020747756,1626.8418563491066,56.596844078001084,40.588881595434124,38.08550923664861,1.9134216485759985,162.77569651688995,1532.7961450041637,0.1555323202122084
111.80983580459346,141.52789562500186,245.4540363180532,8.329356352309423,33.97026118184958,0.07000349092644803,2502.7541965807095,54.327059663235715,95.91509003623756,120.54683121077203,4.132633899772544,240.88316157066743,2358.561670114772,0.28771207935170195
65.31671624418567,44.792925556022894,185.83543648672887,7.850429971132747,25.42877179464767,0.16945215388172824,4560.358551053618,36.56592068178114,57.17668676158946,34.048086638995876,2.1164076654750184,183.49459657980512,4295.395555348102,0.03899703654898547
27.068088261933536,133.10503701615116,168.02403470468124,7.769282307083802,31.613165271795566,0.21787264261269657,2573.5282890157887,40.02529600044408,7.1021549446669034,106.75000503735922,5.191142662489324,162.28240273787299,2425.6447219864126,0.0
28.048673823221808,102.78820611365985,89.79431715306413,7.053710168646804,33.75822888101071,0.17040088642370477,887.3803338429391,56.65254359015378,26.360225090759563,100.55945378680968,0.4389966704401845,89.30876753900031,835.8335058895134,0.0
100.89490651844208,145.1628509592348,230.4259314059684,8.414280642316244,39.44430970888649,0.08514776900030735,2477.249640266757,82.13137350183095,93.3296044526089,135.17665223233502,1.9669785371166277,228.25036668332234,2333.6539406055326,0.13121041311644782
109.11784610330132,154.21870288441622,97.95760583332887,7.595858057413032,32.12442707721746,0.3791033993298113,990.3887902514764,57.228621530748576,103.76444001191166,147.15220684378195,1.391885583761304,96.41811919590494,933.2289419949583,0.22201751261184186
55.79142029990401,62.24173133497116,92.71024208439206,7.246456150918848,33.27671048985387,0.3423864850502257,3714.185047477115,25.49251309685627,45.48495152605579,48.63719255349153,2.679681881200534,89.7463961355697,3498.7786891141695,0.10822834313183993
119.07107285595441,110.16721532549268,285.2393445698384,8.44258440088563,36.39333908627954,0.08229346823741279,2445.578519315546,67.62632359513124,109.43629078610381,97.44930299328993,2.5050433381611534,282.4686565260369,2304.050089065954,0.12668032143147126
107.44944842114994,47.9464170421966,288.9172648190111,7.359712979457089,25.707416781647623,0.35083915519153225,4257.782814598899,78.39524121725916,104.31906037348683,43.814304819281304,0.8139008923924045,288.0170546561617,4009.9223812435816,0.011231802025372512
84.28310944535639,29.995897862739298,274.1541411500913,8.355225381177986,30.979339592446856,0.16274564645673506,4117.967301919395,51.57180249844348,71.38654625718269,12.972434454350026,3.3531064289251593,270.44545805040644,3879.300249482724,0.021717442184509477
70.74490466700425,95.99563331823845,91.70741680522664,7.36122188885472,36.220392575833465,0.2603204600138054,557.368470955583,50.23194592823117,68.04802420055071,92.43575110251982,0.7011889212779155,90.93187103680224,525.1664482089077,0.11782516721620509
115.58195160907671,124.47581955112031,95.77013678630357,7.068059177648765,29.2586231491289,0.1111113945988001,1182.167668586766,91.35190528951439,114.03293722913448,122.43112056959654,0.4027437387849808,95.3246845081859,1113.422187973408,0.050703987891107645
42.77033367947182,78.44177494776436,197.16624351720634,8.200998910966138,35.692469650585295,0.07724750847249845,3380.7783959888748,33.178825783073265,12.64308510043706,38.67380682343847,7.83308463054904,188.5025076044067,3186.9241539808622,0.0
95.34560489651493,56.04841858050493,238.82853510408043,7.427937200037029,37.24609761293093,0.283886497386632,4792.209574166868,51.895773649929325,71.17401637717334,24.141921734974026,6.284613015028813,231.87747686273266,4515.444133275379,0.06424201798096983
88.02996000728768,79.45051891459889,157.97279674325983,8.372646963634088,25.731372842659994,0.14652890719152162,3962.8248993883863,38.712166774725596,84.94633275172988,75.38013093726265,0.8017430864450216,157.08603364819731,3732.153171607648,0.024994542599300732
52.05295544212434,157.95819216632535,114.49051819128428,7.964985500853198,39.26701797079045,0.4875146647249009,4568.2269768974165,66.4159089475222,34.34135565129022,134.57888044242424,4.605015945616875,109.39716813714868,4303.827881916566,0.0
78.33483027731685,159.40341662081943,209.13786554748935,7.54282228758724,38.03199800647889,0.03731812699873632,1145.643973861438,93.77678842093977,64.61886328635593,141.29834019275097,3.5661514176498397,205.19354532566004,1080.327408043196,0.19841801483614865
48.75719535871486,147.37817522061783,139.96101679242003,8.04803064370024,33.989610591551596,0.3434493151090472,4550.785620023347,95.52391400576037,20.584031060593336,110.18959834709747,7.325022717511599,131.85921968783165,4288.520747395022,0.0
46.61503795285558,82.0711981224315,112.98544519099534,7.882247801190852,38.91379321452296,0.023854820996166592,4101.179819255764,32.54815770497786,0.0,20.539348024662115,12.119909867742452,99.58029213398133,3867.0720933521447,0.0
90.15928119520672,128.5771395842979,190.6919340057092,7.835435105249625,26.972244015898603,0.49130294786313405,2123.4663297646657,58.5344542006914,86.61854642700278,123.90336969026873,0.9205910397330181,189.6737198502243,2000.0634126595578,0.07277786377572584
71.50745367930116,88.31548878786995,110.7602514104407,7.139341308370525,36.62823959012635,0.23541120869820842,4700.579699141342,49.05472650991424,60.56087625183876,73.86600658361954,2.8461101311402284,107.6123285016576,4427.742774618962,0.10294961886456612
86.6948684591174,140.76401261552252,281.4596097666401,7.5295272373409015,28.888467605096405,0.11978196854577489,1926.9373369579532,78.38166287169938,77.15645080536167,128.17330131256494,2.4799885899764913,278.71663337563854,1815.6312672454478,0.1750586475472353
99.22289398359067,46.87596725501871,241.39146238717177,7.723516915368739,32.705813820631384,0.030464705159845062,2268.1710476145763,22.727812868989226,63.984187422895836,0.3608745949015213,9.162063705780655,231.25781720050333,2139.7171505572396,0.013828487396358464
106.08604051846149,144.45354600153456,109.78904838647479,8.160491194497615,35.525208772243666,0.16617373095232885,928.1991743634528,67.83049910458101,99.02263293656794,135.129847993435,1.8364859712923307,107.75781417756738,874.8471773822897,0.30591779169848865
50.47376084757269,43.91028372092963,217.9564133615407,7.620904849321014,28.76506318787275,0.0419904652466796,4297.855769886286,26.862024832885076,20.453128068481476,4.2830484525292185,7.805364522563719,209.32333710663926,4050.5311782414633,0.06679791947295002
101.6742606287363,73.1639360473828,192.31375413364435,7.906390280580318,28.763710423717242,0.436061289354725,903.8265582870091,74.53955390460285,99.03423117666912,69.67909717065412,0.6864076575374677,191.5545570926427,851.4227106911829,0.06332572715700072
42.52848742820228,80.04369345553582,116.91810547970775,7.958806350502802,38.12611072347532,0.4689320912565592,758.7384621909248,55.02681445074134,38.93977335830762,75.30659088327484,0.933065658172615,115.8860938478937,714.8934493052145,0.0871318959762219
116.60205851161248,138.89551678263138,284.8604942850428,7.61459384525851,27.704461570600934,0.4413053490085158,736.6330156481572,71.3697613174182,115.10533793808895,136.91984562558034,0.38914734911611754,284.43008021154236,693.8530747205889,0.060407509802666466
62.759101464616776,80.19768708779301,251.0066991505449,7.840239608719759,27.73366767410072,0.009945977574987996,2761.406570977492,37.42821548678802,43.77493534194449,55.13858780586558,4.935883191894796,245.5473953784107,2602.4666831784016,0.31481625190166757
114.09657775965715,47.859141153604924,100.06490494713799,7.270137707546436,35.79192628312114,0.16238068150196205,2103.9694565591394,48.27982544591441,104.15198176269543,34.73227443761548,2.585594959210039,97.205123269726,1982.3871999274124,0.05778456430179724
101.66112578490741,77.41171491183164,267.61899668723674,7.586220356654379,28.457465806468814,0.00530893144978517,4221.417596489848,83.8726022236284,70.02264786378656,35.64892405595204,8.226004259491434,258.52067439363435,3978.7225383578275,0.14152891427323017
88.29332912177972,36.01040113260121,265.53059949668886,7.414379525199287,36.60240529099069,0.4823893177954735,1028.036793524431,79.36693690448003,84.5580321246163,31.07980909634549,0.9711772192624901,264.45643480307615,968.5094881268827,0.04735169041763398
52.62134869285909,84.66643049735717,116.70584893950988,7.166929253418941,29.78556894844305,0.4573505950538453,883.9495120892286,34.348566008571915,51.68992463848001,83.43695074557682,0.24217025413856139,116.4379979935863,832.5217966055022,0.032666369745279755
110.71323297027023,41.546136821269236,114.67043801074954,8.104772690031758,37.380665136725014,0.47891949857640326,2461.1283129088247,84.85938752865852,100.64006105086398,28.249549887653018,2.6190246990456187,111.77368157164028,2318.740262886389,0.04233852058201844
74.3686186582286,38.237468885214604,219.45873738386726,7.802044912610437,37.31837676642624,0.48724520401353677,2841.237376443718,44.58734744424231,59.02310064991589,17.981385114241814,3.9898346821613053,215.04580484804828,2677.2551818276866,0.06198234911483535
76.63165448820499,153.4676181271487,279.89793937691593,7.170500507363632,27.848440349498915,0.1006821289463366,2932.4322622640084,65.19178356363022,72.36510837822514,147.8357772619753,1.109301988594759,278.6710026170032,2761.9506086090855,0.03142978839205233
35.77970418742276,49.8166726967319,103.8683958959758,7.708267148529457,39.60799625012088,0.33404535472093777,2358.268189148931,21.842316984069072,24.186271223997057,34.51334118500996,3.0142925704906833,100.53445581663637,2222.0384521148544,0.21951991457731007
46.54299701253876,131.5671585827959,253.23224771506744,7.387383727757924,30.51256592420528,0.2094789276558119,3438.334443973702,78.1776502349663,32.792552294763354,113.41657155533237,3.575115626621608,249.2780126840844,3239.375912884294,0.0
109.21274487456375,31.177505439752206,132.61416005145065,8.410837999726818,37.16790809516898,0.034090016733538064,4127.272872472998,84.1076201741602,88.83273546271855,4.275893016116486,5.298802447079763,126.75345163058715,3888.862345267386,0.010460664284781662
42.62277534399925,31.32417967031989,160.8277395446636,7.836630487595097,29.707328085079535,0.047523327375458224,2268.9314848484437,81.20564175098897,21.63921873072527,3.6258849407982185,5.455724719451238,154.79346819287485,2138.9117548317195,0.06967396527640958
96.55673285318653,90.61840114191894,274.7102990567971,7.9300515146437895,32.18985098207806,0.4783177810158786,2345.681005927163,62.47309381392267,84.81543924615869,75.11989358064217,3.0527363378272354,271.3338384809476,2210.20085348219,0.16058506927904162
112.3748256255439,59.97290253763352,207.6795461927549,7.787996539844574,39.30621168367105,0.15592661386914486,1081.886475608419,57.51256785950627,103.60356267202297,48.39483543898588,2.280528367915445,205.15718157483522,1019.7581852516316,0.1378536990497062
49.562057983790446,130.87992033955516,277.31240633956327,8.251981933339689,26.358704781161997,0.4570316683465939,4727.382979498598,77.51972936681916,45.995001708915936,126.17140605672074,0.9274346314673768,276.286622870803,4452.195244023259,0.0
86.37548878530812,117.47557298777647,294.9711840598534,7.6520020768926384,29.687741471883207,0.374130766323527,1560.5790662914396,98.4476193035204,80.3175298854624,109.47906723998015,1.5750693139598837,293.2290881647978,1470.256930670972,0.17897898504613752
85.91076921528683,90.9465853411748,230.66322162444726,8.23042832640337,33.80493225634543,0.11790068846018453,1172.4729093084493,68.45948698112178,77.4917806063468,79.83352037737399,2.1889370383244016,228.24216104304782,1105.026518622461,0.26771705034084264
75.37253541046965,51.63640337412797,84.95601430959427,7.488870702693722,34.48250999404197,0.03155596794727217,1159.1353648710929,77.71042200206817,60.06382447044183,31.428904933291246,3.980264844407237,80.55366643498338,1093.2024747409369,0.2547852344038142
87.32692721201865,104.78167954219593,147.26325008383685,7.284205726315444,29.99926314167194,0.045434288178414384,3763.069888164399,88.54582126726515,70.35701121054888,82.38139042025585,4.412178160382143,142.383187096557,3545.525835020886,0.19106998266006167
59.6174783396597,100.95539469601874,153.31201955034192,7.42040377404941,31.283420182525976,0.014784175013873802,2858.701810527015,64.75202689275498,32.77821271583286,65.52756407256727,6.978209062194978,145.59381359309,2694.9295365253306,0.2245772975559701
69.21137144796953,107.78032383812355,223.97667871521648,8.232200036704079,36.01435799175024,0.4849977367077903,4584.456822908676,72.360467857919,53.90763959910676,87.57939779762475,3.978970280704313,219.57576268496496,4318.85443247602,0.12306280784927212
89.62709991037286,54.95911133554409,298.09739305284313,7.080310394389423,27.182942517809604,0.47498050509608614,2221.5106979628163,32.804671471313384,88.82438435915631,53.899526807938294,0.20870604331629541,297.8665549950433,2092.100053448026,0.007955233247866926
58.05156292816263,135.86484897386345,216.51491631088757,7.127163991834473,32.58285153748982,0.06605933623221955,1388.1358942618635,56.236500528217974,53.328982075345415,129.63104224814475,1.2278710217324698,215.15683698849887,1307.7231562279608,0.026149887930037724
48.81485933220141,139.36903388020315,114.83786532871999,8.22547929759701,29.543395221577025,0.3736396194669937,771.5246595591248,40.31942434069168,47.054147413108744,137.04489414700086,0.457785098964088,114.3315348868438,726.7390170051931,0.0
73.39929964995036,38.00838969785811,262.5607476116966,7.948371754600599,25.05212282955993,0.244864662470117,2264.5344093461426,26.117997299609108,70.67222240124212,34.408647729563214,0.7090400846641483,261.7765181114609,2132.8214149849405,0.02143570086839139
22.699011039115096,121.3391457964729,248.34536411229112,8.269416147542287,28.08098491215191,0.22958548114561533,2968.6223459864036,61.31027989835934,17.211467743191474,114.09558864585372,1.426761256940144,246.76730344733483,2796.1615264171455,0.0
69.86045964054425,67.37753353581593,149.15419564797273,7.6021858113073275,35.838303761333826,0.022058593767776635,1427.1954253914967,48.799358571661045,46.49835509191347,36.539555531623336,6.074147182643996,142.43592186848792,1346.4971199379113,0.4729144210107175
44.08934639894235,55.938744334287755,246.0729103751876,8.13216010389822,28.5410850410122,0.23065477157088887,1932.998453635964,42.597924752468266,38.3611932385295,48.37758216254282,1.489319821707337,244.42565718777175,1820.9319872965127,0.13648499727851668
94.080755523698,151.6656891448379,124.61709110882705,7.310821873149767,33.63992553768093,0.25993879064602715,3329.062354390191,90.25799343282222,80.20706947403194,133.35242355927878,3.607158372913175,120.62741539197309,3136.4867101794393,0.14717786441263417
24.708428332089944,43.64907953170136,127.27113507823543,7.665049923735977,29.20130238307891,0.16096048160142373,2467.6180778533226,69.51890466275556,11.31546182373539,25.970363740673356,3.482171292172183,123.41970056661862,2325.2062294488132,0.07696832488250946
105.71328077203142,75.95164763054399,264.4704838800873,7.168324231948627,34.777716660825355,0.31836471409302936,3734.8963141027316,50.73267094289565,97.04704187997514,64.51221229302969,2.2532221119346336,261.97832118155736,3518.1074322286854,0.055943839634461576
114.07832065619478,138.68535804243743,97.31954271617585,7.419486793949061,28.64295612993824,0.20672846354258462,4771.511825211484,79.4459912933857,100.09812375288257,120.23149813006538,3.634851194861166,93.2992375209805,4494.864229713135,0.12688720452366553
40.668935238081865,138.11721936127043,107.32358698842667,7.085711968300323,25.514062615310024,0.3352330033483743,4057.7534536063067,71.2235715609569,39.607036466509065,136.71551298279434,0.27609368060892825,107.01821524168719,3821.3321519971323,0.0
78.08501202554405,33.607754634433725,109.725653608016,8.329529796644099,33.695643145131974,0.18842514406856964,657.7346523895867,75.27038773559786,75.25872126149483,29.877050825888766,0.7348355986527981,108.91289313544011,619.6959028608078,0.03872585461140198
51.70918896756969,91.98058219842011,168.74731411211252,7.0805939537395,30.366528342952247,0.12139202038978975,2026.3631445534027,66.01951093257503,48.309613169521384,87.49314214499633,0.883889707492559,167.76969324333095,1908.6054888032036,0.05054020922758425
59.69818636133425,121.0574009636716,258.61224324435375,7.1608695411550585,28.1329660499922,0.2005705359029213,1239.4380049838137,49.87992366129018,58.290742339329974,119.19957485462596,0.3659354457211124,258.2075025563117,1167.3389942576505,0.024478735377652768
108.39052773501739,54.10542617632571,135.05420865161045,7.4336948019332825,27.519342585919503,0.30043998470954136,4753.368803912685,51.076618325766034,99.87341704386155,42.862840063999954,2.2144487797005254,132.60493096285373,4477.195138818647,0.0280567842862855
23.775869429234636,130.47688869757903,177.37298266533818,7.077291842176963,29.191958536535402,0.22609098501011,1748.8844348613904,47.886223725957294,22.086638938640885,128.24710444999528,0.43919992755437615,176.88720823997173,1647.1188532392887,0.0
27.345143801301056,77.23681351279036,246.0905502485609,8.005699678749043,28.564024361150523,0.2577408941896471,2639.5042010634097,41.85810131318212,18.255219144274395,65.23811296551516,2.3633804108269323,243.47654762933308,2486.61319201116,0.0
20.508748884155253,73.59901694212388,202.72194768735733,7.4013036648553365,35.6229272696043,0.21210729471182543,1395.2372641298582,28.3407305881933,12.161665075728349,62.580866315000385,2.1702417901909947,200.32156487216258,1314.7977322692434,0.0
52.17152805724969,30.946737974564673,170.13329605899492,7.844620765943933,33.194856937342514,0.35557094717178755,2077.654745241962,36.75996888592901,37.916039893766886,12.129493598767375,3.7064269225055266,166.03382496283916,1958.0668211974887,0.08423923953881551
69.71619700223343,147.3940326724362,255.5446659899038,8.079380490121164,37.66234294181223,0.21305662317630508,3949.9102590525677,40.23381080568608,42.490923529229214,111.45667168807063,7.0785711029810985,247.71545520402418,3722.5704978782305,0.010810697978307809
26.84228663434795,63.34870876897163,126.1656863417332,8.303852055685528,39.89924470658791,0.1342620184943077,898.3745630263506,68.48240232250974,23.739777856833058,59.253397182652,0.8066522821538715,125.27349346042787,846.337929148475,0.01599769185686919
104.70507122877173,152.05543581629982,259.75890682775855,8.331871709616218,38.77408398047084,0.3989912679547743,2293.2059375747576,51.72996946051185,99.70288211679215,145.4525461884868,1.3005691691146901,258.3204201588422,2160.064688319979,0.09284829250249722
118.76468247666224,32.41661169796463,299.3188370102996,7.671515576519555,30.26531416062124,0.008729897798233854,936.3523134342645,35.77426941967055,107.50222784854257,17.550171588846695,2.9282382033111114,296.08007684367044,882.9735970531207,0.06497951086173938
60.29704387816824,136.62458603428078,82.29659560685299,8.208767764479113,30.266680948325913,0.26996754726713096,1583.0713004958411,54.51303928358628,54.95053881304413,129.56719934831696,1.3900913169322697,80.75909350741088,1491.362036392915,0.03486780568854233
42.13955670548749,146.054903926273,222.68776861403464,7.726505004966361,35.71801778893311,0.024936328467464353,1854.5105966005801,65.25023641481977,8.978863779078775,102.28278926341348,8.621780160866269,213.15170077676885,1749.949597678233,0.0
42.206098062379276,69.04756676619039,188.16881655725723,7.562790164732535,31.98517685699449,0.27583359758755965,713.6224803700729,21.801906867457213,37.84599405388852,63.29222947498256,1.1336270422075978,186.91497521881556,672.4897818371976,0.145101784609286
67.30480753606153,53.48937913654436,154.86185123924284,7.474959187889755,39.11811505242326,0.15574722513563666,4873.01865027596,35.862549172823044,38.30888198952295,15.214757415113434,7.538940642100029,146.52345150707396,4592.057884046881,0.09134980157487446
112.10778820024656,37.379977559222866,149.61375440811256,7.692714202361206,30.221709517950295,0.4624469729500801,3432.43702244196,75.77975238111637,98.97961047682874,20.05078296431139,3.4133262080886246,145.83846558564966,3233.7557398981985,0.028974269710428085
73.58168808289926,102.93354678699905,95.43445529371877,8.46688534525052,26.48404831006016,0.017348654705779065,4144.4701277245695,72.85158310348568,68.91566469888234,96.77439592009668,1.2131660798444024,94.09264028342933,3903.378985022962,0.05032698440942441
91.25066261193683,110.41797365599854,242.56350140547312,8.039220784696182,30.92369136617057,0.4158386499756566,1784.081854421963,92.10097125686103,83.95880952347753,100.79272757923225,1.895881802999419,240.46657279589198,1680.863108400302,0.17720652896193517
66.67014764671481,129.46874500787825,118.11086517105218,7.835798009118038,38.245399139563524,0.22872880643424587,4695.566230741029,29.015329995728525,29.769293650608653,80.75961773301817,9.594222038987597,107.49923387188622,4425.794239576693,0.0
47.66063458093549,107.65784239517647,102.38613321988234,7.129189006355709,28.413663794142796,0.4872931423997927,2931.366463500461,84.34619277283302,45.827920362581565,105.23865962694931,0.4765056967720201,101.85909697394715,2760.6869152819017,0.007824807339640036
74.17152331190252,49.694860087559306,126.74336909289337,7.764058047016257,35.309393257778716,0.4904230269433541,1080.5682331792832,36.114759397561414,67.69118101449922,41.140808254986936,1.6848889973248584,124.87980780079728,1018.2720311929589,0.13306532186711262
66.84113000113602,142.00796548820523,84.95452357489128,7.525802474752916,27.1229891798379,0.42584547859235183,1473.8896780330815,26.394302884432513,64.5841165651588,139.02870775271532,0.5868234933540778,84.30547099680243,1388.2147646601552,0.027019058540102538
72.85993078157327,150.96597435319686,253.92682017842193,8.314400202686404,25.861499381167004,0.01666258319688979,1848.2515677236636,94.33011138432647,69.91318713563649,147.0762727405604,0.766153347943556,253.07942089852617,1740.8280222068993,0.03093497320073641
83.78365065659852,90.64436062888493,208.95930981283476,7.754326334832505,27.421209038021885,0.34183648932441785,4942.099389212685,84.61276015783942,71.75335693473161,74.76437291602063,3.127876367685387,205.49974106110366,4655.299568566392,0.09190369003886906
51.57493942597968,86.78921880666762,122.31934816670645,7.587296197556149,30.74987680290178,0.172743789539128,4956.542377617207,62.23765079560689,18.239940374677328,42.78702005894855,8.667099753338606,112.73315486809624,4671.176426682574,0.08625853861313708
46.193257222885,142.90869827534047,92.51820944628119,8.375224012264114,32.36952610495503,0.345082978422073,2504.8004858476165,77.69836339385395,40.25091389392464,135.06480508111278,1.5450092655296945,90.80936128611012,2359.42539598207,0.0
52.877655353868505,54.58992587207997,92.4845310069857,7.28834369197905,29.64881167713564,0.40357218471072215,2025.2340725418924,59.21754038511742,49.40451123788337,50.005375638979594,0.9030174701561331,91.48575399191739,1907.5500914844206,0.06327872061678821
46.0397127812016,78.17887752598597,135.22266904130754,7.362090704445515,35.56964660655306,0.28134785795028094,1340.3673900817219,54.979049370782306,39.71336649882428,69.82810043324793,1.6448500334181029,133.40339260324671,1262.9105117252104,0.1518260531348925
78.35642731975051,67.32161835951976,215.4962726417149,7.7071394236706325,35.31216718099632,0.3662583925207756,1881.780573742025,88.19889387588046,64.87461013979252,49.52561968197523,3.5052724667890787,211.61928721553556,1773.5280640379772,0.19941353878831403
92.73835756680855,137.2099252732454,164.5684810098548,7.4649291342391795,29.821165873747994,0.4425515565391817,864.4703107028471,45.947179771113056,90.41069545223215,134.1374112820046,0.6051921497898608,163.89911189033447,814.3272473174859,0.09144459270299675
71.14148006861859,65.39601368155371,122.0825628431956,8.200150084807365,25.18756236025958,0.33141720343121156,3662.6553557612224,66.41890222395119,68.59714821665457,62.037495636961225,0.6615262815106411,121.35088569776653,3449.423508259917,0.022802688944443317
61.668349936378526,100.516660566591,250.39604315350084,7.242326149980865,27.961258563644975,0.2540592799744979,4927.3310579410245,21.18553966558767,55.29332123997977,92.10162268734463,1.6575074610636742,248.56276704409365,4640.787931686057,0.04572981435603156
105.41802677299071,121.25356219563513,85.48491359824182,7.996567256603235,34.67771376178208,0.21681477720950987,4074.0140079132766,93.30183678249443,69.15184687405346,73.38220472903797,9.429206773723685,75.05579643587602,3840.4058767716233,0.34254636112627884
89.2600146445237,133.4908654508921,163.18123310825825,7.194925119076645,36.98698091082668,0.3203767040879616,1608.7897966291885,25.12383282940987,85.43847251597023,128.44642984120156,0.9936009534239021,162.0822667790042,1515.41842830063,0.0974274114713111
106.38217486109218,84.02516152587263,182.07935889146307,8.441469236013859,30.181303676018306,0.21936646957525535,682.5757347515746,72.51039520978023,105.19607825589253,82.45951400700909,0.3083851173519099,181.73827139628204,642.9137172230979,0.03163934928500784
104.84775198128929,54.059745859546794,157.01468170593847,7.688657108723609,39.92034266152277,0.2831908903123688,4794.5729675243,76.14401311929615,80.37808542503366,21.75978600528932,6.36211330462647,149.9779047376895,4517.701587265735,0.05220835645347057
90.98516528363994,63.23603927868214,257.60401946971194,7.904241039591941,30.39967470058418,0.35556760265712734,3514.9302160320726,64.87712061448048,74.26508320661958,41.16553093701526,4.347221340025291,252.79580158099165,3311.824017446023,0.09665177616075936
61.27900000496668,122.71928115234383,281.0185953500138,8.4159881656027,38.48791468888849,0.2998012786797744,3284.354947349592,57.96046160723251,54.69004778884684,114.02186422706565,1.7131275761911569,279.1238009484355,3093.6071155334434,0.0405258806534886
102.922593835854,81.24079180303755,94.5836055729509,7.856218306239802,32.78028732481644,0.06394415564269512,1895.9514851159836,88.53604473106299,75.94678372912082,45.63272246214975,7.013710627750625,86.82613332368605,1788.3145331140495,0.31367427361258576
39.54849786482006,98.39456071963409,153.79087494366541,7.182460637568978,33.090784610890424,0.34005231807536795,2950.081642294006,89.38913427756235,33.13195937718248,89.92472991595253,1.6683000067857696,151.94566180429186,2778.8008599635355,0.0
28.0880281460585,151.93175382023935,90.25792598541257,8.23320327047119,31.856856592480348,0.39014014712913503,3745.3170410845228,25.432162932978848,16.119536700286424,136.13334511182023,3.1118077759007403,86.81612980250698,3528.27344245875,0.0
94.56055060274555,107.94130823724309,167.49169806296408,7.455395781691861,28.389445178466815,0.15012389375270546,949.2740446936336,20.366682775317955,91.2837789807879,103.61596969625899,0.8519606217089865,166.54939216653545,894.2889977525133,0.12650047508039966
81.76959402245473,149.0505023220732,257.67588787246257,7.474409601712658,39.929082346826014,0.3286860563853762,2545.4776599381184,78.84790324379199,72.84175020254065,137.2657484797866,2.321239393177661,255.1084950711073,2398.0503770622195,0.0959190575367117
103.9089195734129,29.66378007693685,237.79823565449962,7.917478123773888,25.00789964771032,0.03066521871090927,1645.4577628533336,68.64467967978965,100.06596273534267,24.59107705068412,0.999168777898265,236.69311106663736,1549.9512250976138,0.021103990760758258
26.75217214368459,108.35266330162926,251.1850032815499,8.486625327704585,35.44635331708091,0.09981426402898796,3121.11132768734,27.544231028853936,16.952277911897845,95.41680291567079,2.547972500264552,248.36683369746612,2940.2222956635496,0.0
26.257545824600406,34.5614192735892,197.17641289001216,7.976907709667801,38.806826001552636,0.012432406425522402,3388.4646809642845,81.46563018718044,0.07466048641387643,1.0627182979487031e-05,6.807550187928497,189.64696314918794,3193.708239193943,0.00014061407771652937
33.74849973060744,121.73993729271544,118.09848475653787,8.336209526523644,39.29429998159716,0.006455421749874013,3807.8146281003396,53.136405705644094,12.3213029640107,93.45603756080776,5.571071159315156,111.93663517208654,3588.1382732672196,0.0
35.779492716663434,92.06855542646692,107.0271937997446,7.240219941228149,39.11269955233092,0.23661530613171783,636.012850345385,88.78937335299095,34.15767340091301,89.92775392967638,0.4216730220951045,106.5608049022295,599.111629333588,0.0005172096517129993
92.37201381428106,46.23514568317265,289.77774287688834,7.279406143867291,28.51575961198783,0.35156620739583994,1539.3652463246817,87.32425923527882,90.21983556200883,43.39427039017331,0.5595663455907767,289.15883790234216,1449.8624272933716,0.024465484098997986
100.05924601792333,95.32784513657388,283.01507845488595,7.832439822214364,38.05549704307286,0.39456417742855593,3751.8937929306726,67.63619021323777,78.1889384344392,66.45903912637483,5.686279971705874,276.7258028598069,3535.524743817949,0.18000822918671366
53.24327005598454,69.8840419179648,102.3525152504062,8.332885112838271,26.8491565779597,0.2914125623246665,4613.8061580700205,38.07153689403833,48.97703322871282,64.25260930596612,1.1092215750906496,101.12566743136367,4345.313744580951,0.04410286250924916
31.15811556431229,42.38363953805111,106.2977379888421,7.664699954857097,29.06170530089336,0.22638533256522414,793.5847457318603,99.42943653017028,27.582483644723737,37.6638054041942,0.929664299093026,105.26948840968043,747.707070101825,0.15799842402120395
89.35218128410065,114.36425560929155,271.0748960179171,7.11067356966162,26.700487068396942,0.33439277265332357,4132.230062768893,77.91368691349334,87.49826520616067,111.91708638641076,0.48201818026440174,270.54176272293233,3891.551983747269,0.02071635787288774
115.7644761521032,91.715581008401,107.73122286548664,7.988760340397369,36.87359498265151,0.05600119008697535,2368.5926862507695,74.71143051619988,83.42696331764279,49.030064066913255,8.407753336959704,98.43187810323393,2233.977326070464,0.2945509016223056
96.81019071089717,97.45773045836187,81.54284671680824,7.415349063417442,28.55029397987778,0.0424339518183563,4494.110577941621,80.38672410219405,75.51783882382493,69.35182596742644,5.536011490638792,75.4197746669973,4234.414447960134,0.15792806479613045
20.91007018218443,79.58348756118352,260.4707981007151,7.791379833564967,34.20707533777602,0.37709666801786723,3962.3382853947,84.31819754665804,0.0,51.98219492070008,5.436618247367951,254.4576593468954,3733.583535522309,0.0
79.20973091933155,67.85278169918926,292.11043954247134,7.9092849021311045,26.00292546126386,0.4056620439718866,3434.513014899469,41.82049154361502,74.68574941242501,61.881126110072636,1.176235191795701,290.8094717176994,3234.7915489538022,0.03960418909261401
102.64556719495089,96.75767658996972,198.2465450242142,7.4743982583987165,36.03717402960423,0.3299315723075416,1304.6126671138427,37.35507830750697,95.38559843022735,87.17451782053466,1.887591878828117,196.15878543515873,1229.3397551606108,0.18381921610334087
109.93183204926723,75.96388895325772,162.37078982771507,7.948710674406399,34.04745638646651,0.21235252835390928,3198.350596653443,23.35576696100544,80.21176570788826,36.733401382637446,7.72721724875854,153.82414789268705,3015.087277123013,0.1576372669503925
50.65704542014615,134.25827166713236,113.67916362463026,8.135917593716012,34.55458646583256,0.29388642375839463,4346.281266482563,35.61275701101703,24.991390437962195,100.37960709064957,6.673070295367827,106.29845455618224,4095.669536306682,0.0
106.0811575608681,156.58358391284486,205.30707796140734,8.186793531836082,33.10399870376441,0.32801568289568683,4120.284514877086,20.937560701558073,86.95279666070442,131.33414752462875,4.973373834042561,199.80630789111737,3882.1482992930114,0.18922509682426467
56.42414984720945,105.86910037754504,277.13015969345076,7.093154120553656,35.949251558726964,0.49667640628196963,4834.7641382990805,59.064429027561815,50.4454933266108,97.9772737703548,1.5544506953556514,275.4108688968842,4553.574580215483,0.03138315126138712
51.043279897278,158.58298662006467,165.17359802334965,7.585731742851086,37.97924469781472,0.2647942140589666,3866.136487250494,74.48298833690592,25.878711051940428,125.36575574421909,6.542787899787769,157.9369870111118,3643.4598603260647,0.0
56.092595244401814,64.75285185799962,203.6447747543504,8.225007532390505,34.27327606873894,0.3072843208005673,3350.3849140028856,74.56926201083283,40.637971774041446,44.35274887712393,4.018202102293696,199.2004666049453,3156.735191598187,0.18389059574123792
22.04604865948229,88.164699217005,96.2432884942368,7.743051031375783,25.69527094275998,0.10083488111370953,715.5852704907123,81.01842777097579,20.329407986678003,85.89873352890329,0.44632657492911454,95.74963168361464,674.0557395262106,0.0
104.43427180067495,63.4227357097598,202.0268122166711,7.562271146686333,35.55624834569588,0.31895855158746655,3045.709001171915,41.768376446424476,84.01974257698377,36.47555713448746,5.307777598159706,196.15617688420093,2870.3493478776554,0.10724946726768224
36.579899978407326,95.13201996974664,218.71243748915927,7.277478539268513,35.5939101020159,0.39401935868043414,1727.6329457318614,60.13652745748076,31.46629969077732,88.38206759007502,1.3295360747838016,217.24191214930227,1627.4720004127626,0.0
114.96933058721629,143.86932841418934,228.3240706089248,7.977073273858711,33.44533837618324,0.019776717874411986,4425.384075723021,72.80765910875688,42.06618407077888,47.63717501249193,18.95481809427373,207.35920861784072,4175.207696597997,0.6803257297821776
37.846730905235745,143.57084239771262,202.64432193691994,7.171487549119279,37.598145872124384,0.47123076968724736,3482.2415191661107,64.36615615173109,32.35270856151694,136.3187329040038,1.4284458093668857,201.06439808293334,3279.8414927716767,0.0
82.11467454210127,132.2936509474295,178.7345541574556,7.367360020369137,30.53372483666801,0.19880887314128737,2311.0839077426217,94.64861904999816,73.0228060673615,120.29238456077306,2.363885803432332,176.1199925517911,2177.3374398194223,0.1411815144295836
92.89563022543855,44.2238729643502,197.97518542856068,8.014142726605987,35.22446421417203,0.4722315164327818,2146.733834413309,35.7904675250467,81.39809841592657,29.047130975794396,2.9893582704731103,194.66882378105396,2022.824649232182,0.07047566002054821
38.80479029477853,31.66297070586411,139.01395412468236,8.240483450314024,36.97004986238141,0.16863763876861004,595.5674251879635,90.22443211513709,35.45033689882222,27.2350922232018,0.8721578829486357,138.04930916953091,561.2089545372065,0.08961957005847689
74.9048530988581,120.48442550195212,136.6620470006325,7.979388708239297,36.605862282722775,0.317726073333219,1417.7710176117992,69.98582493761731,65.04401728432063,107.4681222267627,2.5638173117797374,133.82635235853766,1336.1797392779672,0.24868419131678676
88.4852470001266,33.44208157430063,80.33617375617324,8.219567760772275,30.32386250772864,0.3017876559249897,1822.9202104780597,82.37503644312179,82.87459962870143,26.036027044019413,1.4587683165705425,78.72271187636196,1717.2578720371775,0.03558548412016833
109.85575091632579,30.624115275345137,289.1358198370949,7.595760190113307,37.58327288494132,0.01965209359851916,2739.3799436787194,51.53261202592954,86.65566358651888,0.0,6.0320227057497995,282.4641375806803,2582.1439521285233,0.0
107.6203868532941,117.22713194364134,244.16077086984117,8.025237165511784,25.263863979383565,0.28241625589886427,530.4763039106717,28.931334955375725,107.02814832022327,116.44537707998788,0.1539820185984138,243.99045998883088,499.6170275929674,0.021882890262922033
93.78104700045486,34.81323009441466,192.3099935126894,7.732787671972313,26.78414134681601,0.08596198054129339,4795.777706261826,47.02683734678794,76.1219888545914,11.503273341874854,4.5913551179245085,187.23175293445746,4518.108409067895,0.021625560680112964
69.21441212265174,140.67300585171063,254.77239125188257,8.127953218749825,28.47057941525393,0.17597707319925204,1477.391590488584,56.72430936235739,64.19530306680304,134.0477818979904,1.3049683545206519,253.32903889053637,1391.8076358233525,0.06798021172449868
73.7066495597064,74.37743287899829,225.0683070293027,7.858341406151481,25.140020534264984,0.03677193017462704,4807.889969296363,36.96104623229794,61.69832089517489,58.5264390418167,3.122165452778193,221.61505480048825,4528.9111376764895,0.08614139191194248
58.24728097417416,113.59091117263819,261.1379584225558,7.778964203665327,38.703385587481534,0.13936983294293942,4003.64106386646,34.78909861967557,20.982237475065027,64.40105375381414,9.688911309768372,250.4215966277406,3774.2416034181783,0.0
46.63972090651612,41.16628745304848,218.78679152677614,7.403245688251608,38.041137407540155,0.1310259584905265,833.6604731300617,40.725997600798955,41.34327307526438,34.17497631579617,1.3770764361254564,217.2636844575891,785.6305446132186,0.15143080993672461
85.57713552705337,90.95385492820893,122.34235156037741,7.144950029140259,36.20303114772294,0.42814833924425694,787.9733725397241,41.983725754093996,84.2407757868248,89.18986007110722,0.3474535324594323,121.95805268079451,742.1835646432068,0.04817631165542054
81.41176740891359,34.53163953515561,210.1533330671168,7.391557010752345,30.554615392138206,0.010162044795379133,4481.653579371734,34.13175795839771,55.25143442773509,0.0,6.801686575106408,202.63036873981505,4223.182351170775,0.0
39.06848401045531,90.74330293108855,96.42444626630179,8.110084475625104,37.759887255746634,0.009665088125670962,4848.458070022871,55.96935021016062,0.0,39.17290403728753,10.15780584271838,85.18946650729515,4569.960847176574,0.0
46.589301262170515,67.02724281855632,110.8689389320318,7.679564572233983,37.146084372921266,0.08703537264112965,3433.8577902932802,68.0465082470346,4.175263708849084,11.040713248172025,11.02764976386357,98.67187356134096,3238.220757457029,0.13949112316256607
118.20780635371302,42.5199474518933,266.9904673828131,7.597463433110172,35.72644824315387,0.21108899593073588,2087.5167411993752,78.11244459331547,99.86015507373119,18.3010477623173,4.770389332795271,261.7142070932984,1967.7911870828727,0.0609337120263246
51.5837207039488,100.65504643070138,127.94403424951017,8.202541460322564,30.88877744563014,0.30729139139941875,918.4427558841758,59.616170628899354,48.33329888727044,96.36448963268596,0.8451096723363732,127.00930580422825,865.2521119024044,0.07194471038435926
89.43097779139686,102.7629589383086,186.37142976054247,7.83385945113977,30.719007493341742,0.199286595916349,3697.6679923688516,96.99367749188147,62.64202701998395,67.40154392004361,6.965127200567355,178.6676929172776,3484.985344989196,0.28286163119402036
63.066692214908855,123.59331985865015,287.6993345977204,7.588224757255359,36.917418530884774,0.339843403484241,1033.6428334981304,25.049152201213715,56.59034986316018,115.04454795434191,1.6838490114546565,285.8369235757104,974.081587014196,0.13461560408927772
110.37991690161769,38.31094423935516,188.12654602061707,7.18986083993981,31.348367419562756,0.35780736894526877,754.8110927893067,26.640556188819914,109.03122580316189,36.53067198939347,0.35065968559851285,187.73870099473248,710.9556991317535,0.01550161629988666
82.64690045325733,76.11877699531573,239.27889652807292,8.43968635867329,28.018199422287307,0.44183369551736534,4622.728104493665,67.00691176243836,79.48129004048059,71.94017125045042,0.8230587073219562,238.36855741937018,4353.598027338941,0.0224515188416953
75.62015620261225,88.49279285235875,206.7488795365872,7.122442073494565,32.872614118312654,0.005345074261412341,3070.467735402557,34.44072068982193,62.00894141423349,70.52598933169882,3.538915844978468,202.83468305530053,2892.9380486142427,0.1828063985030158
30.35995460294866,62.31212668678064,179.3034468377687,7.430544671067409,33.230422375784535,0.15244682572917523,865.9691094859395,48.99570308617648,24.139492358808443,54.101116524515554,1.6173201834764577,177.51461962384664,816.1545567626541,0.0874293878089342
26.751702540603954,78.32144087312959,232.73999813203605,7.831612488577039,32.00150688386777,0.02887664041562621,4937.105729315006,83.61868222484601,0.0,43.00919351953235,6.955442660557027,225.04697281571669,4652.115629035257,0.0
104.46725931391691,132.7138431292127,149.37014062955723,7.875331067201909,39.32280568895411,0.22053934087137206,3973.553177277592,78.59386105437038,77.64142870248926,97.30374672212817,6.974715958971196,141.65579819801377,3744.7925834440002,0.30544231196664956
107.52844918873545,128.58701037676894,217.80400307357863,7.087151584517267,38.76859214021722,0.0821834633295852,4119.304331008992,60.14113038251914,98.0928686507154,116.1320440665825,2.4532509398852063,215.09059969885936,3880.189716250568,0.09781030525019167
36.375415301613245,100.95180326199657,229.52097702886655,7.705358374955419,27.795426587277255,0.08231563257717661,1867.3965598263408,43.84936685317569,26.917122647874983,88.46685695906208,2.459156089971948,226.80104229858438,1759.5526618394465,0.0
96.67262754250359,82.50492549812137,132.93036846999823,8.15828696961134,28.28011307579,0.39040623479985065,837.091194283226,20.325757428927744,95.05971429237329,80.37588000794936,0.41935744503388145,132.46654070249645,788.4677540968391,0.04644137395688882
48.682126840499755,82.03370262689785,156.09499980499933,7.54643862683777,30.35382109942623,0.46678643607928244,3367.038781719606,50.42766016151034,37.514201596118546,67.29204130431464,2.903660563539119,152.88342358829368,3171.960322559849,0.10268479166344523
94.16869407323753,25.391327256884736,283.6495420356231,8.311316804224155,32.62124471557945,0.05186394158756091,4409.609212744953,44.35377267877817,74.9328400907491,0.0,5.001322035446992,278.11786002608756,4154.599564675904,0.0
90.96336605165004,118.15438060249713,278.94719568035384,7.729839385069538,29.63831067249717,0.2268876800387764,1287.70753440023,42.401663138136854,83.9459457242508,108.89138577033013,1.8245292851238089,276.9291860919175,1213.3941445863315,0.25513893216508965
39.95785368218965,111.38975283040675,293.7616634803185,7.811601944286136,27.98466688209746,0.1363778848630922,3680.1175120124244,81.92427264589415,22.988073821582727,88.98964341440556,4.412142763757804,288.88163964326117,3467.408843252809,0.0
86.74010779087318,37.770086343053784,213.69807904870694,8.329883244132544,38.21792217744135,0.08198035255842706,2509.241791770867,21.650809596664047,74.27650743331728,21.318133871079898,3.2405360929645495,210.1139036887412,2364.3044569484205,0.053143265336065795
51.978452253727106,49.60132997829337,111.46798317640967,8.014678987905654,29.230393418543215,0.3570138898438015,1962.8446094314631,79.40310805690115,45.46935280659766,41.00931870808249,1.692365856253656,109.59615214968517,1849.1217809669383,0.1093938981175964
45.168165508813004,128.7491127074942,129.85796914609293,8.06257882796249,35.82851083095638,0.27306016433523944,2634.756976904615,98.63246195043689,26.725681365552525,104.40503363839036,4.795045877247726,124.55443763460956,2483.1418633260832,0.0
92.20369997808703,39.66707250379639,274.4746786088241,7.46663276271144,29.88730229405078,0.45232331182778196,3003.182323421892,28.671487694829842,84.18926290020286,29.088015560989213,2.083753640249897,272.1699554891412,2828.9768970044793,0.03390899481466213
94.40496507255197,131.21471813265862,87.35202975749937,7.13904433350967,25.877095117388603,0.04292190568935278,3083.4301093159384,51.007544230967454,91.82807719462946,127.8132261338009,0.6699908482598589,86.61099042917681,2903.965965316849,0.03762439148787
80.65184006711053,157.14629538930342,127.71038872866123,7.053354882653178,35.98337774461097,0.30656761244482605,807.3205691120149,26.765072339390734,79.5019227535175,155.6284045353606,0.29897850153418926,127.37970536405227,760.3830546856896,0.026676146328893938
51.22011528834655,74.95207355829567,110.83502483737881,7.046641702493598,33.414601207380585,0.08442567413948471,1269.5823234924671,98.9647256031971,48.21642032288992,70.9871962038929,0.7809606910187232,109.97124798516963,1195.896675870247,0.10042793258488761
89.7713145602054,58.79793072151698,129.58923358242788,8.469548450517749,32.60506665253885,0.1989047468199825,1260.0290607907218,27.352617666618304,86.87135964478801,54.969990233166,0.7539882780085289,128.7552894046086,1186.8892094940218,0.052858173509853425
69.61607959950146,132.69450245055884,173.6381085663045,7.257887950398756,34.15500759454568,0.3849155208225988,3418.3732233707183,99.98998209882492,59.977907424505965,119.97211517956471,2.5059247654988335,170.86644562512367,3220.138957982177,0.06556712239576785
82.32388382639986,89.48949256993718,163.8702545243787,7.909861208652002,38.070662196823626,0.21017496472612723,911.1609453577987,21.387793418971324,74.90161697862892,79.69210033087948,1.9297893804204547,161.7358226437269,858.84047843618,0.26938798569478795
89.6336142037638,81.1108259535238,238.93505331216082,8.287722603134187,32.282970345416516,0.3570412959206802,646.5684042437913,87.77758981173442,87.63836759646364,78.47710043188752,0.5187641178980505,238.36127739494722,609.0917745720897,0.06088294757889992
71.2936699483409,123.05520761223582,193.49229964350448,7.842178282409629,28.053925522325805,0.15088433884715236,2059.706474530306,51.462724446530444,61.972565141915425,110.75134926775425,2.4234872496706186,190.81181621845667,1940.637800798613,0.13990988690953976
55.97630282932602,125.2893459802861,130.43690182976889,7.565946213380463,30.435992938934874,0.48286437684354533,4415.219067760536,54.34510272422334,40.966262855789005,105.47609321521726,3.9026103931196285,126.12044319166458,4159.450508868835,0.009858290855954127
72.76961665588425,153.1370386562559,181.32766734263953,8.073146410725883,26.402965930546195,0.2289258096156076,3815.618908996465,70.02146615016603,66.02842778925674,144.23866935230754,1.7527091053231487,179.3890940299936,3593.9188795265304,0.02924502833494761
70.1759899690517,124.24454728400222,96.38064048017849,8.078089158807005,28.386819794018702,0.20604759664656797,1057.1455484782227,44.20911057512279,66.60177510110101,119.52658365830726,0.9292958656671915,95.35279840458067,995.9042284050043,0.10297536394644874
30.436882208095057,75.33773811547876,136.98522531171284,8.280449337300723,31.44075172116846,0.34276914082546395,1048.9396997582646,29.04616702375356,27.41823673612573,71.35312609247927,0.7848478227120246,136.11714912098788,988.1173575832761,0.004387073766251399
50.41138525512266,97.61064195603178,225.81546214837778,7.430967135961146,30.27829786712484,0.16229677122756886,1847.2280538800678,24.625125859629364,41.51230876887178,85.86386099418065,2.313759886425229,223.25634201026017,1740.5000881755614,0.1009045308576778
74.10920785174966,56.28168412567052,235.70020043115696,7.060629970227889,27.303507441496354,0.4583570491106882,2229.781004993235,61.002088800753924,73.32602011402041,55.24787631186789,0.20362881180960665,235.47497801457865,2099.8861810714257,0.00961005697713357
95.15721054012414,58.30420557133078,132.26419671563085,8.460266203355463,29.263860151414264,0.3118756240562537,3902.635168241904,30.054654365505435,90.93194597084609,52.726856339883746,1.0985687880122978,131.04913134735136,3675.59399022112,0.022802564141329824
66.77361107667372,31.171457140608933,228.0348929438911,7.358706517767628,38.71844048120444,0.02251892035362768,4245.653429424752,97.16881673907736,43.15887081863664,0.0,6.139832467089638,221.2439683525442,4000.6682395707885,0.0
43.38875687170988,76.59403367314476,148.14303968944236,8.114300249089169,31.76894608502012,0.2621929896367755,4085.0138276653047,42.30047763799709,21.575312647754902,47.8002872975242,5.6714954982282935,141.87011637189642,3849.220327610569,0.08843949235984101
111.87259103264137,42.39166298429448,203.7843055197767,7.410213341127536,37.96825308933625,0.3755895670353698,1148.4513617131618,57.75276141322778,107.53509524945505,36.666168550488564,1.1277489036284396,202.53696566098324,1081.969182040119,0.04698436194843679
25.088878681434483,116.6916694018526,227.69644580552713,7.468462702887119,31.296090457462643,0.020839218011970195,3546.885190559086,84.39405533797202,0.0,83.57434954235909,6.523108457172965,220.4816011218517,3342.787027156245,0.0
55.738634141108506,42.20340157108413,152.61105428778916,7.823245867867891,29.145652544058162,0.460854639093861,3456.817817301591,36.48768765882505,44.84875747864559,27.828764376633067,2.8313679322403598,149.479436898998,3256.476227626406,0.07218579140792096
51.062837854995294,52.54188199177103,207.91986697968898,7.876138958990851,39.130126627534445,0.16490726183054172,521.872755917604,41.29305357680626,46.912308867555566,47.06318372835057,1.0791375367343312,206.72629342944393,491.89515156692187,0.14318606361186947
105.23116300637874,146.9515038117749,181.28275969193646,7.620871094373359,25.734066459387677,0.2696385030224314,3111.8587270675525,86.30875145096726,100.70538912081985,140.97748228283717,1.1767012102453127,179.98127643027507,2930.9456330105972,0.0649969486731033
115.40147550115533,129.18840359192404,166.51570891309146,7.055324475385344,39.21223580782291,0.46221857960450713,4070.2902045773235,23.222214587614324,112.19800506334921,124.95982261402003,0.8329023138295905,165.59448234290517,3833.3669083914174,0.03159320459400088
90.58450409369371,61.36590563349827,272.68997232894094,8.07051562487053,25.991062254579465,0.0402943899959205,934.861253337396,44.950960030858205,88.0314569177658,57.99588336127341,0.6637922657412616,271.95578890534915,880.6390367330004,0.057465494724613424
77.005209061546,91.63358751019344,189.2193169513574,8.281606401688602,29.36086564303154,0.2160608728660005,2519.882248436652,82.42449888660992,70.50116484902968,83.04824914967192,1.6910514952542388,187.34893966567236,2373.688023811689,0.11005020597891167
22.37243905682305,133.24797655018847,164.74385333322152,7.364031859397364,31.933481402581847,0.3016946686668591,3239.3502956079506,31.3453650096608,10.280718302189033,117.28690515407153,3.1438473962048463,161.26661992192467,3051.813626144903,0.0
81.20707403623851,128.02815679556969,150.7188787882485,8.310577735124042,32.0399922829814,0.15329477184395468,3672.2288735794464,49.54788127859008,65.00790773726864,106.64525728092947,4.211783237732159,146.06046139398765,3459.897788536626,0.1597026821567408
110.66682904380905,81.68402323326865,172.36815768367103,8.342727811336747,35.03862250778751,0.003211666141626879,4078.0810399518505,36.150217031130474,77.23482571684787,37.55377884167996,8.692320865009892,162.75406872693216,3843.932981438275,0.1478092060359407
90.98471162571227,128.0411476190992,217.83773213000546,7.95010401386458,39.34759556699666,0.3176423845322659,1540.0381921455423,80.31382141966105,83.00616025134602,117.50945980493576,2.074423357335222,215.5433287133484,1451.1186155732125,0.22891467283450012
97.61778045229498,102.77157689157934,260.36038868414585,7.8151418875869805,28.155187813509173,0.25043925084843877,4683.808991748002,93.48407033005417,80.54523318661776,80.23581450088538,4.438862289076079,255.45081187760184,4412.604138173227,0.13147727932727646
59.92177875496225,148.75577324279948,140.12193155618326,8.395312460599165,39.59275480984143,0.0625309824705042,4790.274402789913,40.89875593146842,43.37906361632584,126.9193892597994,4.301105936045474,135.36471933131543,4512.806846385051,0.0
80.34405143114773,146.4966941230693,173.14281119349448,8.308763076057769,26.32986827455987,0.10895348845171415,1663.2683290546004,26.848685596552837,78.10551775985593,143.54182967696408,0.5820187545358712,172.49907286773583,1566.5521724012226,0.038984360414922946
71.32469324366681,154.42818354656455,298.7908883453497,7.021620518862145,29.36864268753832,0.26224916263156406,1838.531761596736,67.0094579117829,69.99202518236955,152.66906170565213,0.34649369593728563,298.4076510871508,1731.5023612517095,0.01202121922862809
86.90097699744042,60.6493250296833,156.57422893363022,8.440852674045313,28.571816294618138,0.42205733562803777,3080.5695377281772,63.57625629382737,84.39115497827609,57.33635996438637,0.6525537249827305,155.85247583011912,2901.2649766822415,0.020084400613388866
115.05787863941558,96.73226978303677,247.5975950416601,7.2576173291971084,35.37686767174821,0.08581041113452437,1436.0928152440524,94.65039703489266,106.66832927659208,85.65806462410973,2.1812828343341124,245.18500034632254,1353.2763367148723,0.16956475779783542
55.58036292926773,57.16118344945805,299.1486197708978,7.019165036153737,26.334199491297195,0.001753290954123965,4296.772962444893,84.18868125118615,52.64275745000957,53.28354421683728,0.7637774246071222,298.3038483666483,4046.619117418192,0.025198830309643875
66.7489887036646,40.618205198698206,142.5357520633754,7.2379342609884985,29.640681310783492,0.2191146796551165,1302.4396110522816,48.60206252599031,64.04073556387569,37.043311054176826,0.7041458163451177,141.75693583903325,1226.8070802124412,0.043944418142654394
87.10422267917072,128.85202317880675,278.4011968362525,7.8039448693143125,36.212897688412674,0.08560910687617357,1188.064162141564,24.31654517646738,70.14849534499682,106.47046309769716,4.408489106885214,273.52521410429654,1120.6209597025052,0.5788339337287333
53.43273796510612,48.01619808462281,231.723735215528,7.51842796302952,31.66553965616981,0.3499503794444718,4681.932965461201,42.794677591898136,31.483553365644653,19.043274413333652,5.706787995859984,225.411776844283,4411.358261497653,0.1068242028754042
59.53596535795393,130.47479834286108,124.14249787231671,8.415222179781725,36.0428585159421,0.12026263159154033,2145.0850381300434,85.74879003897058,51.13040869917113,119.37946355326774,2.185444731283527,121.72529993601246,2020.9416582851393,0.044052415114663034
117.55930488077033,98.5567715454739,218.69754180346385,7.339059500549316,33.36687103463951,0.037419551608138035,2283.5137701537824,33.736132163899214,97.85642364420694,72.54896831321021,5.122749121506484,213.03155609929212,2152.508053197346,0.23208665481661134
42.90212354796635,93.04034956392547,284.59529322849744,7.815439057434934,33.996694318312365,0.17734837902166511,1416.1389178109023,26.05596206301164,27.623708881147177,72.87284220372416,3.97238781337298,280.20165769645365,1335.2215255269755,0.009850489634072567
80.54324296018322,146.9638493849764,204.6121805039274,7.779881453092261,37.882317866622515,0.38144634381236353,2595.130946221883,43.38822723698287,64.70077655618346,126.05179373169683,4.119041265039935,200.05633980803427,2445.5479984209974,0.15356391832938313
79.48912051895508,42.448175821366775,200.81873281706186,8.177026489143255,27.24249236757725,0.08361350194145534,1912.5017487334735,94.92770834857548,74.09082826018604,35.32243003979166,1.4035559872799492,199.26633820036153,1801.5948371964803,0.049225386910717435
22.219144468402423,143.4989150516546,279.7942379559603,8.191687051854796,30.27298764682861,0.03321643401748092,3054.8907102971116,43.791112232689606,1.5487518288822824,116.21399676748803,5.374302086275238,273.850023615481,2879.021800358902,0.0
60.839441381934996,47.85066302602456,247.96689433521743,7.028785193334209,32.60225788802241,0.1931248552188084,3921.58571288492,60.96836854912092,55.07839930268267,40.24608748141151,1.4978709406056003,246.31018323442675,3693.603940421335,0.0392376430375267
77.39191530032537,40.50647103492626,115.76495653550681,7.174564297295148,38.396872349429515,0.26196270464043603,3512.7403238591555,27.491728451321762,70.0079237981582,30.75960225206561,1.9198377905634612,113.64153155066934,3308.7643674999417,0.03392501138434327
31.02038452281203,57.77015813025771,185.3335900744735,8.160187770796421,35.47275974191868,0.1451005349631455,2558.388534637412,92.22243485011575,10.901616040784564,31.213383733981445,5.23087980532714,179.548007080999,2411.4039188925212,0.0
108.9180795756549,138.45411645528628,268.6661414054301,7.742718152262964,34.342896936582505,0.12581806693274872,2185.160553815644,61.66552512605743,81.26018245348516,101.94569225402225,7.191053251764127,260.71252041872617,2060.7379316758984,0.5728158669147004
69.15365809567163,44.96658814305617,203.05832046161416,7.120018610254521,25.170460650857436,0.395693305060438,940.4483641338497,53.80853169285464,68.92930988237948,44.67044850151055,0.058330535455955936,202.99380432542029,885.6516733984223,0.004984362702373828
68.39928933318185,50.33802578745966,296.9983617503467,7.722329234879064,36.97562719679072,0.3911655198426683,2773.5554898174687,86.40117968470508,50.72431055771546,27.00705380384401,4.595494481621262,291.915542853916,2613.7675091251053,0.12588869765431773
83.34273960305116,82.47269801655106,120.51129164537005,7.716204463310353,30.93642575689459,0.08209554429813132,3930.299515571656,31.606744928595816,42.51746480078173,28.58333527755546,10.614571448590047,108.77110904866028,3705.55564645962,0.26119997846016374
114.00899427319086,132.93042463056833,223.98558480668683,7.239334779889505,38.64929250517363,0.02576560604845729,3680.305259502663,55.00985332623803,94.35371017220196,106.98544961726297,5.110373866257117,218.33328667878823,3467.8726283721585,0.2185484639796004
118.09607641762157,95.00076509674123,204.1086795601268,8.325863093812979,36.94768859065597,0.16990360312267372,728.8950478607935,39.93454359398571,114.8635165610175,90.73378608602388,0.840465562717054,203.17908770422056,686.7516203327586,0.0868497356118979
31.620018508416774,128.77585424806261,143.2247946263813,7.662844567196774,35.821096290278206,0.41349951653451344,1789.7683361786876,36.926677210087966,20.37595712309114,113.9336932194328,2.9234559601846644,139.99132383085842,1686.6403074118907,0.0
20.3336258496354,123.57486122543638,102.19391209853373,7.317950610836893,27.271185729332164,0.029403163283379607,4394.633147156705,84.98366740654716,8.894147940700721,108.47475038564258,2.9742642563230177,98.90424509415008,4139.682973298038,0.0
57.79547741523175,109.30032711689363,238.35106274567292,7.017456613010245,29.130190360657977,0.4488895463505541,3474.67000055967,84.04484355108713,56.1362727053846,107.1101768998954,0.43139322456025725,237.87392287696974,3272.301640547771,0.012668972942279094
31.335319998115843,88.89002095759449,127.21215930848626,7.286007772558028,25.236287110319903,0.11899712572097698,4301.317578392521,29.666751491701675,27.698052151749145,84.08882740039039,0.9456896400553435,126.1661849978097,4050.973565226106,0.0
22.961433428794003,145.57259170060075,99.54366924375958,8.499125090262572,37.04356794043409,0.05057748244395838,2458.9457851231728,92.76884841536281,14.896396669803485,134.9267431787333,2.0969095573375354,97.2243951014956,2316.470398310141,0.0
106.41240793246509,114.17237354048085,85.0828555109987,7.168053191424321,32.25139461257051,0.40102089016295484,4659.474024855042,40.59029384000301,98.37572600517164,103.56395339645344,2.0895373010963016,82.77173540819274,4388.722360072995,0.0655484237317609
32.58517781961452,146.01056650879644,127.87011249645604,7.8229801068670906,29.048346623965436,0.26575053214196115,3877.0028359923763,51.18097743839114,15.65856490155336,123.66743745695575,4.400919358695904,123.00250223873361,3652.8126537584235,0.0
56.799279744249645,138.6078020601476,152.57955652045933,7.169023765185937,37.141553757725646,0.40477023858921,781.8683606636654,59.66555908706293,55.37597350144456,136.72903781964487,0.37005962312932017,152.17025431092128,736.443715429712,0.008336637857609743
66.36598881337869,130.1240931535973,291.14304109308637,7.537463638443048,26.32880379738861,0.22039823302383843,4869.283015260986,90.42620672289377,57.67048515901287,118.64602832983438,2.2608309501351185,288.6424626850523,4586.371538194705,0.03786696209169997
102.9319037577389,111.81647891843161,274.62744928618827,8.31627464450123,39.88673379856317,0.04235922143434523,4053.839162438061,56.608506679284375,84.00135212827922,86.82815076754484,4.921943423659511,269.1835635104593,3819.5550420501877,0.1746145888280882
27.229325932858533,156.08283651440038,182.32872051058732,8.009089284241274,29.377089496970207,0.27834379779654583,2958.138714617907,55.406313959962276,15.398300724622317,140.46588323952858,3.076066554141415,178.9264556899903,2786.966661439622,0.0
78.28667622783078,133.4728454806032,130.38724123490607,7.512283457817373,34.24998867310016,0.3346052819113255,4220.584298508733,48.00030325904737,53.02978152089051,100.13374446744207,6.5667926238044645,123.12407994275313,3977.25611969218,0.1645156520446853
99.5791096483279,138.0573695085871,133.46471576018857,8.136308000795834,37.806649471434,0.3971349978466901,2728.570378591186,85.76688261085633,88.06100972205226,122.85347760590328,2.994705980831662,130.15243930996095,2570.7469800733393,0.18954347304221558
40.279295240867896,101.55273267888711,296.1980062509104,8.339949202603337,39.29128226657529,0.3343078711242207,4994.88158486742,92.51016869027725,29.465690465290237,87.2787743751246,2.8115372416501967,293.0883224775907,4704.874978387155,0.0
28.515875763348202,91.6507523149666,225.1507178073121,7.2156490863428475,37.311345988377,0.13723779763421612,4311.558859822119,87.6363346748722,12.274695418336318,70.21239425955092,4.2227068897030895,220.48021837381083,4061.9642369603444,0.0
70.96167994422805,103.18222999560965,222.35768253904624,7.496184577239364,30.898435387323698,0.28569039909345767,3211.991137009585,92.49201200415479,56.14631734851106,83.6259513692632,3.851994274886421,218.09720755259215,3026.3404066063845,0.19237889034914893
65.23724525978648,51.693438784297776,286.7271865115314,7.301984485387306,35.543586760413405,0.06954560879186361,3303.6955783079525,30.22869778243023,41.989848330496486,21.006874837635007,6.044323201615394,280.0418993660084,3113.599881881384,0.1324655927820148
33.001500509259635,120.21325224099398,293.6237542976552,8.094504793526038,32.53539430873629,0.17235804289827572,2244.0866418405813,34.74603210369614,16.170622006476595,97.99649261732037,4.376028410723591,288.7836745224978,2115.072264929985,0.0
39.741503408106055,29.318565416210248,273.49474393012525,8.29634591173977,33.231159561436414,0.41205981857530805,4330.422166662914,96.27298269501023,27.196177128478777,12.758734727102235,3.2617848327030927,269.8870665299982,4079.333132075402,0.051844492668204505
117.02928990440448,52.158867870922194,172.84347902605137,8.459704381459867,35.27241339354139,0.19926452701799208,1022.7755607206734,54.334746483348425,114.28500136015963,48.53640699251904,0.7135150215036533,172.05430004897067,963.4490705469985,0.03985790361706219
66.2544899393336,120.27503292503128,202.0136636798415,7.683105422687762,31.10489185317436,0.17654748622318261,1103.8091133481198,26.269188079995487,57.56770085153005,108.80847132913061,2.2585651628289187,199.51559133216315,1040.3938861981833,0.2142484262547318
42.64593559555287,31.449372966033238,99.24277348594453,8.403069261461463,38.52955899681835,0.24256426997633512,4901.740800731147,39.53280011670689,31.298239682050323,16.470414360209876,2.9504009375106635,95.97950036110447,4617.220546091866,0.04584853131338262
76.01117493159555,154.75356625732562,207.22516144694316,7.312554800053659,28.53618245479341,0.1498312999789837,4700.778945326861,57.8619466389237,64.37660942595501,139.39593978987998,3.024987031466546,203.87939282367827,4428.003913079632,0.042864660462770564
64.16425828096372,147.9593289219795,281.8859460475147,8.010692913680382,26.771984635271323,0.2977483111043046,3611.0154864012493,32.10328441793587,57.33112232688072,138.93958946258985,1.776615348061583,279.9209313795762,3401.252031519738,0.015105136472591473
62.81753827645345,133.97693703390263,271.8721973035873,7.213826024443827,28.152761047405903,0.4500971479991877,1109.3840030889555,58.22005290571177,61.86083333277408,132.71408650824594,0.2487432853566364,271.597076296212,1044.8179508397498,0.015437113260903282
30.28154414190504,139.6140795605305,290.62939984626416,8.208750235141608,30.359883955424202,0.14509843545436213,2927.3392295421986,72.89257897618492,16.75403240363848,121.75776406601867,3.517153051949304,286.73927397067405,2758.143781148678,0.0
74.22185884831342,134.38749130628142,276.3677278830702,7.241548160731355,32.800437172165985,0.38594873611611463,2910.941378864239,80.61908761409559,67.08468043499083,124.96641580069571,1.8556663874638653,274.3152792907819,2742.019159631078,0.06900463715312034
104.33168638790497,27.21431541360301,272.4189021088583,7.4905573086303585,37.85151940213726,0.07663033900408928,2920.2927253486623,41.6807264174874,83.71478077153907,0.0,5.360395460255138,266.49006910803763,2752.249484797178,0.0
22.04440317948932,95.544623644378,247.0934016463923,7.85425199138066,27.493992554172536,0.35177813121756146,2520.6581150387797,64.53482049624151,16.01751713334578,87.5891340634685,1.5669903719973184,245.36024141626558,2374.3676616412454,0.0
115.26837228891821,108.79923249014531,189.11585660310004,7.146709097185195,25.150012704390697,0.2750595936591702,1476.1578967715807,76.01474194469031,114.77421114634066,108.14693978194293,0.12848189707016966,188.97374997738453,1390.1624272146444,0.01137502236096277
56.655254224462176,95.60512250597098,89.44287047745144,7.612390994158386,28.16109960522345,0.09834105589199799,4445.987973782099,53.451529881818736,34.81734605759319,66.77908372570394,5.67785612338593,83.16291202889327,4189.155246818996,0.13102408801132162
44.73552914436502,69.75974237801942,264.700543893941,8.005407250912707,27.101303045040545,0.01836182041417217,3692.451238693625,81.38144995048833,27.09288381760722,46.47145054669915,4.587087784957024,259.62702317354626,3479.095489914618,0.1629006745012158
105.2381300037787,59.50522713869715,174.58562166048426,8.231713831691803,33.47808637836097,0.20434850297992263,3818.2426014030484,38.13700281327342,84.2313364835444,31.776259691987818,5.461766315260927,168.54466803816538,3597.9136407634664,0.07688396843507665
57.04719762573391,56.067640964219976,260.74130330134363,8.352995241351412,35.5966215119652,0.38767815767664954,2194.520474422765,24.572168078828653,51.11362952805522,48.2353310752841,1.5427277053964612,259.0349786469683,2067.23130179781,0.09304065620260357
45.38557466119434,94.25376695999918,102.36588202059208,7.622200049691189,26.035384798120283,0.2301775546602295,2648.736133615361,25.856773028385504,40.72525393003464,88.1021435948684,1.2116833901015214,101.02570693033147,2494.8337745872464,0.0306839877586144
42.15116532541472,106.49306441028486,207.08925511335008,8.316600585560966,39.47700862395563,0.4459618810949855,1793.3273352328576,25.208013866859915,38.78523221914156,102.05003271000423,0.8751426076310257,206.12130892150316,1689.150218908016,0.000853843776614243
99.19143662190689,51.74985337209638,83.62311717871528,7.30684795868812,27.513097831938534,0.06810870176991651,4951.346417392184,41.76756952611471,87.453594214135,36.25590139383748,3.051839026020694,80.247649069166,4663.976308477474,0.03604809875715043
39.74586268251798,105.82819959570503,168.4743626222056,7.528423863496724,31.116495273749692,0.11563291928458741,4648.128738801979,29.554849577019784,4.338725995268887,59.09077916853626,9.205855538684764,158.29228174342953,4380.961452379012,0.0
22.165934247552848,123.46256410840647,269.8532552350673,8.221110968159573,34.0151840682213,0.05422270653859801,898.965123768226,83.14056448775216,13.978415971661107,112.65503998422936,2.1287547517318535,267.4987589080144,847.4372830434539,0.0
45.029128103511496,89.62703564356438,260.6682428124599,8.245374033683312,26.948441013442004,0.3873615777931535,4919.561620334186,20.69086539793158,39.89493382034985,82.84989918979105,1.3348905136220262,259.19179522788795,4633.338823286879,0.021498558012501046
96.05272643885786,56.30340208080359,95.34358378413076,7.757090369904865,26.792043547864715,0.03493538367779564,2610.922419881373,86.3521020091515,84.06585568822055,40.480732689962366,3.116586395165699,91.8965022382689,2460.0070243573027,0.08089445038266714
55.900498470337425,77.77502926485784,201.2193382689295,8.143450406602824,30.534315856856146,0.41860639553935547,3859.691689426631,20.55597363880856,43.82863812682872,61.84017361142635,3.138683689312265,197.74781614443194,3635.992057348364,0.13982573510403806
20.68955728570963,41.69324370489069,204.92170711008907,7.279382641622631,37.825417657332835,0.2741664136999393,1702.5325779455375,65.34240597324441,15.346525722968778,34.64044204207276,1.38918820631262,203.3852038906895,1603.8592734247334,0.04591135365144765
118.45275758790751,51.98604364666987,175.51936601415946,8.282708063499589,28.474102891461605,0.3652419874175612,727.3720196104387,84.95427772704248,117.34441634444649,50.523033205301324,0.28816872329986726,175.20063873943266,685.0904277539508,0.016297896069940636
102.01003100389012,52.684068778242555,132.7576148648061,7.722425420016126,27.346922157683935,0.4918393399642809,1033.6760106685904,86.35790918082097,100.11118016904302,50.17758567624434,0.49370121706024933,132.2115596175851,973.623787598989,0.032539282479956945
28.55070784740596,72.478265733552,157.08719253244647,8.263046887037513,32.9810475668793,0.44857157350301063,4272.5453933181925,27.11956386037434,15.772973358792266,55.611656208581934,3.32221096703956,153.41268117164944,4024.8550095625988,0.0
38.758135511544324,40.99712164972386,161.14683459196107,7.760961543724685,34.09190623024921,0.15614819322909795,989.6961506666262,25.062668417524314,27.55818677198332,26.213189313503324,2.9119866722858627,157.92604933299876,933.2012404326514,0.3715419146051195
102.11047278759342,146.48821796961863,203.61652558601378,7.925857104996598,27.001588417763543,0.04816788552011253,2752.867689738219,72.67730517295021,89.76644570892098,130.19410222577093,3.2094470404548354,200.0667360846755,2593.7161904990894,0.19238059947847205
50.86865604703476,87.78930949789986,174.18753525270492,7.1341645260506485,39.222847036414116,0.10948372066961654,4407.402885720618,63.77247481803627,40.471186050692616,74.06464910272821,2.7033421990489597,171.1975199523283,4151.597166805351,0.06981423504650575
26.969666290618946,129.1795253361651,169.1527635855026,7.589235262236537,33.89950811270389,0.3486362820164527,2470.1511829897713,20.992474989287686,11.246894374370031,108.42546640671655,4.087920698224718,164.6313436044442,2327.8405936062977,0.0
40.091938806587784,71.06773648043864,247.03756214744098,8.025183181921063,29.967266668960654,0.41915329088187786,2621.01540014134,50.88901149910886,31.05855011073443,59.143663401912235,2.3486810609218716,244.43981765533343,2469.1961250158392,0.09327378765801816
34.74070884264316,88.90286305646543,190.9869537558046,8.391642580223097,35.333476328188425,0.4243336403111413,3310.5476853513114,38.47854415766081,27.39053074949508,79.20062797351001,1.9110463042185009,188.87325254130366,3118.354339346039,0.0
85.04479436028716,85.07693095606595,231.46591934068954,8.451521626286935,30.41956945711237,0.19196272013719173,4910.004432719826,96.9709751849712,75.89445054869769,72.9984771247679,2.3790893910132533,228.83454189887112,4624.767813407791,0.06495577632505284
75.62655570653334,74.09532034289745,207.46240597168327,7.946780985880997,32.3801348018434,0.4560306857838159,4065.563643951294,47.14375087572121,54.54982034496649,46.27402966562925,5.479951194007371,201.4013390741355,3830.8253238932475,0.16076176297707195
98.3023796325638,71.29139729763044,201.25749307322275,8.142839279953265,36.17506565790111,0.36697011563894716,3845.61163988252,68.06664866546494,79.19683820468236,46.07208261282692,4.967440771249176,195.76328523117624,3623.484197253715,0.10576760278436555
119.98349035439307,80.22910540694014,267.6965641564826,7.335362671265024,29.14673615284549,0.03920660282771565,3621.8138183679994,32.60657833562749,103.69333410116246,58.726099152675815,4.235440625839945,263.0119806510894,3412.431245957107,0.09270284662060872
50.65841174685811,72.07525528793002,108.50774663905595,7.9409349521625066,27.23556149838843,0.4778624380905512,2683.340739799319,34.84909209034382,46.01663217256974,65.9481062498694,1.2068626893149745,107.17290345576417,2527.4192265767406,0.07594622333904147
46.30534404070699,96.7196655537261,148.52225098503038,7.687532575365102,28.663398636903985,0.005408078914403647,633.389707559234,78.65149401633312,40.7672754096896,89.40941496078317,1.439897844064516,146.92966067728207,597.059791782028,0.08546214862933264
44.846447484261745,51.589983531155866,108.04530960270293,7.638087926083699,34.79823562455865,0.48763437208186095,3049.7290220968885,97.51498453841744,27.980907013973706,29.327470110375653,4.38504052227489,103.19526203603296,2873.755821236467,0.21365562968490853
24.224596463320495,44.974560313644716,84.272527884213,8.180436215650328,26.181332130071997,0.04551379227876251,1146.601517939383,61.37403388699215,21.6516186809802,41.57822964095554,0.6689742234084752,83.53261298766289,1080.0386536668248,0.05983849409574679
38.70807417060034,93.54697507052643,235.21475872871585,7.888688275275987,39.708331696293136,0.2993699159788305,3371.2432547579474,76.41116716720504,21.185710023658874,70.41745439656368,4.555814678204784,230.17582743903114,3176.598514936591,0.0
101.29800905941177,66.43744696713901,166.2077258243188,7.659842711943174,36.53583456655704,0.11879125346145236,2833.9109688335247,65.27021486193973,68.0679429790912,22.573759741115815,8.639817180883353,156.65170825007806,2672.2664507700583,0.14790162215417385
116.6965238517549,85.30646182639839,189.38352598693717,7.8956163690645464,29.538789554950355,0.26348201889954814,2618.0332145483826,78.39941756510206,104.01637956609758,68.56867136933069,3.29683751427091,185.7370787802189,2466.777396909008,0.1157953032752824
113.79547562770914,56.449642795194706,135.43915035934702,7.54371051730262,35.68940612777443,0.19787235928970548,942.0009336899313,89.86698725957747,105.80915834418992,45.90770398094932,2.076442493714997,133.14251368910067,887.9429975999301,0.118943831636732
38.896351383008394,137.16953342036746,257.38931369733257,7.400756032515952,38.909396584434056,0.03640629880691809,2668.377853863085,55.01724291771178,17.935757420775,109.50154939021935,5.449754430180682,251.36164574790743,2515.0718568145658,0.0
80.94285364483653,92.13194460712826,81.4064272643788,7.567756501326297,30.69718355034661,0.40007424708308953,1884.4446848421142,80.6166380384121,73.26787870798842,82.00097769048875,1.9954934835805096,79.19932375753946,1775.4165137991206,0.16497014495958492
45.32136902411697,128.12807162228867,101.01824271020268,8.1374835144456,36.906924791665986,0.27210421100511784,4846.984688543945,82.46432291204906,17.556151104370354,91.47798396822314,7.2189566591341165,93.03375932842413,4567.410138028572,0.0
41.701999449054256,121.49323439017382,186.46151425117898,8.145756689426262,38.54287658826012,0.08673706820035904,4683.976431599029,66.13819888827668,5.744930552889805,74.02990344723676,9.34883791300276,176.12128858146775,4414.778469902914,0.0
74.18616054331036,120.860106625598,221.3602595823189,8.11053218083403,26.690552258420183,0.04459519879468754,4740.616508283454,84.81880646189889,59.08671340925499,100.9288364086449,3.9258562548543976,217.01808999933988,4465.8894298948435,0.10770334238742549
36.75142918373186,40.40138232615741,164.08689339708144,7.931059700220312,36.272683522954395,0.0036604544919682236,2466.269633124578,72.64921691244062,6.144321360885343,0.0,7.957848033940097,155.28516367602566,2325.7438537163616,0.0
23.565673258230305,110.98696830214594,206.5787320038812,7.695591429411857,39.28000183494891,0.0647634859816078,4489.599470711581,82.71254321967187,0.0,79.88027960128191,6.12707504713988,199.80191767976441,4230.372202299467,0.0
37.98739066437163,125.47019936985438,124.96869218090941,7.776469243031561,27.465178164014365,0.42074572813920824,3640.7604237836563,29.403708025497064,30.15984683594105,115.13784151632606,2.035161395391946,122.71771421996219,3429.369303844044,0.0
115.5022104436503,118.64386663627866,165.4746409822913,7.349658008463003,39.12633707554161,0.37546549102393817,618.6344546705058,33.86662915205548,113.79645377805329,116.39226783769054,0.4434967330552332,164.98411410117032,582.755224065513,0.05924381717928862
119.13474264453569,119.80837547987457,148.5459246291171,8.475653934976982,37.33073979425338,0.17003129951187695,2264.3044827591443,41.98110105008071,113.59370236281103,112.49420230799802,1.4406704732484084,146.9524797595297,2132.90552729528,0.08739310851812054
87.34756847690157,151.34071091205954,121.16981957896569,8.465281967070084,39.54345210320436,0.0007201003532166794,1302.5311698776,60.55354478971679,82.82280240594034,145.36801969839064,1.176439178449922,119.86862613598784,1227.0873737551688,0.11094718982774963
57.81915816758954,113.38249183517496,231.22466902041978,8.080202523085296,27.85423840681008,0.15683002474793034,3006.222673558715,90.21800683246876,47.89358735260899,100.28073835940062,2.580648411894944,228.37035844176899,2832.044207590216,0.06596759896913158
24.65682921284607,143.24535364716124,127.35197282284093,7.648181381292268,28.916721591487587,0.23066133391190435,4175.579098068503,24.12649610584216,7.084810872295211,120.05028943763406,4.568724768543222,122.29876240576537,3934.053006707962,0.0
97.33838380188254,103.8952426960472,131.93058721754932,8.078133276732768,29.64967550291982,0.23400995100341454,1669.959622297975,35.045646803352284,90.18529813484034,94.45316961555149,1.8598022734309743,129.8735641535842,1573.3784694291473,0.16206768976726957
62.1659243575904,61.45039955365718,279.7095012624634,8.268614566480167,31.686830466230067,0.11921821225719165,709.3286429662062,73.34548243498267,58.41996103221514,56.50572796416183,0.9739504645975678,278.6322692376091,668.3806300568797,0.12412849874918595
42.157895098785005,35.868316282117306,259.9404871524198,8.298961134801269,36.969169760069036,0.28019123252776396,2202.57290340781,35.643303228876334,34.12983473375803,25.27127660028169,2.0872956949070156,257.63184636459135,2075.0380794701405,0.09988972235938638
24.153234751282795,59.76497654088698,204.13357846158766,7.578136142042439,27.884558075045753,0.21731020292729863,1352.399787317556,94.40818093819206,20.004209335696103,54.28826299231253,1.0787466080525425,202.9404372956482,1274.0088943897574,0.0
21.393278041135236,45.906794319067714,107.29463288936644,7.134473932023802,33.83777135515762,0.21897654811293116,2562.289716199965,32.42394780817888,15.310879577870256,37.87802834755793,1.5814236004488917,105.54550887414467,2413.5783940148485,0.01593026670496041
65.35888650245526,119.73109819114242,138.45045918483973,7.264194642868387,32.552817696201025,0.2294766652737621,2176.966362289071,61.72681298935157,57.68072235460679,109.59592151598244,1.9963226784406032,136.242438552037,2050.886844279699,0.0947406355285235
113.4047674696598,25.280025159192075,202.8784578576279,7.923109491821537,39.372205708297884,0.18375441363137135,1113.8353166354896,60.89305810100521,105.62686216924077,15.013190162638981,2.022255378108943,200.64175451909307,1049.7384919281599,0.03723134734598281
59.17248332892728,102.54058279781532,96.79272779757186,7.97653910237421,32.659738944741235,0.26247310541680086,2667.8023389236514,57.390331361355024,39.590689707805524,76.69261521793456,5.091266341491663,91.16156343195495,2514.382685493802,0.1898122739607173
39.11179118696027,93.71483193834469,185.18569307488963,7.822624421646133,37.494130499128104,0.12622604078240418,4322.633447592108,96.95997086458196,0.0,42.087267571557156,10.16906570860967,173.93825940926803,4074.813208918994,0.0
53.789806653551025,64.21356573490652,297.20994628281824,7.591417563791492,31.955526889819062,0.4142993059119467,1538.8554393853908,69.22806531444165,46.22637918801693,54.22984148040152,1.9664911410388621,295.03492064165823,1449.9604491469015,0.2099697408165493
115.67551996752732,50.903206346496255,234.08135923991676,7.635946843400301,26.588186841911327,0.3256471293053717,4068.8357332335527,39.99529868859115,108.45807808005969,41.37618305503899,1.8765348907415846,232.00582916570644,3832.4260519019617,0.02468373247613301
46.26390318609265,135.45910987426595,162.44294055910194,7.290694481778609,37.2968618014558,0.28262803108465046,1300.6588954963563,88.24990414841183,41.760510010349655,129.51463088228522,1.1708822256931817,161.14789335013467,1225.3219525702903,0.0
88.1714718518346,133.01664581771888,190.6858126564826,7.768042651895141,34.513432671352774,0.07363325767373063,3114.419193513736,62.835299526288004,40.87961727800975,70.59139778027009,12.295882189194462,177.08602647689548,2937.9256436895043,0.5096859680130197
96.91406371525215,151.10976114295636,243.7572613188313,7.50777873718616,31.357976864576987,0.4306034922875389,1127.0371843997082,88.52708496670601,92.50112840432277,145.28468653252958,1.1473631808416358,242.4882272072741,1061.811344416974,0.15096646412641732
115.22814932096168,140.44380184332144,155.9254128982513,7.928400656054453,27.836327226959142,0.25187426281274367,874.1911391361748,48.893940211403844,112.45875516110976,136.78820155231705,0.7200424815614951,155.12901426342526,823.5286220811711,0.1143095260685714
49.170824723799704,67.11508106072932,203.64566960827273,7.527600788190694,31.50575568986517,0.4876389888324078,2778.722214133009,39.432055450372246,38.73289474052227,53.337013482803115,2.7138617956521314,200.64401917165313,2617.8599414657992,0.17294011167423598
50.84592990799254,88.94472485216062,214.16725688920184,7.122459517488749,35.36214428008146,0.37244046926613106,2514.891563672683,50.8996398539277,46.49057055757525,83.1956505096098,1.132393431108493,212.91477997886045,2368.7586983746683,0.05357378098612602
111.61851354447619,95.88932316662037,148.63977743522014,8.210661689959103,30.908950551943573,0.20862054711751432,914.776756015367,48.84398481183637,107.64789744577769,90.64810991633833,1.0323601856616078,147.49794169140867,861.8767546877798,0.11375691968001296
41.2758963391156,123.81499565731262,194.1724257618458,7.992958147711648,38.56372224685449,0.2758147700201424,3602.1950369702463,63.56239584686638,19.57659566977673,95.17191877378532,5.641818174028104,187.93232686936304,3394.5338513869797,0.0
46.74643151547236,94.16868573228896,289.68913816805116,7.6762485800188145,28.025584196375334,0.4823153732839353,2749.2073674850612,34.19758180882437,40.69359695200749,86.1789441085153,1.5737369865008677,287.948515885729,2589.597103882912,0.042094478042872745
26.052764190242566,89.58080284894588,193.27062252073029,7.597222612255579,37.94242285735582,0.21369479093060095,3130.6822779280064,46.51877737072499,3.4431732921944853,59.73614286352235,5.878493633492502,186.76875016676306,2950.6029995925587,0.0
107.85843465433291,124.11016150956726,185.06648625455603,7.516144914082098,38.288092928333995,0.3430843667324717,844.6074231036537,20.510532117658382,103.76471586172647,118.70645270332672,1.064366886077685,183.88924969319646,795.8108879875091,0.15909197750119586
118.04210923745525,158.17444100107704,222.3366494184461,8.091082933732316,36.76149075044368,0.042111996844784116,1844.8989088982682,38.70007005640831,94.91812007295171,127.65077530393236,6.012237182770928,215.68685082013954,1739.8264624854128,0.5846304839714567
90.53374567976938,71.78791901126263,169.03891666339297,7.971928031812633,39.355060148830624,0.21650130141986001,1207.2586468915015,67.8383386876099,82.96456035865876,61.796594387396574,1.9679881834887658,166.86223522747935,1137.6937331593258,0.16944913068514142
93.23988472047141,34.389866059317384,212.69313402021575,8.095000598425518,29.769753804993755,0.1378056613208467,4810.60992270858,86.92374520439135,67.96438066915495,1.026200711579679,6.5716310533422755,205.4246212123157,4532.888305439793,0.00553885261672386
53.942108700946235,52.47436720155376,87.82236718643111,7.9661641717662,38.45414844301078,0.28987732606763217,4256.662389898108,25.208070107439422,28.03553035509869,18.277683785035016,6.735710369920358,80.37237544211808,4011.3002908432386,0.14998029712757754
49.01314854206346,77.16696651484878,93.69972225367641,7.317037846740512,38.62405696567069,0.43575922340734957,1468.9108718749594,83.88345774578505,45.4407195831968,72.4513602891448,0.9288315293053295,92.6723937545052,1383.6667163214288,0.09250602181325085
87.33005176622675,112.90894388581167,96.59048724901082,7.754238677396371,30.274533020160682,0.1434237949900667,2847.1273118849836,36.19704080172877,65.23901324563083,83.74877303862507,5.743670015354934,90.23773574301657,2683.522538691242,0.360106814681693
48.52066627429404,38.26963375768878,107.84783227482885,8.306192770168924,31.178236363135557,0.12988189931256677,3911.762962402882,84.56439458892535,32.18018479887039,16.70019821012957,4.248525183610148,103.14877667339633,3685.4838867400886,0.08188415578704142
86.12596199468828,32.892622870457075,125.15275348526919,7.855244127567673,33.12061370751822,0.49338384611750247,1443.8697641296496,83.97261372257417,78.16975616762484,22.390431178733426,2.0686135150364775,122.86477600957224,1360.5536270250745,0.05844973150096014
106.78644381744668,97.02674349652995,264.04599818009524,8.11382086323135,27.66051007122459,0.22260567412024973,1219.3006608958112,61.82227269984419,103.75496620907602,93.02519305348069,0.7881841781763674,263.1742318335739,1148.5490034764175,0.08049238479637061
87.8053806124502,111.12615160812541,250.6672401665678,7.13919008891605,38.19039504584312,0.0779515562501823,4250.393850212851,62.96366757487499,74.4390756290801,93.48262903007688,3.4752392956762304,246.82347274777868,4004.0576970301636,0.1427248159846048
53.92710318521146,37.85577351220368,228.68228483883541,8.056206191377749,32.103753572611694,0.35952725668861407,3892.208237778772,94.65537462092585,34.26938870305662,11.907590395759298,5.111005765360257,223.02928780275292,3667.423323107011,0.06804894252290841
83.40673749115281,30.65919777878208,86.0449229703602,7.106069194034434,39.97291713831304,0.3989332226562961,4150.585321482444,34.646505019844355,79.52155175423948,25.530752606056556,1.0101482915974511,84.92765455773073,3909.0542841059373,0.011052196765456011
97.1570392977569,58.43536479765847,276.118011788215,7.7472141073278245,27.974379992700065,0.3866247262619856,1207.887617104344,99.12125392147102,93.9770636391896,54.23779692834959,0.8267936712275062,275.2035416452583,1137.8171136168332,0.05514113306411823
103.46053133937632,107.05501839355638,125.12271080551783,7.405193454630024,32.78525726746415,0.2899730685091349,3454.483315579444,52.396196858891535,86.98068687210709,85.30162369676093,4.284759561490016,120.38357838943026,3254.8750532466624,0.16927098379242944
103.31893183495637,79.60434716646212,104.8445081774328,7.6116198638784445,32.62284579813263,0.12068566633920724,2667.304520077162,55.72629904977767,75.50468627492471,42.88954302722037,7.231703845608227,96.84592584709803,2514.793380264048,0.21787665074398352
94.12825223970799,44.73779911077031,108.66713618227197,7.146084909154031,30.748446008256796,0.033068978645368785,2821.1487447309532,85.7149250550077,84.90312291423754,32.56062840114938,2.398533624622304,106.01425256339033,2657.683773335535,0.046036013752835184
28.7257164650004,61.36767233405941,150.14427491059504,7.043941029372352,36.11070917088644,0.25487970379329766,698.0736787295536,74.48556972487717,27.689027394562434,59.9992427610813,0.2695391583138708,149.8461527536248,657.492291750467,0.01697611954419689
59.62268978027519,148.47108373562395,171.15654519081062,7.201830880094157,25.429265771025797,0.14405301475768117,1039.0551279198062,83.25261830187173,58.960470610935005,147.59695443209495,0.17217698402845202,170.96610987825602,978.5572278372748,0.003092163047174901
28.84959845465233,74.12529700552815,104.20746642539922,7.006632909838443,31.42030747760137,0.09902428905198718,3036.9257470784787,28.959134188224198,24.30609900727265,68.12787773498695,1.181309856318716,102.90088579860274,2860.3825352636086,0.0
97.44559027481182,68.74785257865403,136.55565022884093,7.664316677048331,28.73634709535216,0.3678867016555746,898.7916943908957,60.18336912642361,94.5910986984168,64.97992369781268,0.7421678098626975,135.7347800083719,846.7042516036612,0.06690883200546525
54.92252703336845,71.02972948525363,168.27178570805646,7.748923416295259,31.642647098877816,0.030358320419124007,4503.755125134219,23.432901763896243,1.1121259081763133,0.0,13.990704292549957,152.79745178448337,4246.943676260101,0.0
71.78689540628503,125.84146262985134,160.27684712122823,7.752714929435602,32.7078277154126,0.42285723686907833,1652.736241082618,77.40176154353613,61.843337959391185,112.71596679995153,2.5853249361923862,157.41736410114297,1557.4571958788538,0.1783236955779044
115.71583104059798,28.020727162427328,171.64932010211828,7.124426132111688,30.670411977624894,0.025633209681958036,2652.8688225463784,49.55054979431754,107.69957414064615,17.439268054490885,2.0842267939874812,169.34407365360357,2499.0840575030848,0.018259804771124183
64.90308979185048,94.28866699322602,103.9953256381102,8.076224514603666,26.13952118165248,0.1342996357029727,588.0030155817468,36.63207997844759,63.696790547870336,92.69635199117218,0.3136378034348316,103.64842844123423,553.855993714042,0.048741658313532
109.51712782948387,114.85400841872001,277.00431178335384,8.382224965334046,29.190559400999792,0.13228976053815467,3908.9244653531655,57.951902144994605,100.79444761375527,103.3400705339582,2.267896856089448,274.49591817274506,3681.9971596389532,0.08258723504795208
108.45207734356727,126.57047216581462,154.07696678335515,7.898176144229234,32.45418958957906,0.2859009579248772,1130.6185844340762,32.63829107203679,100.11509429554023,115.56565454241895,2.167615592487023,151.67948865825818,1065.603209702777,0.3069229588493647
114.35040416882921,137.41812676459443,291.9378296903143,7.978327719344042,38.61503558891351,0.334180654347772,3212.292735141487,29.306886999368054,96.72584917862221,114.1537141775212,4.582384297453827,286.86951123384483,3026.9245593926075,0.233532022605007
48.89889158279259,88.67686228524332,264.75795684156856,7.231285077389794,33.425059084299605,0.09019843334307914,2810.0039271185196,66.60998940704631,34.93401293956467,70.24322247618244,3.630868447239261,260.7420567403089,2647.6949737521677,0.11537738176947576
112.78237433724922,151.01078127269295,124.44317392595948,7.743228842454359,29.471983280363172,0.04834499285754301,4384.674328342345,40.89270316840026,72.92640284394189,98.40089890152721,10.362552588259915,112.98173526652697,4133.340705475139,0.42323852705075415
61.398739537901164,146.8593468569698,191.2372559467407,7.8529510038856545,33.36162089828361,0.3526512008514168,512.1039694672827,22.76532236685221,57.750077218988764,142.04311259600541,0.9486522029172239,190.18800491131623,482.64219258152826,0.022712709214927206
63.706480159033966,122.93921297717796,129.8769981309487,7.6618445578229375,37.46140007402431,0.11999182340533032,3113.2441958136897,40.64596745242932,29.809545086477353,78.19525868140325,8.813203118864722,120.12920808794061,2935.388091558393,0.024838846226447584
66.66325069290738,101.278511076077,220.1379918967741,7.148516705189931,26.419770451941766,0.3073827754990648,3630.3636956513424,48.80734652222771,64.83936403395042,98.87098068625377,0.47421053132881685,219.61349420470552,3418.9372256614615,0.020278675117068486
51.038957412447644,78.69494506266537,207.80962975539404,7.3121269136995055,35.34615797641788,0.1926461178194233,3576.1883874330674,60.424700879642195,33.07744789538847,54.98575250014723,4.669992474435384,202.64441280427403,3369.6439281613325,0.17996159980121212
118.61008932462025,43.38233186074095,275.3848481206432,7.987621882567718,29.923727668070196,0.40662603440594186,3606.221259990623,97.7340114119769,105.37612982283058,25.913505318378565,3.4408294704653146,271.5791394810571,3397.421063665934,0.033442855882593416
44.78806988104905,100.46691473054831,211.54215022660694,8.098230548809267,26.030069806939867,0.43705078783651347,2949.277402126178,96.44997139189161,41.86309179515089,96.6059436571628,0.7604943023335179,210.70101009990512,2777.6704815850176,0.012055612105784541
29.375781790799298,156.6262208212453,190.42511700444575,8.369320934891906,36.16230714432953,0.19252256690855096,2907.337915615173,67.84548580281026,18.539246958309725,142.3219948423591,2.81749905644729,187.3088392019027,2739.020925325668,0.0
31.656079994557402,118.52774570946065,131.78941905087228,7.822461294727682,28.884486579347094,0.440275360988944,4726.704661060451,87.35236462267554,17.232182132966997,99.48820053216131,3.7502134440135055,127.6415181372464,4452.71627850461,0.0
93.62426923746843,142.12332707270173,157.4381802345454,7.840400339725787,27.947348695818825,0.4774470178622193,4600.813898133837,67.6608445344257,83.12837897292835,128.26875192350892,2.7289314687804134,154.41986207704267,4333.744384082099,0.09034169539505617
25.58609338005138,123.08796631481538,234.05475273241427,8.492236117866687,33.02207966596352,0.21350491199165555,4419.765554300754,82.10209570193591,16.470024585847302,111.05475550646597,2.3701778864930585,231.4332318063096,4163.102256693177,0.0
97.15437791226685,90.77933356407753,184.0080656699967,7.802678938749381,33.327436676282844,0.47943059513590136,3516.7791381259535,38.25177660209211,76.65088131547475,63.714718056312044,5.330909115165934,178.1118458629478,3313.969379458656,0.17616061596229932
116.36667413619674,110.90313663857654,210.4870553257046,8.286574445331912,39.2997167039397,0.1982359677762856,2153.427763318433,63.131384889058005,108.87608850399151,101.0155636040657,1.9475522643733427,208.3329769146148,2028.700320848066,0.1164881468875153
25.93334427328813,106.72999328188213,104.33377434509859,7.035402771728947,27.547335255406654,0.44866022776188313,4768.72996277933,27.47229354050047,24.32176264879503,104.60270553755126,0.41901122236820626,103.87032951508364,4490.923111110021,0.0
80.6358604711478,39.02457551091986,201.23764583420876,7.141430605030389,28.722873732591527,0.015954811052207696,1535.8286827394209,47.23783041368325,77.16957789395336,34.44908250902322,0.9012334700705518,200.24084200165265,1446.6724093983391,0.03682888896435678
31.73932800333859,81.91197353607666,131.16470089983338,8.257016353568785,34.292278943581046,0.27966517562213655,1133.0412340823793,38.5198371300093,26.69520230809751,75.25372761835844,1.3114726807626809,129.71415446775916,1067.5328319667146,0.0
96.00869159371508,146.25001488312967,286.30657348713436,8.187205780626131,29.550668437647573,0.19036921552734515,2915.7021075588,54.95195161094844,85.16172012190259,131.9320125403371,2.820212582671261,283.1872944053116,2746.898716848229,0.14645187385679012
75.19978629851917,64.64026476925878,285.1331337301025,7.570825238194691,29.581229923720098,0.20974426513644834,2748.4088442567436,80.86540994291254,61.99797625563398,47.21387551265031,3.4324706111501513,281.33667035634136,2589.608881174943,0.13350017082789212
73.99302838242835,116.72869830000285,203.93950038626494,7.427324330555149,25.841609027673588,0.06866680255820773,2269.4178255819565,90.24191383148762,69.70647258773077,111.07044465100212,1.1145045066213668,202.70680941273258,2137.586777590313,0.07148499928437575
31.278708695865603,114.89889301277607,242.61076303597866,8.266832042255857,31.01098893300556,0.3636045444418231,3117.095055636988,25.559218956649012,22.841307733870043,103.76152374294195,2.193724250118846,240.1844075879076,2936.2946045752606,0.0
112.55868336258757,68.55116430956343,197.30988495900357,8.39980444227314,32.65718308222294,0.2654820261053008,2553.653235123636,65.10920855236479,105.87005675834938,59.72217719196901,1.7390429171019315,195.38642705124192,2405.5101500043484,0.05359982251259772
45.20645057891,113.00277109687467,99.22016058091197,7.573684310311159,28.85138643979651,0.1030811074960355,519.7050523221668,98.64698874980577,42.343129214489885,109.22318689584007,0.7444635547492368,98.39675116568654,489.7162887899756,0.0061968400824146215
108.83704491484677,42.66617843472212,222.68842342035154,7.247027907019714,29.31409423442363,0.2263706168847187,792.063270969705,42.05185166757515,107.27628396004837,40.60597397438827,0.4057978482475792,222.2395931629216,746.0590284507039,0.020241033536796092
49.592453315203684,107.21672762628224,204.73042868327332,8.191413430060527,26.536586605121816,0.340449887603057,2265.70643635226,62.76390411510729,47.00322642853623,103.7989481358812,0.6731989905335387,203.98584100857886,2133.910396026624,0.017961566074227404
107.7241654203982,122.4825170293777,272.2333057385523,7.309354758989882,28.693157192970386,0.1672445806084849,2582.6369182837425,95.1444405491446,101.4383071181701,114.1851840704366,1.6343231585793063,270.4256724867829,2432.7612872635978,0.09882137957361233
97.51060025152205,145.67383489451532,159.28457952913732,7.735391725752155,32.273673383149266,0.4933244319334556,4049.5075473167044,68.3773600628858,76.63997034846818,118.12460342248421,5.4263637747940106,153.2827826727305,3815.683197887973,0.20461558547000622
53.868676466721034,32.59615092040868,286.1613244572848,7.887373423437172,37.03055598711083,0.07369834508766349,3461.4943186249684,35.00872558004858,29.174622739138712,0.0,6.420453969171407,279.0600201496244,3262.3178631775563,0.0
57.30830487749013,154.5340811895628,253.36167511187455,7.165210577600071,30.580729355083268,0.22896313734010038,3789.364815104198,47.46039393911734,50.20408145764637,145.156506275369,1.8470980891593787,251.3187034341395,3569.2339737846855,0.0
102.17573850147156,25.180868126433708,178.16513146067174,7.707698125133448,33.968305718744446,0.34905534180153536,1643.7590114399895,44.846819463775745,90.48859455457124,9.753838116525296,3.0386574261940815,174.8042427799417,1549.1893828943128,0.029658403696813992
66.21740791631147,33.18904717577386,260.75606824671024,7.441130478247061,30.063367480953172,0.050899796525356866,4309.218321556028,65.15157439981388,41.074190358907025,0.0,6.537236564925152,253.5255972548452,4060.700898323432,0.0
96.48080050389953,128.9439532717306,102.21803616728062,7.0458655507718095,27.7945686562467,0.3542814422054474,4911.604400135633,66.85406278314917,94.25217951901676,126.00217357168529,0.579441456069528,101.57714844691363,4625.535028548967,0.021326327304649794
39.96982520189262,105.40233847054931,233.4052459083506,8.222766749423306,32.61582722168533,0.06743641767784331,3501.616888535501,72.9146534320679,12.354492082323388,68.95009875271793,7.179986611087999,225.46386511268028,3300.4504432566223,0.0
107.6213843351109,148.36344681165963,122.5185710039137,8.09255561787139,28.172683269217327,0.11957724576393286,2828.8129383792602,59.44841152997553,96.40784160729626,133.56157041094428,2.9155211092318085,119.29387650232927,2665.1136591292016,0.1792460430625728
60.22298589030089,57.77245941926909,267.2305609283826,8.367259786884176,36.15179495123121,0.025922957166518434,4701.511338203342,57.50111063668767,29.58442111227544,17.329553912275486,7.9660268422866185,258.41978508578757,4430.723555255672,0.14555356277612747
26.68658036500336,154.04654845216695,95.6107296949152,7.549501949447039,29.990185370434162,0.3994683846035845,2221.587194125857,83.74184621625622,19.061521492362218,143.98147074028066,1.9825153068866972,93.41798062196851,2092.9009383944062,0.0
85.98364484935819,61.12424567169168,205.55096302863967,8.158583572706881,32.39600421542859,0.05091252179293204,3107.5707888966554,74.51204484838769,55.89795630570369,21.411136794067723,7.822279021350171,196.89917859458583,2929.63814419572,0.14074201998496655
114.95244774200722,135.20206951778087,250.81959986329355,7.686630517592029,35.60226869614617,0.0520115228156095,1958.5835464943768,44.29046962881007,83.79772196805555,94.07783149616468,8.100228701227442,241.8603908657272,1847.7421488466034,0.6450644016309329
26.508519110190324,99.06121987194,124.23662592456924,8.306747525874622,30.295379564427126,0.20133941648686593,2086.7519095279163,60.18218501944014,20.3268128296142,90.90136758157949,1.6072436329497912,122.45894381845503,1965.7712853747678,0.0
77.00504127463711,144.66264424570636,195.16260100242724,7.945508267647927,25.205617732232003,0.13610674237937193,1793.3401161281204,36.39551826824121,73.92770237693021,140.6005569007332,0.8001081134037938,194.27764625941526,1689.1314238574175,0.04577233767972553
81.06227727532408,142.2452356006484,135.0184958351721,8.400111918075833,37.46081685072852,0.12697816240084459,2645.9345110404147,92.78903907629254,71.29759385317314,129.35585348340922,2.5388176897592367,132.21045187391638,2492.7407969457363,0.11029064913126507
25.130363980008855,88.1735060546248,279.40423704131194,7.610622781693692,25.566932985092294,0.25795112727727687,2845.008810044219,51.409114454388636,21.26445696255474,83.07050879158535,1.0051358245380673,278.2925126375784,2679.5804384626854,0.0
59.32795689720273,145.58634328828532,211.61522005904357,7.771871123159232,31.56130673138965,0.4299363050852908,1144.2111531321355,32.789402252266136,53.33702476810738,137.67831287787948,1.5576423535647905,209.89239914820516,1078.1527934157023,0.011984994283929531
73.00996768844695,121.76696363206294,250.07143351667358,8.119284047337096,28.208098352200693,0.0119687083102889,3910.0689884646,23.142993365396826,50.68557305424772,92.29876271491997,5.8043426048917945,243.65157545972465,3684.528088418496,0.1706648907803674
85.73521253349499,69.95226569057553,271.82733747316433,7.874769702739049,34.11088340230489,0.16549806132224554,1522.5851520060558,24.520534823445274,68.89631027906876,47.72491471473285,4.378114586150831,266.9849502962844,1435.6295301393025,0.27972891307220865
30.905346187498942,107.7146684983082,271.3713102344127,7.741780132039522,36.9250053365291,0.19363869062501,3633.1572511618365,72.9126422345445,0.0,66.91961153080962,8.035390008749726,262.48381568077906,3424.663868335114,0.0
63.1363745318794,139.18057589878364,191.2957398487378,8.11901676456819,38.464435142873384,0.0878851210821488,2677.3882600050592,61.773135213051575,40.86791523093611,109.78620962153852,5.789799418245254,184.89196719548085,2523.696858929744,0.0
61.94143039349939,151.60835258062647,179.8528809359358,7.225494973076205,33.429473057153785,0.07901301038260383,4555.063241438636,49.240575644749676,38.76724823323896,121.01843212908275,6.025287361667705,173.18864826613515,4292.015077502152,0.0
47.21912845217811,110.08957223213946,260.88924383447846,8.034117807556424,33.7152104349591,0.4201606015050992,3074.6366500910563,32.81769469210636,30.38456564150463,87.8679493220505,4.3769863307750985,256.0481045576375,2897.2082824664067,0.0
20.743243032348573,46.0388099544954,110.28242171209531,7.754589879279023,27.170061253854257,0.1632681493838044,4323.978560234104,58.10257450676019,6.777492142526865,27.604018779930747,3.631095231353643,106.26627077763663,4073.416703920728,0.0
83.13096018402499,65.37718026794849,245.19736391442908,7.231408927288952,38.240792772586936,0.24661927786663773,3668.6197461189468,87.96172446810577,73.00380999645402,52.009342020354815,2.633059048768448,242.28508486763187,3455.8503327467197,0.07159984942316783
76.15594956798063,35.35648090001624,107.52401313531088,8.322954952087276,29.42964803745949,0.39371428562906635,4920.118114363007,21.69662499159444,68.30526410123223,24.99357608390836,2.041178221354583,105.26638030037311,4634.153077731335,0.021564654114567133
27.381943403992928,70.43569434744688,178.39916005589583,8.211912344591374,25.19390705380679,0.41984077075643433,2617.467788827917,64.50085700216482,25.881463289872478,68.4550605968079,0.39012482967131623,177.9676648459351,2465.050541318976,0.0
50.47237090860551,60.703736292990115,229.1131878995622,7.678104025073032,38.70756579473024,0.09959692212752558,1142.3127671545953,60.812527494772006,38.98242441924503,45.5370069270343,2.9873860872337246,225.80900757340757,1076.9525394240763,0.428927729711351
62.2101155160285,35.209742501608005,103.19887629857284,7.712100481411163,37.94475008407056,0.3679507449078812,950.8246761844998,91.09196756610405,56.52240345402186,27.70196257975921,1.4788051361217311,101.56325281559863,896.0068048429396,0.09667566604883561
54.00958372388268,137.57495045515134,211.23266600585416,7.937439724381863,37.94545955628152,0.14474679234667465,3380.028891697734,52.49386232367216,21.643553341463807,94.85179035035841,8.415167899428909,201.92512041159577,3186.4577505903503,0.0
81.25908676660964,83.66561366069689,258.98936147846916,7.527541868303281,25.161535064682482,0.0330010338158625,1271.721582207334,54.94416865848619,78.64367017958679,80.21326376582674,0.6800083126259445,258.23724239422967,1197.869751261769,0.0759130595342114
112.0955552600564,70.89048770260533,96.85387961819183,8.295636046681244,39.45762654168014,0.4747629929665464,4215.400143708097,75.01402193918702,103.93449412343588,60.1178870022662,2.1218758955213426,94.50699160847508,3970.5477390292094,0.040641451016966416
91.99623042962129,141.9058559158338,198.1991126613788,8.046277871973947,36.84949042461216,0.49743698743386006,855.6353951022247,93.88828063591735,88.01320821502307,136.64826659256417,1.0355857757955367,197.05370927309508,806.18419039192,0.14719330502353986
107.03203489970272,103.79087103835899,163.4062808702807,7.377098081695383,31.289204322196998,0.15965023830751118,2615.973615017337,21.125870744209145,93.77593423623382,86.29281816258002,3.446586172501913,159.59420506520038,2464.8993908384405,0.16865063545795136
58.64824046639775,145.30314583441015,241.94299206424242,7.634720320546092,29.715778849226712,0.25077061746779994,4194.019670074491,51.16663195819281,38.214605669065605,118.33074790193173,5.312745047306355,236.0668625146668,3951.724693610902,0.0
107.94099107329801,97.24339676184091,132.89873311465948,7.836624366989357,31.058468272501685,0.48681950704981297,2141.529036529697,46.003993001258394,98.38988076727343,84.63593115788844,2.4832886795663933,130.15210667951266,2017.7153325661072,0.13873390319318896
77.17825648039216,87.61812858435415,279.75287996917973,7.969900748823152,36.45912837031693,0.24843833744461774,4108.472257716441,36.576221312674456,43.699172867220845,43.425738214967986,8.704561739424546,270.1252520672779,3872.55763391853,0.2963309175172051
110.95149306182473,102.93125326455865,148.59538234206823,7.833192584887245,37.095897554916554,0.03365343317109476,2914.0167656045714,62.56712083436538,63.28209447711498,40.00764713274175,12.394043632024545,134.88702529192238,2749.245399266042,0.38383313434370425
73.48538442466828,68.46232610489028,94.19949013068569,7.837366595668656,28.295729987684506,0.4782794112698828,670.8036357334172,94.28832499116248,71.81020140569764,66.25108451984896,0.43554758493237183,93.71775535680167,631.8800901812198,0.052787172199977715
67.90322034242752,51.158621325103816,159.96846425425912,7.032937780351877,25.848089017322195,0.05279011577854964,3838.135184805204,55.2442814696836,66.01923829186877,48.67176501836629,0.4898353331452731,159.42668484457698,3614.6037096086566,0.013169617538238181
107.48627955982853,74.3650341966971,223.2353627362776,7.585868323290581,26.418508909917545,0.30960085350326755,1410.9851510769145,46.88574827266456,105.1808288426873,71.32183925007075,0.5994171864567035,222.57238098004834,1328.9822461097976,0.04007998965525917
58.26462515446267,25.389268168181225,137.3486049370696,7.3633761165251475,37.312703972499634,0.45820241074869567,2032.0370129336445,30.69063891594597,51.988666267636,17.10500243757002,1.6317493105749357,135.54381847432927,1914.2558876699277,0.03794533598154125
111.22529994747475,72.67260906749763,166.3126141985599,8.180660587895058,30.573349195125395,0.47661792741592557,3745.166174371187,26.13489421488576,101.26374151792763,59.523351940495466,2.5900051916822466,163.44795461017728,3527.917026320129,0.05678049353476391
47.93566839545839,38.70421369547162,134.24835754275213,7.78079488921782,32.134870442186354,0.3156286374404479,1682.1534980218553,40.11123417610381,36.53100938288875,23.650063798879692,2.965211343268105,130.9687034581375,1585.3157025204573,0.1629120389298729
109.77074107741072,98.61468174799418,232.48592965732652,7.903351685438825,25.60071773027937,0.15833208084215777,4529.205048223519,69.29671010990447,101.00398909926379,87.04256913684014,2.2793555143182114,229.96486226703936,4266.125025648071,0.06030386578321344
20.389056070807893,142.82366359248198,197.38982497699442,7.009096687766935,30.826531326833155,0.4641610561897518,1391.828801558047,71.30440019227196,19.525815066618023,141.6841854669513,0.22444266108936892,197.14158152821807,1310.7884782987865,0.0
76.56782285606454,91.93814548475545,123.79383793269139,8.151297233068268,36.055621948423195,0.2763648699055423,1745.5275025216752,26.71799130647556,66.36550734282517,78.47108900727955,2.6526020334422293,120.85994348581269,1644.8671075516284,0.25024568077838777
55.50597461877359,145.44564604223334,230.28097934493164,7.215455845831721,34.45602541795803,0.28418058814313163,3786.3948124024805,75.6000229902196,44.32727409880302,130.68976135587212,2.9064621351923545,227.06630446683158,3566.8723931872332,0.0
30.29030545411417,75.49827392622544,293.07965575668254,8.40140392861266,36.99068084725512,0.21061231785287032,3484.467734465125,99.70700200912952,19.84324758800202,61.70815754295741,2.716235045189157,290.0753804017564,3282.4670573108287,0.0
95.85680819086778,131.93515534261726,140.8868708975008,8.175982172636747,39.5699443008832,0.31589300378387397,3775.8449897191276,87.89583764159153,82.84276922802616,114.75662391166631,3.383650130338821,137.14440512147218,3557.133629461707,0.15607045974590225
40.187055149918564,100.23819105954223,165.31905505147859,7.427104406922988,29.375678332499273,0.4665340458038125,4608.100939189991,94.32537237786441,30.298316570433002,87.18505613462126,2.571072030666246,162.47533637140654,4340.541763507156,0.0
60.21467083435729,78.425757007566,209.4940077028125,7.763866101960057,33.2353524804477,0.04144831128564297,4264.161548025647,51.993013543905136,0.8012185558982139,0.0,15.447497592399365,192.40839635473563,4021.9174028787743,0.0
105.15207892082196,66.73411794715132,289.72592512600556,7.142982825859394,33.686188512082744,0.31997095907838746,3733.8768458577024,28.619333991053857,97.61755696434751,56.78854896460502,1.9589757086833608,287.55921188337953,3517.026482309649,0.04263201628243359
65.60728828266652,125.54153464033757,85.99141113812357,7.496970620502829,29.710261255112467,0.09294746236518875,4216.525476424153,62.71275365117371,39.796858488323025,91.4717673118042,6.71071174652931,78.56906897012168,3973.4930041836965,0.08020843338459258
34.50142723527398,51.10710027033258,91.05023603029898,8.360563229329045,30.16360796521436,0.025551905666646002,3485.31890261572,44.62825682412212,19.59437506029332,31.429791399358116,3.8758335654949723,86.76339374055097,3283.7450276987965,0.16434409698220484
29.61395779709798,53.66592553842534,284.20097783102744,7.849289570711379,35.35785680689379,0.2606250981317573,2117.8608379492634,42.16999037776019,11.030118100480196,29.13525713888986,4.831798321120624,278.8567965011286,1996.3915262745606,0.021368575366407735
45.81124836256009,45.67712602469254,152.2675044160303,8.048781431303105,38.925496064423385,0.1237879254534916,3577.2149952363575,50.06040688499588,18.467892424205928,9.583896186065052,7.1092725439720805,144.40433648690075,3371.6124493803704,0.15710778529749184
94.68608932868597,105.49296694289706,87.07355448404645,7.3150112677048895,35.35983884584549,0.27567529888642145,2648.7607445150484,48.15054284565796,83.51351183253958,90.7451646479838,2.9048701489980635,83.86064041265469,2495.5526963229245,0.16567764268738422
116.56646590447924,34.4484287893547,263.1549388194983,7.209687267991521,26.565038505381356,0.23830998152603144,509.0032958103921,30.58330802044229,116.17456370646198,33.93111788797195,0.10189457148448254,263.04223894455413,479.37432174974003,0.003927198517635331
58.10112510307436,98.91664541409239,197.66368233575088,7.537140157431354,33.56988742182794,0.2228489171167038,1043.785870526885,55.539621539115416,50.11986248229653,88.38137875466566,2.075128281402234,195.36849924209002,983.7941434002547,0.23964169638583652
101.2580106493376,39.9266167448769,137.00062808673925,8.312158688545116,27.50082617315991,0.22232531835324387,1358.8690442496704,96.57848231654738,99.34081472097606,37.39591811943969,0.4984709413739986,136.44929731476896,1279.8626133921007,0.019351565038445248
43.31456153345404,60.954063388374344,168.86758473946975,7.079194103194045,35.71969186462019,0.01914069082037001,1902.79376525747,85.9595702224447,36.28104050447978,51.66981563012832,1.8287154675333066,166.84494504928043,1792.6274493132732,0.16413874419854732
77.50795049574896,33.05150450965135,229.23751889241095,7.881423108551992,38.277453712669725,0.2703380845717912,4848.613713801821,49.934958789583455,52.468931927831285,0.0,6.510144827658601,222.03701255280833,4568.632965523106,0.0
98.81761109927832,91.25786138968398,191.52126084205534,8.317858472501868,38.57801552418458,0.15145259127771915,1645.9472304730077,35.001443678926556,92.2405101169416,82.5760880929995,1.7100462554075546,189.62987451670622,1550.7042726100333,0.12937051577221723
42.887035190779486,137.00922553664103,296.589059051095,7.816428103531729,31.51635973882959,0.06563312315796577,1278.8461422985522,86.68585633893271,27.16777314393858,116.25979963481102,4.087008132178635,292.06864840819634,1205.9789299559404,0.0
77.1759305237809,112.13486820933187,273.69201180580615,7.163336269284106,38.47480045498497,0.13411154428246025,4168.123746298518,33.398961427795236,65.606070879431,96.86265347879001,3.0081635075309796,270.3648507395095,3926.3913608976322,0.11686837134597466
112.00211744722445,86.50609557777133,282.80749061738106,7.773447643260543,35.722333483208374,0.014820797478402037,2578.507327779876,80.00809328131605,62.51344693441544,21.18105050086345,12.86705433333034,268.57596293991196,2433.487667045857,0.25285640069786175
111.59476671837652,84.7395931946704,214.49094194694788,8.317008608296288,34.04094545540422,0.4738987975514797,1487.1790101111226,45.43252792134541,107.65227710482152,79.53550690477783,1.0250472995242932,213.35719457664982,1400.9095047153894,0.07080201769314648
40.26909712675041,104.44365935172468,218.69261862155605,8.330375195990694,32.818250835708696,0.4021423704668356,3263.6008264858897,42.56623128219499,31.75635993409761,93.20684625742297,2.2133116700897304,216.24459862601176,3074.2683133088503,0.0
20.353457956512905,28.500005371077616,261.8074817150507,7.988287731044432,39.65304055323412,0.08968084874807652,1423.351036726704,22.872997897720914,8.95152837767689,13.449458327014062,2.9645016904973653,258.528612537594,1341.5988658846675,0.3475390034788952
29.56405103682568,72.75268639358572,109.34449791915507,7.756238257030155,29.87093834028096,0.17160230383686664,3312.373580576515,24.450856043803306,8.17818910823847,44.52334864785061,5.560324101432675,103.1945350531199,3121.572901645203,0.0
104.73539064214175,49.29901752791008,221.1557311953323,7.65375462267429,28.805246490803032,0.060739600720406184,1823.2221494094251,33.51942500784969,92.08082616359468,32.5949924162279,3.2901867644222436,217.5166400102873,1718.2947386242595,0.0903831866677519
69.99432209167648,132.99099864193255,209.09767189388273,8.326449889141848,37.45699716702012,0.4273350112615393,1923.7556279855507,79.9983278407637,65.20168056384392,126.6647118251936,1.2460867972364609,207.7194451230931,1812.1280051076603,0.06291382705940436
25.683566774485705,74.18875038208958,107.88911081239623,7.512335272006334,25.48695979014884,0.12586572088621373,623.7500034316578,66.50774310206374,24.68476766552442,72.87033555826069,0.2596877683299355,107.60188472577637,587.4970475015024,0.0
81.35682949852364,38.59250023093709,92.57708256410851,7.464718586290903,28.831421296351547,0.45310824791423004,2164.8921224980004,92.76696985512439,76.82844011950667,32.6150262506347,1.1773812385444127,91.2748471612569,2039.1799233265187,0.032511079143261554
88.5659941138207,58.20048926564911,266.02765262874345,7.184789682323779,26.390475085637046,0.21948357520841916,4239.93487901524,83.15819400655127,85.62737356830073,54.321510145562726,0.764041341835196,265.1825893204388,3993.094351125537,0.015963263005419833
114.74161012591739,158.46762962453695,142.18396545965834,7.152138555676152,30.055709538273895,0.29455214133846863,3282.4848595390336,80.11862869216499,110.12803769216785,152.37771401198765,1.199528832774866,140.85723384406728,3091.6349993136882,0.06359376138758736
81.2896257132823,77.12546071923876,121.24484665661723,8.336953554378718,35.751553181144,0.33663930488195704,3025.1474763597766,25.074981043171878,71.81933796353069,64.62468088956673,2.462274814935411,118.52146247943864,2849.8172058522937,0.1022320018477026
73.51394564978133,153.15220322487122,241.87636696052837,7.9063523591184355,38.53019444040683,0.04880740862559829,1476.932323165666,21.593916502971588,54.78180331741911,128.42577534615313,4.870357006414179,236.48953802980765,1392.840181298524,0.1405986712431795
57.24985242165941,143.07900109345405,87.58372107532257,7.743009484373467,32.56303521228893,0.10656803788191715,4209.606003214723,49.81194756439051,7.2673846524432815,77.10214363808878,12.995441619996189,73.21019141540368,3969.558412030909,0.0
25.456202940648403,95.62578614766602,247.68995007375798,7.53581343600409,31.651369032321988,0.10199318171832433,1628.6385753301342,69.1975631355715,11.246951338831396,76.86957403326757,3.6944054164724225,243.60377529169267,1535.2198002174537,0.0
72.00004692256576,98.03093544506258,205.35202944649555,7.995917961165434,39.04547270652592,0.04696486163099861,2815.6203856969746,88.49191734721897,41.551139894398815,57.83837816788221,7.916715827323411,196.59579375396697,2654.7450589614623,0.49020151119387106
26.937956062686368,55.114215171031915,201.7494902994172,7.989754952670359,38.94454452263699,0.22319357825266933,4030.5049965969483,42.77397576100219,2.0604422497845185,22.275896938001477,6.46815359135448,194.5954281129356,3798.2149243603385,0.0
103.75312539223373,100.79637321998344,103.42908589296843,7.2376512682926295,29.355502115065498,0.24854121562974352,4956.493305042452,90.57911134012986,94.62597889455489,88.74853984304737,2.373058089396494,100.8043793358502,4668.544278531317,0.062435699794070466
97.08684851481118,139.148270980429,291.1706333486103,8.03691758291948,28.702617327972813,0.047974007370179095,1390.71355958933,39.71881591693537,88.13951712231,127.33779354232745,2.326306162050314,288.5976364781668,1310.601923238418,0.277351122736229
92.93472419242697,155.6062992302165,97.44920045195111,8.277439489576748,38.599413140470254,0.4282088951538947,1278.5884758170794,83.60283676657264,89.69645260908004,151.3317807401986,0.8419506116702115,96.51796606662577,1204.4029036667944,0.08703069395017687
76.95361112199534,82.33793143858303,152.13961358633048,7.174071822241662,30.676663584032433,0.3866620128613292,1039.2477263539417,89.24246454990639,75.45357536005923,80.35788423282737,0.39000929810338164,151.7082461593623,978.8281087711865,0.05446526575054422
22.446958400496648,45.64638070501736,97.35875237622957,8.084444344718476,28.219287297263904,0.27870908627661645,2766.5983923066565,74.19458860869658,15.147102234319783,36.010570565663876,1.897962603205986,95.25952231015614,2606.1075540325805,0.02731635595291602
83.01766094053649,138.30788274614582,102.59324969740852,7.9897956984310365,37.98183476281018,0.010458014521428138,2878.5640677645333,47.27723527426633,40.16918360455996,81.74789266265684,11.140604107353898,90.27125185779126,2715.3443156226376,0.3385367577304684
24.173879672946256,45.02947802600752,293.79308946428444,8.407750446654282,31.572663045074876,0.12920025391978973,1156.9285067275125,79.30036098722131,20.582489887854884,40.288843509686885,0.9337613441237586,292.76030837322895,1089.8724605401487,0.07872147093700767
38.36063392825051,98.66977850076975,263.8673458496058,7.440258212740445,32.41724930990907,0.02447001047860864,3069.5574236993243,92.2569815603889,5.627842714817187,55.4624940990378,8.510525715492658,254.45433031922852,2894.1228167479208,0.0
71.76789776093025,111.50998025085504,107.51930764804472,7.424893151768784,32.92120532796331,0.06175177299464113,1666.0077927515963,74.62121346151098,56.017564781335096,90.71954071778941,4.095086574694743,102.98996189262687,1570.5754872271518,0.34997530471840815
113.32310804372698,26.03354517244633,282.4186889441977,8.388468120577357,35.939542430634866,0.3971535695574279,958.0109588008097,69.20044066163032,111.1134424191127,23.1167865479555,0.574513062399708,281.7832522438623,902.4026106068292,0.015913738522573898
116.64784673513874,92.35671295486891,184.1111139908443,8.444329554621817,37.12411513480181,0.48869057427102186,1983.6917502650442,77.11420988009564,113.62870733995494,88.3714489532263,0.7849762427477818,183.24289576191507,1868.3808539210333,0.04274475673734319
31.34516458849646,141.99222305240144,299.4709006869641,8.260554587013354,33.378434882753474,0.4181598942950556,4598.647695566213,48.417462613477326,16.30231723189299,122.13566454168483,3.9111403127169018,295.14500758284373,4332.19012956613,0.0
102.91109686651586,77.32814055195885,114.9543829831002,7.318320794848793,36.959345003856754,0.042087277001486456,4072.48700285057,84.79580615736364,71.38348602200419,35.711694237203425,8.19717881957304,105.88794289309993,3838.4615716745934,0.14366041194369414
107.00951658256211,51.62089526768068,124.83534983142422,8.475748447766549,31.529869682329903,0.1905840791158464,4459.722545947258,92.84038947243171,98.01917220068708,39.7536406836056,2.3374895392875144,122.24998365417932,4200.716677902835,0.02987897758847594
109.54375631678381,114.37167682970373,280.0489311020418,8.10640928883739,32.62973821640203,0.0458497904057924,3359.515057581834,74.22055207868193,71.34255273199757,63.94608809778584,9.932312932044429,269.06335641401677,3167.7632521144583,0.3711146060180309
49.369329691067634,39.33958764275599,156.7376119552005,7.622018025802565,37.18939514110177,0.11260230601369753,1630.9606799900453,98.14200125247135,31.714670768064014,16.035437864391223,4.590211319980937,151.66063646777104,1537.774616831825,0.20735511057745326
111.09483370309013,104.74107348180054,247.203861258021,8.044806414214992,30.762908684845105,0.39698052151720464,4427.866269975305,87.14143471714418,93.06849738520692,80.9463095421947,4.686847442649633,242.02000197117826,4171.682742092103,0.12823747780639316
76.86919370674022,51.22108229462348,235.55655959508962,8.281398396831046,25.15174986251339,0.4691782923839545,1690.8189468262408,40.64620809598555,76.13494765427974,50.251877505375624,0.1909039736397276,235.3454114088606,1592.3360952516305,0.010415353227567398
52.670328428339644,107.1718065499163,189.0054171404562,8.018064119862371,26.472201078915035,0.2375873108717384,2473.1877156174955,21.406758156514645,47.9173306067725,100.89784942544765,1.2357794336074595,187.63859076691125,2329.528335336657,0.037414508175926176
44.82168678013764,131.23847055942946,186.1223052020772,7.125657950904134,30.373105608870553,0.40229012136451225,4998.8443714871855,93.2779320084623,39.37075588797723,124.04324178177771,1.417242031961704,184.55477321837438,4708.033859813757,0.0
117.47945963805113,38.14021934720417,98.45458415338865,7.0574452304369855,34.04511926225612,0.29692547249717266,3532.5584801305836,31.81778051773028,112.29387125985333,31.29524268798311,1.3482529783314228,96.96335709548694,3327.192421700143,0.014977958328972623
99.3414379022961,107.20054749255549,245.67852022748863,8.145579314218523,37.95643557365507,0.21440442402366822,1239.6254473903855,85.67691710503895,92.08143375929548,97.61734202379472,1.8876010771801535,243.59075046465148,1168.1407776711123,0.22421170317295
30.19348456292444,74.29679813397976,86.86386292305475,7.312840171613365,30.498234738606183,0.3736516431583155,3841.3790525551935,63.03668797911543,21.412233081422052,62.7055461783966,2.28312538519062,84.33862588987415,3618.395332467516,0.0
110.43994472021764,52.07575392635368,202.09372094581573,7.249718601766059,39.679392848208494,0.24182640867741556,781.1119209166159,34.27889642222446,108.58878886209955,49.63222819363778,0.4813005231107095,201.5613814111884,735.7770799087758,0.02892176143784507
71.57866506431753,47.88805780746762,82.65434843207882,7.219838560408823,38.56421153291818,0.45853162139170595,954.2301523754494,74.1938357164061,69.94333096093585,45.729416791003786,0.42518686687924057,82.18407306777775,898.7808376466737,0.03665799679635634
105.92093943327198,63.07118764132323,229.1120844540103,8.189225115636471,39.96059719918053,0.46784244145936177,3532.6182893034234,23.443269073218325,97.49624722871516,51.950593931308184,2.190419973184777,226.6893836814713,3327.594799262812,0.046219448439236366
81.3798342670748,84.89987247959796,267.5640529906865,7.468776090694071,27.890537151136904,0.4986264574166817,3151.3175587176524,97.85709725551325,76.50136038421192,78.46028695421896,1.2684032095443465,266.16114328694323,2968.142008578539,0.05748183915597127
39.762979596327625,45.68353045880731,162.97520127022102,7.741167260640226,31.227492316490622,0.4181922539135346,2557.028124919214,51.373381643895215,27.074833534660666,28.935177657406904,3.2989179760334104,159.32645298134457,2409.329207433308,0.1956111227648298
118.66463572303215,149.35388109410934,124.889935852804,8.352568398917738,31.983272025430008,0.13268129028865816,2924.0344347677174,61.9917471955395,106.79408105244977,133.68474892894056,3.086344214351425,121.4763034882494,2754.8546928733317,0.1830681018466512
59.16787601417714,97.62145645688437,260.81105775457,7.190879889452213,29.510589636552012,0.15364365113000544,1510.5023501121796,37.74186818353314,56.10159367227373,93.57396376557185,0.7972334088948889,259.9292825611056,1422.7796682268918,0.07154415296722123
58.58258205682306,70.39683435702801,110.01381603087592,7.711932355056501,39.72959234806184,0.07743821764188047,2891.5606681066374,63.278728585888935,31.57088001709535,34.741387664587435,7.023042530329203,102.24602228716563,2725.8913403170964,0.3770000219444279
50.331558550437606,62.91444586617059,154.5646613073436,7.853378979401374,34.58739923236074,0.3153172903726294,942.3905827579829,34.766947705206086,42.816357713371644,52.99438076124351,1.953952217637152,152.40350426662735,888.2595974023345,0.319417418426267
38.11616173360372,65.765414983411,185.58047124089686,7.440609198054666,36.43470758102598,0.44764614003455633,2984.48141244406,22.970624977000547,25.891573166843123,49.628958075286974,3.1783930273577563,182.06502884305553,2811.8158672947357,0.10978511600196364
91.43565190198657,108.85958661528844,156.5324338148526,8.022137482708153,30.93449213045246,0.18846994213592194,3556.0179391633087,22.401882149230133,67.80474552921333,77.66679020322778,6.144035656921033,149.7368603107965,3351.254988330234,0.27559885534110506
99.23599899794658,96.58468419613084,165.8833230395242,8.161446050861905,27.558456903725585,0.49965336745949435,4018.447092448302,58.39568461611276,93.9436595022895,89.59879606186357,1.3760082688708368,164.36139741027313,3784.769003924191,0.04539535469519066
67.94173207240821,44.010678145757026,131.87065962976027,7.092318810474588,29.29720262083477,0.17250291934444778,3657.2234075946512,24.88910457675989,63.48879611328484,38.13280267971417,1.1577633493720785,130.59012247465805,3444.5121041895736,0.026725999850343823
35.5639316109263,140.00283577330748,221.6228500095672,7.895415716832706,38.698985853078234,0.052370007481050085,1244.6989023487452,55.12720528856662,20.430244902543485,120.02636931824217,3.934758544179533,217.27083410328518,1173.7596167179538,0.0
33.137572130154396,131.38181467766594,96.94492113674977,7.154766032344997,39.05312918347868,0.1700172500483778,2602.9560965824453,42.34534380673627,27.40861035498952,123.8195851344483,1.4895300615428662,95.29743541483451,2451.836513779342,0.0
68.58357107855241,98.67397827134334,230.6041035750989,7.1436271806160585,37.898083279829535,0.08239583957831687,3194.172551372145,47.236310617088016,58.173352124229595,84.9324892516372,2.7066569281239388,227.61042203866293,3009.089881440061,0.13935577196056534
105.96903333926626,138.80822428434914,158.94180507480328,7.909821745861863,39.14568939618024,0.21649548344605696,4091.7432956804287,77.07251216303621,77.78877371429115,101.61028157938192,7.32686750249353,150.83796755693538,3856.2378593292856,0.3245404091599382
101.6260230040076,137.19020990361386,155.99379280155688,7.994106338810871,34.078610685333565,0.08852241195778593,1469.2205097447272,73.62204220050576,82.92253118891632,112.50160070769341,4.8629078719237295,150.615202941017,1385.5748544870567,0.5890929670467494
71.60760118281134,117.24237585276074,173.95936206354634,7.360667915909155,36.27025495326979,0.2950300138279312,4220.928252960664,97.2675143948806,52.698799814612684,92.28275804673844,4.916288355731652,168.52173104152004,3976.901831231431,0.14491122514869353
73.74322653810844,153.44933556266912,83.81845838403099,7.435626743630729,34.00052691472693,0.361728494875702,2274.917752485183,80.5328262086756,62.74445583386383,138.93095823306624,2.8596803831035995,80.65552618008181,2143.4832084714963,0.07522271101554005
51.9100311991718,110.53411963912178,279.4526745676407,8.31534970443548,36.491307800929874,0.1447155402774673,3345.9727353773137,85.76161954089272,35.02324803036094,88.24356585629145,4.390563623890819,274.59651820780994,3152.733220945744,0.025449144123085535
58.32924529659909,85.23502572133205,211.74593938293472,7.248642193827036,38.32539289340424,0.10310831843279422,3745.3674298151122,29.480585080002378,42.3531540843275,64.14658532113353,4.153783715190613,207.1516720100343,3528.749092715011,0.17476615107603793
31.585618619243853,28.85654970677611,136.57186431887902,7.005116709526399,35.6455843719941,0.3907416784944001,4157.583435550935,98.80920007631556,27.62126616152814,23.62360446259137,1.0307316390060866,135.43182981925312,3915.6529163217915,0.03027708645934011
71.09829295608856,103.87523321879038,88.19158977293438,7.362192776657287,27.49406251051143,0.2694871454460229,2107.0167338006054,84.81914749926722,67.75131268299148,99.45721925830222,0.8702148710052453,87.22909387439945,1984.5519968866352,0.06735437716371673
105.55276959397386,88.89801917169062,143.12448822367978,8.177927636560172,39.16490930521613,0.2884852335054859,1275.936773028372,60.460348629452184,100.59557798462103,82.35452624734484,1.288869818431736,141.69894155087582,1202.0894171182952,0.11498028214456045
29.86526778240524,122.77762228872034,188.8027330540167,8.134898139106319,25.15381628785737,0.008942296942389294,1740.4318813879743,47.29331858273283,26.363822977467592,118.15571514620268,0.9103756492837883,187.79581756939683,1639.3526247810962,0.0
20.49827266863156,68.61366232224812,178.34082637345824,7.939780272422874,29.506533281633963,0.013345528429451081,845.5018119801566,92.16641173159162,12.176117405557163,57.628417374989915,2.1637603683993434,175.9476122956627,797.1048226834441,0.0
111.0495528800437,97.32616797504014,184.0481330873319,7.919962737208126,28.544769410814464,0.35391400751901797,4794.393509645695,21.64742900693234,95.9616539927716,77.41014144384093,3.9228537106907546,179.7092844501778,4516.530430030176,0.09196823848608578
95.10670565755534,111.2431683555503,185.8229857990204,8.303011249075471,27.47309780189043,0.39439998190015074,680.6743884701798,67.99461778321147,94.40449663309909,110.316252443268,0.18257434635863373,185.62105054670167,641.0715073649367,0.02789072819080167
88.57990966789708,82.19718986873048,192.4703356121529,7.603328578683577,36.38160537814619,0.2828368590352172,4408.708827324103,50.90786292532432,56.054600479048695,39.263781739450614,8.456580389100578,183.11698598398834,4155.190918670907,0.19052524646223296
22.132678378171438,132.1678635838976,284.72273317226734,7.465646571209687,37.52404639876668,0.0857394297240161,1544.548431297212,68.79175548449349,8.431769999893085,114.08266452457016,3.562236178352372,280.78274337719955,1455.9770754050037,0.0
32.27278089182595,66.34802354843542,178.38655518069328,7.064707170535132,31.23137507023887,0.033638459188523206,4287.606518643108,79.03019099045096,21.747027227825317,52.45402871195459,2.736695952640166,175.35964916274565,4038.797648736043,0.02205598617103088
86.76505972962823,48.16268482617077,255.3160219429917,7.993780873598464,35.7621474303821,0.41671741703003534,2542.8092253282575,52.304696649113815,71.69179002553462,28.26596881676717,3.9190501230643435,250.98138024094303,2396.1939909843813,0.08649023798559763
73.68414841120651,29.35228652449456,87.36801397463728,7.698660518825294,29.78902919087194,0.09959775023443435,4312.89160754112,55.75316069312983,51.44756771083185,0.0,5.781510982097412,80.97340869608668,4063.8365308087514,0.0
82.00762854744748,152.6892401457377,148.84301804654442,7.280754056958258,27.620159769272703,0.41794522386551947,4407.675759596834,99.87465145962906,77.6678545349847,146.96073844928677,1.1283412432403224,147.5950230341033,4151.206967452318,0.026603710938019415
114.48252049863089,68.12960093926426,80.54715155578549,8.282722968616714,25.18903716908942,0.38243656888228283,1022.4592091968345,98.26265758127762,113.96453452514469,67.44585945426242,0.13467635310642087,80.39819358941011,962.913309783105,0.010441160400147465
65.99747986912297,71.78777725671833,173.64336492514317,8.323031761891418,31.99847290850426,0.3621305033487313,3290.437769255797,29.466405418271016,57.31820504777944,60.33113449254488,2.2566114535493207,171.1474534658054,3099.558674207128,0.10089788975286908
65.85170459467258,59.17558103694309,234.0125218005773,8.068808003047524,39.12821512726756,0.2977804444188877,4265.506968165187,72.74726941945235,45.64205029023614,32.498837355087005,5.254510119153471,228.20080264131585,4019.0208721100407,0.12445449901437652
48.69782258930871,37.05265959792669,127.5493622464507,7.927354357490623,31.477497970259115,0.22558867647284353,3407.6838590737207,25.494081070678114,24.57346865239538,5.208512401201101,6.272332023597465,120.61188732144976,3211.619586821988,0.0645201270156013
95.26762129994866,32.68659087139491,143.7078812527223,7.2362107070415655,30.61479151016795,0.130025313902368,2797.7739345026257,39.17110968771283,86.42127448654847,21.00941307770666,2.3000501714840493,141.16392466195447,2635.631042682061,0.02854722076894143
25.308097542727253,55.24068294565634,123.80553109338831,7.009711054776278,28.55039197960345,0.27310787346112014,2697.4878720178494,68.55107409999233,23.857124499492162,53.32539852858602,0.3772529912411245,123.3882727025266,2540.4008007941266,0.008048628735686904
75.44760720409074,30.153206680771767,232.43750558146124,8.182572025618231,26.20685461376223,0.39171585164211464,1015.5201161467917,53.093001435477746,74.48930465891858,28.888247321144462,0.24915866174477017,232.16192514954244,956.4257522760265,0.012818302920330696
86.79216207396955,30.024631392154802,162.15118583086826,7.411924490508073,26.64567080168813,0.11450542142962294,4496.680883597418,97.77229036900208,77.66586535788456,17.977919726922558,2.3728371461821083,159.526723646657,4235.535124316861,0.01755248553641975
100.92636845100742,76.71847151484874,298.4343152301842,8.447609507979372,30.728181096082572,0.46619394165301653,2103.299450929988,95.25212646443887,98.44961146603274,73.44915229468211,0.643956816093427,297.72207068579075,1980.958430589871,0.03178347948061566
115.3871450862789,25.232775011150746,101.20051164422816,8.098317733907624,34.18755084908757,0.20243216236380668,887.5384070379955,53.589032533501175,108.59343295989636,16.26507500432579,1.7663651528594602,99.2468341427413,836.5277595742473,0.035805678584646325
109.35801266240811,105.6850653456956,267.4228186790484,8.304639246901464,34.59872141440799,0.0852688473298483,796.2921642331643,27.691474166931087,104.08428741150153,98.72374801449895,1.3711685652357088,265.906245974752,750.4380924974128,0.17014331626759222
54.20248628943663,91.44302858553084,208.92340409245352,8.427397858061438,36.45056614275101,0.26395333471036414,4804.999519568653,94.94352421757414,42.096422908613754,75.46302492284464,3.147576479013945,205.4420461516541,4526.199615517026,0.07794466170045361
115.83768821685463,143.86557132185607,286.69197771143286,7.70808294605576,35.357074601548476,0.027391840525280042,1174.8227706869334,79.46716957815468,94.7209244647764,115.99144316911281,5.490358575540343,280.6193997924423,1108.5959952988273,0.7931034812637815
73.47517881226699,123.30198133621863,290.9671534567564,7.690638651924917,39.11985961949319,0.07060149031890772,3827.7297214785094,85.77383331601331,32.9236319351038,69.77393945836324,10.543402188062432,279.3056871905093,3608.935713867116,0.2117301814511587
28.77147929775338,76.73685737302577,212.902530713008,8.4366179549605,39.749691734709586,0.28626206736563403,4915.093639424975,23.503824682167405,21.283019478693532,66.85209041186675,1.9469995529555604,210.74906362504126,4629.3827900949145,0.0
56.98603135943811,86.89884910373112,112.80527732931242,8.12110308374222,30.087399186873963,0.15442163522793872,4077.3417795474875,93.45949429666204,35.55604454764352,58.6112665121623,5.571796571066588,106.64262540757777,3841.95461143999,0.19073978420248627
67.86492968642023,26.57647734810784,236.50388466141197,7.897830048773935,31.480160575060804,0.045161683693958954,2613.4659513431393,69.43652628070359,47.73123472573248,0.0,5.234760689778817,230.7140092391456,2463.2476005347635,0.0
51.937452282245836,142.87065999104686,278.9219963333843,7.048779108924706,26.16590922338926,0.3288031637339514,1243.444093158544,24.0664623443623,51.583293007828054,142.40316974881546,0.09208141134862667,278.820150244898,1170.9990300171964,0.0
42.759573938528646,57.979568167614055,91.35445816332147,7.422405728187778,32.171856264650216,0.3181572396453933,2492.35289627404,63.9047702170254,31.88211226578123,43.62131875958747,2.8281400349143277,88.22641097085855,2348.230622539377,0.20305571284992063
41.29377763981485,46.37915170172704,187.48384040985164,7.808737208517629,29.31957368889659,0.0480020288571133,1106.8641326955767,81.79528845523343,31.62344831714036,33.61431699579673,2.514285623895365,184.7029299917739,1043.37586948641,0.34132437181815145
83.27673963715966,136.67549054509593,211.18955912562956,7.124643504463274,25.178372388201353,0.02574641434657493,3285.2830581043227,97.3200741060281,81.14297412489299,133.85892006890387,0.5547790331893292,210.57594912903056,3094.0051510334542,0.023219150352617717
117.24115018516724,26.377335851775207,125.51158367144063,8.43811667260048,27.205348538161267,0.23101100724776702,2499.9396771893144,53.257457830563425,115.24600101913951,23.743738952618607,0.5187387831672094,124.93783577555294,2354.4262313401086,0.0060373711252105005
105.25248028919913,97.20445375967593,257.30611359710963,7.920230817804445,31.253037125749117,0.2775856349806559,2004.4094355291616,91.63199903774202,92.54091572156369,80.42518853039714,3.305006787585213,253.65063081501683,1888.9263629331608,0.19947709114728013
60.41477462213672,138.66121850958436,141.49446277101367,8.29969789104444,30.616607929614766,0.48029979415033547,3577.50167649242,80.34429241908866,53.54328667148852,129.59085441472868,1.7865868671685314,139.51841916463445,3369.695906953529,0.015585210994562022
34.9459621983905,100.83847139498602,212.0110331017572,7.048874271433056,34.819194029040965,0.4568037748058322,4738.774895857708,39.15835626710414,29.809026891970127,94.05771679051118,1.335603179669295,210.53379727721088,4463.090817236006,0.0
78.53584990091687,124.60882046972007,120.89847304343249,7.4520691094444835,31.97950686155303,0.11773663117874766,1240.264941827168,69.67383701190656,69.18959779579988,112.27176769096559,2.4300255473304246,118.2107579737753,1168.9658809989285,0.2772524038153377
84.36877649268186,90.31910210357132,112.7334470201719,7.55640209052779,37.288724205388256,0.09810659236333802,1359.2525106559108,88.7802823671246,70.08084540158282,71.45903306332056,3.714862083685756,108.62464626497439,1281.5453647175154,0.3884599764388734
30.159606288382594,85.63194993170632,194.19982545965087,7.022360738731276,25.273872558999138,0.4119945005064822,4599.828311292683,48.07043505115507,29.44976054298257,84.69495354777827,0.1845598938040067,193.9956941045808,4331.770744970696,0.0
62.96540388598823,144.26023483430475,112.99533010249463,7.2753883238747825,29.620766669835735,0.21381292152003933,4595.236830383194,43.072790760363915,51.93300689460013,129.69747080567248,2.868423217760902,109.822727939114,4328.54972757685,0.013083561705016494
118.17169724768698,82.55192399480694,299.94141276989603,7.934631904400357,36.07134916002932,0.4097685966431988,3760.1689658159503,59.51698294785793,94.3147143907452,51.06070662364377,6.202815542804868,293.0808261283212,3543.529774065402,0.12567881563083239
83.08658935724328,89.36876997701152,90.52186448468022,7.455453333959228,35.08682636307516,0.2664631867100574,840.484099220409,75.33210783951738,77.87727112013228,82.492469904025,1.3544227416488646,89.02381339735099,792.047107168739,0.18812468311138839
100.88705549319387,120.33056718328302,273.55346325439905,8.024629497533047,36.51964784436431,0.17519142083875838,1993.4477249438307,73.32991647086544,82.69112348110488,96.31193692732559,4.730942323143126,268.32083309149425,1879.1895608103732,0.38396734222278406
46.15955894689345,82.30992375729733,274.451419834056,7.6100005345392665,25.15580801439605,0.24861823225057839,4661.293982321748,99.79874438238076,40.59393969414659,74.96330634367145,1.447061005714184,272.85090675465904,4390.17222540498,0.03456060563538727
89.11468916889868,52.68581829650135,183.3881878825306,7.169978040792434,26.768204827251765,0.21065281768643868,1540.0220515258052,81.08131388806476,87.94654991813786,51.14387448549708,0.303716205197815,183.052264409419,1450.3758151274346,0.016014648971510614
64.26691321782467,36.41164551408251,291.38607589064793,7.656328740538068,25.70313245614131,0.36288149231286876,2644.833082050246,72.59546794945396,61.02478226967894,32.13203266253016,0.8429540465178905,290.45373166227404,2491.0067251464056,0.023650571018125274
106.20060570878731,89.98391915084255,104.13169363008481,7.044045165544543,37.41623435698812,0.0029482535254283238,3565.8558862780505,50.570540478386675,95.20792222518601,75.4735769524889,2.858097705736329,100.97051193687203,3359.1692651453704,0.08850697621762761
42.27473768431712,137.83820079489846,98.34777888426416,7.778777902404525,27.3974995842993,0.013637706939119532,780.3712015098104,26.891721822394892,37.48379661669983,131.51415858564366,1.2456446775804915,96.97004111724793,735.393613212018,0.0
58.40685434831636,126.28859957304292,192.3734451029873,7.0062714553549625,35.24599288230284,0.09666308286091113,2792.63666987263,40.73375519446859,52.912608556254995,119.03619512752186,1.4285039059359548,190.79345699164165,2630.4351488173374,0.02802329407025584
105.32915261633305,67.77099959465357,197.9836146636738,7.235702911084701,29.11141021751569,0.1668746181010491,713.8364278898803,51.29890071392452,103.82332542421743,65.78330770106096,0.3915150699500573,197.55058178685545,672.3863194872182,0.03252714540774293
67.90751477847778,148.96448397031992,159.2692802052962,7.301275138927581,26.666788648180216,0.4791488875512936,790.407112558755,89.23470235777346,67.34799123060732,148.22591288713087,0.14547612244632102,159.10837721931577,744.3924423934029,0.008362988305357819
113.34691142581013,48.98074186319744,185.12565646535762,7.488289727399711,35.322104259842845,0.32295653471557817,4362.889239962062,62.684214508613245,87.84636417177464,15.320019487870558,6.630142286049236,177.7924276621614,4111.291631327115,0.039464183282524413
23.025877486219088,36.48683499611241,121.30840173238093,7.943802226180731,36.22532494215553,0.192493393757161,4418.799591922649,35.19429908811781,0.0,6.0926767143032095,5.986728146416963,114.68681724955822,4163.646350866503,0.0
84.77024322413504,60.2435144567747,137.5899675628483,7.774893508876698,33.14835519763188,0.21723213057904672,2905.5227612221056,33.015296032427415,57.77145258165507,24.60511080870115,7.01968556704479,129.82588676808948,2739.0381781624683,0.1486048040265457
28.023339201295588,65.16046276503616,98.86287108504057,7.105056278118235,39.30139436292936,0.18327928171120778,3492.8418919160367,94.21891479741565,22.284977369770512,57.585825147423066,1.4919740761965192,97.21268217548915,3289.8500428483076,0.0040057605008474535
102.65906196117979,27.015346610766624,130.525345744675,7.414000145157835,34.79438264841889,0.17973684834579323,4082.15765638916,86.02440181553166,82.19289028635654,0.0,5.321204635454031,124.63985951875796,3846.3699225929854,0.0
20.483448877016247,148.01199309552874,296.75602061411803,8.10041410245427,32.11701793872901,0.4444445498885201,4052.444120500332,79.43875074452157,4.273554867730496,126.61493300327153,4.214572442414296,292.09451823687635,3817.9500993909373,0.0
21.352244819068382,48.957247584055295,272.59077393424263,8.112513255271391,28.30244160689513,0.13461529419989865,4703.433385944267,39.40476153183966,4.443005305195233,26.63705142574275,4.396402273607017,267.72815977118154,4431.066513178503,0.0
33.55287279275499,143.7980552544248,144.59305699022207,8.26478775390304,32.23227190701391,0.27638161616086127,3208.9607671396484,36.317137556160446,21.34680745300544,127.6860490059554,3.1735769883348826,141.08294134323407,3023.207880884988,0.0
104.72022013472049,40.89557089948253,162.35313329578457,8.27349438380753,39.19003566292524,0.005073349648684611,1250.9452288388968,56.04591540292901,95.85473125433855,29.193125577378332,2.305027108899311,159.803671993469,1178.9722105623296,0.07938508161729504
55.99574196270687,42.08575716842864,209.3238453384455,7.067697894867386,35.50724646182552,0.432010645586769,1449.4008640546056,91.90268874738217,54.22331757722753,39.746156979595874,0.4608303402246342,208.81414672587835,1365.101681272388,0.03274676708795681
29.055304719614874,159.75997409724798,193.1463134986643,8.2427797824597,25.71476088911753,0.30050321443428835,938.0601416876437,87.36155378138244,28.30308226952454,158.76704046312878,0.19557783702348633,192.92999581408833,883.4590615058037,0.0
83.25091470961158,27.544185010211546,277.32154978966787,7.881381400357312,26.65784805848848,0.025335449807091737,643.048755794206,33.79633275277734,80.37782411858434,23.751705430055573,0.7470035536670865,276.49533102399107,605.871075650194,0.029433879253049536
109.18136569066384,158.04979012971023,206.0938233248531,8.178409122456417,25.723363674553035,0.2711723981637293,592.437337323927,37.2407519681241,108.57655727958554,157.25144302708685,0.15725018688035947,205.91989770606727,557.9675685186293,0.024448365585119213
76.97787314937807,81.55418243054373,147.4119958324187,8.317936254122786,36.980718184506344,0.05745599756920322,1652.8638996817308,41.67680906696234,66.23997314413992,67.38015442362935,2.791854001361914,144.32408258805526,1557.6622735696803,0.23971220048923209
51.01853829247726,104.1556084747604,117.33986339751598,7.475051886912368,34.04834006806833,0.16939083658276638,2363.9959977430753,43.773681341983284,32.18726508245289,79.29832783752825,4.896131034606338,111.9245272586904,2228.205643840018,0.05720549985296941
61.336382830069915,131.7342962663377,248.90613018445006,7.060175420501906,32.804300004845004,0.4210840343618407,1994.0163660410017,40.18423063725473,59.128633094367956,128.8200666152111,0.5740149312825097,248.2712444390261,1878.0169405385427,0.018518664186213743
21.44060932571417,61.289129719485416,143.89457342626096,7.74639435440453,28.0545890644198,0.24366473358276902,1214.4529297756428,64.4588781883514,17.203929560018857,55.69671242876759,1.1015367390807833,142.6762253736403,1144.1126029495238,0.0
90.80549159936254,154.4032373155241,141.97321218091878,8.379448633733459,25.978487604988786,0.3918183757581826,3754.268651612415,31.388521874295414,88.97223622213791,151.98334021758762,0.47664639807840503,141.44602031315407,3535.6205093058084,0.016409560185046686
108.34786578482026,159.15713764898265,218.71333577858024,8.3987040323903,35.04744970999865,0.24481735922772935,2471.769705361863,61.980285128003665,100.72292006226245,149.09220929520635,1.9824858878650298,216.52061924436475,2328.4998148345903,0.1289150461362606
70.96332868328645,135.33654005920593,216.01672550288714,8.106162842685313,38.188323732693036,0.12186900471616813,3670.1109024164084,66.78318274552345,41.907970534236085,96.98346730245945,7.554393118753095,207.66123465231027,3459.276726136158,0.09960867690007721
96.1314306029015,58.98550531093166,189.03151293549172,7.078606788367715,36.64685364059966,0.08227681889956762,4040.567120660244,85.99055529098534,84.99576675464853,44.28642903123775,2.895272600545771,185.82921417455842,3806.2238747727265,0.05243406882099828
80.52906135252059,61.229935923408156,217.11311912453837,7.79110182176411,34.109636944568386,0.12164556929481113,1137.6938810821252,71.70625778926012,66.00454850216305,42.057578960936176,3.776373341092965,212.9362842148569,1072.9271004131083,0.29759733189369675
59.69196155344636,158.10458233747107,93.25587292906616,7.714326737315838,34.599412309138586,0.28574364079391773,3592.792701568195,82.97371444488502,29.58761557878388,118.36684565091656,7.827129953412249,84.59872315092396,3386.5775841173777,0.0
103.10766785552836,102.65673788948872,158.93993838332608,7.571759001445132,36.493355286860854,0.0770802741090591,3169.92444188791,49.61999964959173,64.16170361204377,51.2480650880891,10.12595070330599,147.74019180873546,2989.303793320123,0.35941002792534027
100.29267396758772,45.82568389061524,252.26379770664153,7.2997859510715415,27.873866607427168,0.2972610550727974,1730.9611370874743,29.735912127265898,97.88658512389839,42.64964661694529,0.6255830993592285,251.571875300592,1630.3169283160075,0.022034128597784097
33.12807846072226,76.28960816189809,98.9234025781694,7.149053577018131,25.436714144605137,0.3666234362592298,2882.2414644501414,77.59859697487587,32.226833205025365,75.0999644243782,0.23432376648119063,98.66423019249544,2714.3259981061183,0.0035469019699340704
70.33714398825933,57.99888706428882,130.24852397855355,7.421533966575302,35.10249472946642,0.31682811572976294,3957.076617371795,60.59337107045665,49.994226844426755,31.146236434429845,5.289158457396468,124.3984822341914,3728.583794787757,0.11839881662473008
117.7851557642102,101.64047177374138,204.87358810942266,7.914757624237719,29.705554191557656,0.07336665081870591,995.8757732842223,57.60868930394926,109.40101870878988,90.57341086058656,2.1798756344092842,202.46254983905675,938.7198702791451,0.2363283326225681
50.89623903646951,73.25726180776408,151.10616950181208,7.5337118188213985,37.32714460723044,0.22887525064773184,993.1853875451011,85.82836519950338,43.95885880251706,64.09991989894684,1.8037188608276382,149.11117715739118,936.0317395036976,0.2811573482930007
108.12805523511636,73.36509382590546,128.600836429937,8.07981785038764,31.560043528464433,0.07659914397971146,4930.886588811191,59.111694358549144,62.3151249152139,12.892025803634215,11.911361883174642,115.42634661079937,4648.349027339732,0.07861394646942073
96.71075851370146,80.89409484504806,187.66880889174695,8.114072915319916,30.069634679258314,0.361612569024814,2286.0404414938926,99.28624370172999,89.0046490211826,70.72203031492316,2.0035884680548977,185.45275197625548,2153.60575800975,0.09703941654324721
52.10746890048114,112.72251120975226,205.3482116003098,7.7472515894399745,38.51785908546296,0.0593441418664023,646.6255572279965,69.0171246607747,44.04249563194856,102.07674649528926,2.096893049818473,203.02895571608755,609.7940620157514,0.09049423157149199
79.1707958927542,69.54436684650345,271.7425746691459,8.291622649511233,37.24302473565963,0.1295198828750903,4213.172483266637,33.075397637641366,56.513051007485,39.636143597948134,5.891013670169983,265.22685460428215,3969.9986323730814,0.1385672262234612
36.608090662362855,144.52818248944834,271.30562442061597,7.380499258180105,38.80509921158089,0.17947077944626494,2651.4112721394667,91.0587700256405,24.065767928978346,127.97231648138082,3.2610039106799675,267.6988107545727,2498.195019204518,0.0
27.915658116639634,70.51898415938504,267.73550366935956,8.20980798310398,32.84159485099744,0.3543767856708184,4162.209886222718,49.031991302565515,11.342150952474148,48.641954702686604,4.309111862683024,262.9694365377218,3921.356588054997,0.0
45.57230248903154,92.37340116935124,273.342455483678,7.137718100478001,32.78858759459702,0.48630119841026404,3926.356823446783,87.3305763879779,40.0821528833848,85.12640368989754,1.4274388974681531,271.76364531851135,3698.067994791867,0.02642276101391644
106.10050315075377,97.89178674349661,133.58878507631556,8.213234123410578,30.477148139328207,0.2702446247955303,1034.9009986758815,28.968230714429637,102.50145563068973,93.1410440170121,0.9357523552166448,132.55380183947418,974.959012199517,0.1112548366807193
43.67106703530245,50.40984247510835,200.3048177237252,7.630329235594615,30.77318877066417,0.1659348777881272,1412.951749762731,71.53414497667055,33.45257685684781,36.92143543954824,2.6568074463982017,197.36627190526394,1331.6795774344496,0.2927381190784756
49.05201080635226,83.05686085518751,274.53996204231566,7.821708208819308,33.291946391986315,0.11811518237751373,1344.6871804259195,58.673680168055625,32.48235137578931,61.18491040684448,4.308111451946366,269.7750014089268,1268.0728101684308,0.3434255768406112
103.12659259158053,39.17106877509802,230.86077181630813,8.06406885428802,25.781917582671333,0.13107159798696233,2211.8848764026875,98.23650852347664,99.03931192282974,33.775858292346925,1.062692973875215,229.68538667542313,2083.386248449832,0.02302959748563681
32.95079338711137,107.10206954345013,93.78631996203883,7.81819955685812,38.26368496292933,0.24664589707240225,4247.61010010969,77.30598761314913,1.898827829610465,66.11347500754893,8.073511044950235,84.85666186671752,4003.32404936087,0.0
47.44522627944185,37.57555829265194,192.70604768552738,7.403101465739673,38.90174803969757,0.3553869583107216,4505.626352816622,38.81530501300396,32.41218824323429,17.731948084857994,3.9085898894139595,188.38297546168656,4244.59011029403,0.06867120581082833
65.8812801430016,87.54322593877441,188.91124832496635,7.3619595226396655,29.57230156820207,0.25101462200369,4358.3656551999975,97.66871666360446,53.58252146392713,71.30886448239609,3.1976772565593623,185.37447672196964,4105.6215446011665,0.13396506309293613
46.230812926432854,78.81980496818446,160.21786203627553,8.39538320310775,29.24148357576745,0.31726510675796443,785.2675270625635,30.488528490516895,45.154277808103814,77.39877861199014,0.27989913076555145,159.90828129439035,739.6076895202473,0.034145450020320066
42.53051973337558,152.42406055137633,198.0863396349221,7.098756028364518,28.511233234840926,0.3697702592480255,553.5262183996831,97.1371162050985,42.15455399205112,151.92778577282812,0.09775109274435739,197.97822262959554,521.3002095104968,0.0
95.08759836215107,27.276107006852648,80.49533935433071,7.352242631737613,34.148178973494396,0.48614166289660843,2650.998047983458,66.201205340028,86.7008739660771,16.205630804035,2.1805483429792334,78.08355703871686,2497.361904157311,0.022150098479823955
89.91962454563362,71.91039558351068,295.7654330809082,7.985239289908473,37.62230319605692,0.10508653614509594,2992.3464231608655,49.86204379881123,57.8985013494269,29.642512964517767,8.325492031013752,286.5570729389132,2821.3372766695006,0.20454906737869974
112.9672371202008,86.5816292247971,95.61433895018459,7.4943437551979795,39.94091983549618,0.09134793882672754,4603.427173071105,46.95670524938411,82.64565738432381,46.5571439734395,7.883610731328016,86.89471894899596,4338.323351832548,0.13637739432112975
95.71733012800631,25.638189982200743,229.1029056051373,8.269359890415128,27.72873431693686,0.2825737567383418,558.423719778231,50.275452722376386,94.88232955473715,24.53598922548546,0.21710014904998182,228.8627832974244,525.9612669448409,0.007460268192626317
36.931585679308355,32.54102327252882,261.8527720008713,7.536624757855366,35.13858605790715,0.03865389894865262,2567.3240788251123,68.52855329436262,12.279295321331972,0.0,6.409595493073859,254.7634776450704,2420.2796074087732,0.0
90.6563175227419,136.66111966895056,198.45599951720845,7.785460708896634,30.976387399947352,0.4901857209429568,2871.082912941241,92.02842757621067,78.0284415180566,119.99232334276599,3.2832477612181785,194.82458317471816,2705.070729795221,0.17510142851919905
69.62254802166,68.4835139885547,237.9574456327876,8.097994100962932,27.934273420059434,0.0009500271550799688,4695.601194969785,95.70639180654914,42.48451960679733,32.66131648093593,7.0558873878643,230.15332403291345,4424.784169972724,0.1641489441413846
98.65464949084526,59.56051876788047,106.59701652888307,8.494588138293635,27.32078048399437,0.06272258717092655,862.7233600940162,43.581312183584174,97.71956161420506,58.32620277071544,0.24312284792644415,106.32811197235786,812.5333518875414,0.019048642527186806
29.88596337439167,40.890653529076324,175.37312973337723,8.188198145941215,31.92893407815213,0.4371612512663137,979.2795648847971,42.43162050798461,26.61691927229018,36.57551531430234,0.8499514665463893,174.43304605087292,922.5446038493124,0.14361781364392173
36.49003929835925,68.8170666342267,248.33919829303042,8.46256590673295,25.780723939995102,0.0865413960282988,1472.6569490503903,78.445852882221,35.50142209404259,67.51209192452873,0.2570404731223294,248.05490023127481,1386.9183827071686,0.018104179790474517
38.164551952181654,138.50562254772794,277.7000664597051,7.251150420442208,35.19993330537174,0.19669965781296822,2801.364536987537,51.208002553903626,26.714471593835775,123.3915164747114,2.977020893169929,274.4073504937979,2639.290521923265,0.0
62.7645233530906,34.18922942713465,96.15303335913896,8.319619798627965,27.089211028799944,0.23350951358681382,4815.978962319446,60.77184859006244,57.110900924544644,26.726447821454006,1.4699418314219455,94.52721308075856,4535.8496951521365,0.020238669551555392
32.7330817858452,140.4068184503007,203.73155408742974,7.382847057843621,38.90523155825991,0.25713620572875834,687.0403676053664,57.29904159096327,30.058360455041512,136.87618629363988,0.6954275460089588,202.96238065330002,647.2771357708318,0.0
64.08504419235199,44.27243644208092,288.3500200329488,8.174043585688963,26.197023387137403,0.11382473967463025,3105.9662985286805,89.30096469268165,58.4481356727807,36.831717196246785,1.4655962150885382,286.72900619724925,2925.5153882163845,0.041852865015040396
72.76674825084811,100.38698034535393,228.79039073721322,7.9847596095305695,32.24999917313504,0.14330224516700624,781.7876165663191,23.984428331046807,65.39568078965686,90.65717129658147,1.9164775399097258,226.670682337302,737.0031162153534,0.3151481793869098
117.7101607418958,114.2862066055088,246.20681807632545,8.286630840232956,32.638469904054475,0.34676914323853614,1453.9603758330554,79.80379273052935,112.9406270306245,107.99042210663065,1.2400787649305431,244.83523645335558,1369.715611596105,0.11313111781692274
64.80771033486178,39.44146026528723,261.8746222882774,7.0123796214525225,25.867731746087134,0.3930731185372254,1110.3622794152243,62.304208436348354,64.59658938727284,39.16278061446987,0.05489144637311905,261.8139099357778,1045.6595457478297,0.004204963774694975
109.97121691114552,102.84135575693529,272.26754337339594,7.104413911038721,39.73527647733785,0.22424506389681742,1703.1086535899747,64.27237059432386,107.59754575331453,99.7081098285984,0.6171545010360564,271.5849433675798,1604.0845605373963,0.04661045138985871
60.10536394986982,27.075872809025107,208.68708021594236,8.203806249533896,32.468900692575815,0.48418630771361304,4080.9704281098943,32.44916405294372,47.229942803787566,10.08031689619651,3.347609497981389,204.98447696350468,3844.4576828041504,0.026092143374399572
57.67787119833051,100.68942478511447,145.89155477565453,7.24638937075082,36.34478717892575,0.11095725821052221,1864.8990371604973,82.47095281405008,48.40195850727047,88.44522003291524,2.411737299675609,143.2240673117826,1757.1812555504305,0.14712586780990122
113.96991916474158,107.2022436302173,123.61981125479298,7.16518949610157,38.598508887741744,0.41601479085105986,852.2403174936039,86.44091196079845,112.69650207341671,105.5213330696685,0.3310884437444673,123.25361288267341,802.6975333370249,0.040505822196122344
20.258921128658386,69.99575797774074,160.61258430478512,7.945863500320474,25.948630786996002,0.3230165220779642,4100.3549784940915,28.039017845824166,14.431150924157683,62.30310130779982,1.5152202531701824,158.9366841016908,3861.95948509136,0.0
47.387438308814524,25.510939136568652,209.73930073794958,8.417020427478903,27.177037546114903,0.16333629066059635,4355.993419820245,78.56468816493478,42.98633593694988,19.701484005707304,1.1442866166848094,208.4736694415833,4102.54383459124,0.01720823687730844
45.64951200684237,150.5721980099957,108.28266387344385,7.347205335269142,25.768929595813617,0.02776448737796483,1076.1516709082102,74.85307652801376,43.75691861258003,148.07397472956944,0.49207428250820695,107.73840808735098,1013.6227862023179,0.0
105.49712935581701,70.18013847005003,81.80519457169589,7.460484409313735,27.831666263590304,0.1840734150808655,2879.1436482299255,51.93904621150403,97.66289217633468,59.83894539313334,2.0369016666654014,79.55229179422476,2712.1494525492044,0.06050974473150001
20.302010302509892,86.43096986427308,298.9628280262799,7.359771187591518,29.618177270796508,0.13978493901072403,4850.636150443749,64.37472278734576,2.856663065217905,63.403111511047655,4.535790281695919,293.94604459932714,4569.745576634696,0.0
74.36116199378552,59.200417718836015,125.52946049077845,7.1771176990473675,32.92886258992821,0.34612741695017224,1816.7099029138933,86.2229579716703,70.57031829027905,54.196504030207485,0.9856193629116803,124.4393221514701,1711.215164908669,0.058241888680854476
111.6060008135153,84.99647708255532,208.83835075517788,7.843073128373665,25.56630412842852,0.20746720231291144,2686.083768759452,25.343403629968435,106.96899754954418,78.87563277411347,1.2056208486324924,207.50488110226726,2530.001850898516,0.04602708828601716
23.069486307669344,84.09030593003664,292.4501390662891,8.216724326822199,35.810687226214384,0.4886534274940014,2470.0351528897213,96.30422063149632,14.627121573240965,72.94638448059115,2.1950148309513793,290.0223561790885,2326.9536486997845,0.0
23.008444211704465,74.01328853553932,203.92235490975247,7.866070841437275,30.13459115299414,0.23778476173022062,733.8281884594065,31.477068895643477,18.772705540142706,68.4221134890778,1.101292054606058,202.70427748891618,691.5043636230791,0.0
107.86353412903482,97.13175561129611,261.41482249552814,8.189781225573881,25.886631047888734,0.32928896158586435,1703.2593907967687,55.36091888123386,106.26746171185944,95.02494002062467,0.4149788284655961,260.9558376704175,1604.143434959351,0.030249170376617302
39.365130249305665,104.64774751161806,162.0089027845458,7.074831088224253,26.032004451196645,0.3687456665572142,3394.036614367656,22.934240372082115,38.40301903979772,103.3777607150676,0.25014891447206544,161.73222708958303,3196.294064353762,0.0
115.26130382747691,96.45272664941777,178.14109221125423,7.0935276691328815,26.551711599569607,0.1317721397106661,2070.046186196938,92.79358935273504,113.94002304916323,94.70863602204373,0.3435330023615474,177.76112961029065,1949.5201197852725,0.019147597480584026
61.42334174104357,40.74651871075564,131.79848805593872,7.2448178160889585,27.119858539485286,0.2016627995563391,4127.682362116718,35.38072772568285,56.72319355001133,34.54232309859311,1.222038529668378,130.44685972614613,3887.573453209806,0.02540134500436342
104.19589505030609,151.05455959713137,113.24131678796965,7.842663021155323,37.040922479820786,0.27463524518530147,3618.1287982498397,59.59227649053017,74.8940251618458,112.37609134436374,7.618486170999682,104.814936204331,3410.3511501400776,0.3334501729535425
57.57756308073055,52.073419843105995,131.0194883419003,7.571495979065316,39.20155526148098,0.18496509078927104,4236.471206403114,65.1169958933904,30.47697305249293,16.300641005832343,7.04615340734178,123.2261329523514,3992.4136210801285,0.13070231505899743
109.44726898222686,113.06945723066544,286.7008837117175,8.401037413012068,38.84291782765338,0.092062185375484,2637.390668047313,54.37276904417083,100.31758656126112,101.0182764349907,2.3737174294510908,284.0754478955169,2484.627151990808,0.12585029810211318
109.06990769563916,118.93598906931217,194.1261741270368,7.9222858409894625,33.82332265542304,0.4542834757324425,1093.6794016235965,86.67983951539401,102.54888966822607,110.32824527312678,1.6954646871274164,192.25091565715348,1030.6232756349707,0.23138072811552188
34.51071296283083,36.68132948092883,243.45495668293145,8.071007149599794,35.11991350947812,0.24426759558698113,4864.2701915143225,82.47520974343067,6.72182699243021,0.0,7.225110352304162,235.46366704601482,4583.671774178518,0.0
45.98116446051392,26.43408463545847,195.96002109579894,8.35116690711378,38.80468138190336,0.19962646812464446,2749.071894820264,47.942367390952626,37.826553084387086,15.669997618971056,2.1201989577929767,193.61498785292127,2589.6940193132523,0.046188450405579284
99.785296618912,137.61993220563875,114.70044444147462,8.41740708804372,28.262634494567372,0.11340432971759729,4261.791322212284,21.994137580777267,92.78133332083787,128.37470065218085,1.8210304574992746,112.68630471018555,4014.1110646523834,0.07445793455041237
45.253776977982035,111.39135854466502,246.98994444322733,7.005459970894453,26.90595377599991,0.4772951506109611,4864.496272336092,98.07391744270657,44.12925685795315,109.90699198622691,0.29237523120751074,246.6665645858533,4581.05497145035,0.0012621022360404315
47.83570930881809,128.57908200674652,233.1639768281759,7.711009081060541,35.68013522386168,0.18957009560464083,741.8056763265042,51.893481113363336,40.147419701676185,118.4305397253192,1.9989552978568943,230.9530444025792,699.385692326399,0.0
65.09461912149598,102.01891149945067,225.06150809363302,8.255918353788347,31.342178907638704,0.01223582731018763,3573.6955969374994,90.04086768989325,37.00458571774757,64.94006740650275,7.303408684974586,216.98361705909792,3368.37850461282,0.25548788869298206
92.70340306489557,120.38311491189579,94.4444954945413,7.462304186070085,39.35437924987609,0.10453515594174967,3978.6345121836807,71.33655387651345,66.44556446706902,85.72276796276466,6.827038035434918,86.89349133776633,3749.5170244048804,0.30769200085374343
115.32302005949913,90.60023960353782,84.47559761875156,7.268144794050104,36.59863388077771,0.41393126393403945,4043.42596648241,47.27574086927145,104.47537173041307,76.2813438091442,2.8203885655623764,81.35612389211586,3808.8853137244405,0.07092727335068544
75.12178039528342,111.25978977925027,264.0215887032494,8.309522611466672,34.53628988295887,0.4234341965739932,1283.4457507139716,53.117602730647995,71.30399704383818,106.22031575534258,0.9926236713757577,262.9237032908981,1209.0389507059447,0.123704889207072
32.94048154343575,49.614739838186104,271.32165591930755,7.980480591091392,29.03481863914286,0.3564530613632396,1432.7490963124756,29.401949850026377,28.22891335378986,43.39546982785352,1.225007729307934,269.9667435241993,1349.7345793914972,0.13325226706756205
29.577018461538533,66.2804693086321,256.0626118287271,8.244878848373515,28.347870506250107,0.43743938984033554,2334.258477711477,92.64202265432262,26.211888469499353,61.838497719140406,0.8749337979301839,255.09489658958782,2198.549289840589,0.015068753249190875
21.945746790463243,113.33497024386605,168.00296281238172,8.239209177114223,29.449573273499382,0.01970993577045954,2555.058585538286,38.55152165688358,7.94009615322962,94.84751140271764,3.6414691656807423,163.97533785056004,2407.615053992921,0.0
29.261881864890356,106.63976924402438,80.60695483347779,8.42815669886767,31.240298949308773,0.4463506194894911,939.1940327287919,69.4166331397137,27.93825602293941,104.89258313264911,0.34414271890724474,80.22631785921384,884.5879022002933,0.0
34.73034571094027,68.04102845574639,224.88353465679035,7.924611822108454,29.395106915321513,0.3493170533552527,775.0628874927413,54.08821379244067,31.757165223855083,64.11643021279392,0.7730269266421528,224.0285328967185,730.2005285441439,0.06378647396780886
118.42914591007428,91.23690196271939,217.03942107859947,8.026387820843926,39.16419066550814,0.22029903254103878,701.8374265637112,59.025747669832036,114.20592541330396,85.66225090698259,1.0980373291602812,215.8249435271711,661.3770821747732,0.10781213317815053
71.37814386162344,49.44933065341452,223.39404714360552,8.02951045838879,25.848357892923552,0.045650447761181434,2900.4342305254577,35.60251197168267,63.571227257210374,39.1442007355893,2.0297983171473937,221.14900098293646,2732.196036645143,0.060610835467290375
93.87846009996842,36.62202306406754,212.84212151635725,7.536267540273551,39.81329741814355,0.2925462780106267,3419.0998757221787,66.18018744795796,79.3397365993681,17.430908043275064,3.7800681101560905,208.66120002968466,3221.3467072456733,0.035216163748834746
55.33978066855282,50.14414704104205,81.58176619371838,8.274138187391152,36.027442445626896,0.019878361677625134,1731.6085336259787,72.09083231391037,39.511612832833826,29.250965497892974,4.115323637286937,77.03003735753234,1632.360480153682,0.2498782111539786
75.98631925324872,105.02860402002773,230.1408493287351,8.161305449933552,26.722319753143882,0.18735276486554087,4846.041119380602,36.71295635659759,67.13308049864705,93.34232886395348,2.301842076196439,227.59491081259034,4564.501311981588,0.08258430689569903
87.73519577309487,76.06385241307927,199.92414209944621,7.9400003642722625,27.76670483615258,0.19065204456200163,4809.739111201412,81.15361300448768,70.72979157857529,53.61671887631343,4.421405090575087,195.03387372179367,4531.186345317815,0.09767587038342515
39.51875716887604,98.18115604306774,115.13473422609634,7.198053746020763,25.761669252558622,0.16280940224615392,1374.8114040441083,93.16938343572238,38.596023193441326,96.96314719549393,0.23991083361302537,114.86938229858916,1294.7694160618985,0.0031417214368399298
69.56611694902975,156.03659131192694,296.01049959079575,7.240666783540574,39.69477219746661,0.33669295770363666,1125.3201203430863,59.945042274434414,67.43649607024487,153.22549175193083,0.5537014284840691,295.3980814723681,1059.9504295948893,0.025206532731196902
74.69152009654091,135.49206767808437,89.81372854950189,8.038300467200049,37.34315173120338,0.07054616813667158,615.9629565515494,88.3455517928062,67.52284743658876,126.02941976694751,1.8638548915875557,87.75222311171851,580.823093929488,0.18924599080178425
56.93739741432396,127.17827964441814,169.88411084939645,8.271755778704666,37.83970275506106,0.30225458608649153,4012.71447807346,51.51394654294555,42.75865792993582,108.46234352502572,3.6864722659409193,165.8067104805288,3780.319926697422,0.014892477744220714
60.95789489764107,98.45739064708013,247.60727431148885,8.05834645745051,28.113161928069182,0.05549629574635673,3547.8212294935756,77.76831498107629,42.72871189733493,74.39486908667604,4.739587580079596,242.36508211440076,3342.958973203232,0.16865520883891888
108.90809847002556,135.80287772540692,89.06825859902311,7.485411152932136,29.192285205850453,0.14700483327438185,536.8909436172987,77.3244317640737,106.47559612561271,132.59197463078198,0.6324506095473368,88.36874042483699,505.85435287332905,0.10283652390635223
58.16944175947188,54.316955358677205,176.58438630974922,7.2286941231538115,32.35769364604454,0.23894118969513845,1800.7195502827226,60.413460602127685,52.81564767371281,47.24994716547525,1.3919864622973563,175.04478809623023,1696.3238994905937,0.09699568308225372
48.922072909664806,40.53656192146218,105.8536778127029,8.382478745880102,25.27238761489192,0.34480705101908926,4147.067312825981,53.4973752960877,47.27587743845318,38.363583899462846,0.4280108225150209,105.38027902933875,3905.5021472480194,0.011787495319359333
108.70105614343743,151.41863403206423,188.68570584702786,7.219444354253126,34.12997349826542,0.29506066973175515,857.1568415509629,53.587080349879834,106.19890979716098,148.11580085497934,0.6505580500318717,187.96616004773438,807.458736655584,0.10573267536837201
93.36771010105683,65.8346825049389,118.96483707192603,8.326048921078767,38.49301945870597,0.3312035112290635,4415.819150933541,74.94147483380415,81.90231371358817,50.70035927348028,2.981003060741853,115.66771665364394,4159.636926095299,0.05855656119843607
31.847717893810728,100.68098216487603,143.20185652490943,7.6394616291913575,27.485189128401554,0.3266446254494491,1514.8302142431153,70.86514988762922,28.28845959297045,95.98276120776688,0.9254071582184688,142.17831553068206,1426.907917311992,0.0
53.27007760186519,133.5774602319319,259.408429369142,7.509138952776149,30.575346724080006,0.31413704023954225,808.19263741499,72.90741393443909,49.85705367543929,129.07226864904965,0.8873862208707313,258.4269412028713,761.446070564158,0.0062836653213306625
99.69133304067812,91.40677685368395,196.5219289562076,8.454813999710353,29.56235963743428,0.4836925550490033,1318.3504388995448,69.82432068162558,98.51867715284827,89.8588710817485,0.3048905308357664,196.18470662732167,1241.6263770297862,0.02930618445002115
64.61622500955258,57.87021328111095,287.44218588653325,8.282633770069717,33.49255395191624,0.41582264206399233,4122.90547178455,51.22715529049788,51.75902121485875,40.89870427211511,3.342872986620394,283.7448214238592,3883.9464626196736,0.09019117618947052
116.91564672998794,88.96523291276787,280.2482222973788,7.737526967943591,39.05754034075483,0.45899980368769777,2790.3972338511458,63.27297132535853,104.29000502364497,72.29938586039515,3.282666843649169,276.61744847525455,2629.0881427028166,0.11368251488864632
60.23871319753953,51.989908581566766,193.991717228181,8.0691128065433,39.696948146304194,0.04820262777571027,1565.3409152280158,38.798788417001205,46.801346057390255,34.25258395656971,3.493715456438814,190.12751436344948,1475.529549976627,0.23086894304979436
81.3269022136014,120.74051175265741,266.13959284867684,7.2055824538203375,27.317389524230048,0.2793870942684575,1216.814671183895,91.56014916861565,80.24250961029242,119.30911351628956,0.2819420768603401,265.82775251861096,1145.9999072203482,0.03710953843527252
43.972856078820584,68.07877630734399,223.92543000984708,8.200414726623325,38.46673425092043,0.39061411593296497,4606.075911356565,95.69782485905068,28.567169948389857,47.743270615175426,4.005478393911988,219.4951948411961,4339.224144298565,0.11913856261077328
26.221902956627524,44.155735057732336,89.71500562533812,7.449224765444559,35.56243822296478,0.37497773896102815,4111.5345663197795,86.25256101361514,6.71156380731844,18.402087380644343,5.07268817882036,84.10438952425822,3873.9486358957442,0.002835258342101154
97.87409113840751,74.60353106333784,210.02810450454075,7.111471572620044,27.625220457162772,0.3208718202263185,2823.542989324581,36.53248442040243,96.1346517522867,72.30747107365842,0.45225424039140233,209.52789143536057,2659.1387270787804,0.016765711482738907
73.65590327477884,93.44580695526548,83.42421754445292,8.360265745455315,35.85777080803469,0.008415333179270124,4704.143177546058,69.88259069430563,38.85832944637032,47.51300950176628,9.047369195386207,73.41742952779774,4433.646524234274,0.3291684540929347
64.6854737079403,41.30049709172942,146.67991005380298,7.217255474937292,29.791956217403904,0.470065577039167,647.816067508752,80.17320598433164,63.8772394883759,40.23362792190443,0.21014089708674122,146.4474849846625,610.1398924074806,0.01748756428418624
41.33813155195008,152.0687548407739,96.90926613047311,8.398473211900843,29.53638183832355,0.364044646494081,1468.6880057508583,60.305880531129354,39.38473078935238,149.4902658341449,0.5078841982754003,96.3475238826004,1383.2838712063651,0.0
78.65532401563311,109.50324608165326,84.27725922359332,7.3406223006434255,29.237293304741925,0.061821211215678185,1836.994931897946,86.39402036135624,70.82655008233813,99.16926448970393,2.035481222656688,82.02592751963296,1730.7491360047286,0.19101372784463594
62.200962064405104,145.49459265939845,266.35147853542594,7.631932259140312,34.05715517094088,0.0050468055725872984,1502.0260536590886,57.45072199285307,34.64229555797998,109.11715287091725,7.165253291670535,258.4263934386496,1417.4140834090936,0.0
89.69013737223146,90.34197448546094,299.6343807549472,7.855918858631981,30.83219501109224,0.18215339087035243,1110.6635684191795,53.68497402419354,81.16653400839127,79.09081804519194,2.216136874598441,297.1832359590315,1046.8313477047866,0.27062378561885114
36.21113385240555,47.930861336053624,95.52207097798178,7.4150669294280505,31.80667595529152,0.05943951391983571,4898.172141085397,71.82652774382622,0.03401090034207524,0.17705903932983005,9.406051967536506,85.1185640490527,4616.503436996569,0.2180822615830476
106.04983056875231,113.82154699179361,231.48094965885338,8.37297793394588,34.14638998948652,0.29309399011394205,3923.965459315387,30.08284556802341,94.24453216270217,98.23855309580743,3.069377585573041,228.08608313151353,3696.490716946491,0.11327285437671027
108.55336660222892,112.44428515799581,121.64249020941426,8.437229493534646,34.11167472832116,0.025494072674576596,4393.127644009446,41.86733694889742,85.92455234711734,82.5742503412486,5.883491706328995,115.13508976719433,4139.460805858998,0.17925338021516515
44.18824864318707,95.88266352554729,172.16777759555458,8.027612320053363,38.03200058250503,0.39004038332360585,1754.3536513932768,50.751722603772805,35.4248215614101,84.31493977760168,2.27849104126201,169.64766635046638,1653.025029449026,0.04875688806850481
61.45699866420421,113.84012029451942,147.93530557613968,7.950812476734045,39.32517399681011,0.024283884106782172,4716.493852357159,22.897810225198292,5.810742903626556,40.387062690556924,14.468026497750191,131.93303231241927,4447.503454952479,0.0
56.98359241664788,99.32165696619192,293.1425071954751,7.861368199884363,31.649339321819113,0.1191791359726741,2717.4324897766064,58.89650471223885,28.98155103948276,62.358962348334025,7.280530758062926,285.08992015372746,2562.0192919297156,0.19242295094832126
30.222890521543636,90.54685070241496,233.47024722685074,8.083478885257508,28.33352351707261,0.3687998095358825,3766.511017007132,84.26184578103437,21.465915174359253,78.98764324413159,2.2768135902679387,230.95199131629613,3547.8889166141576,0.0
88.73557987934561,112.1512190937852,190.2650929655772,7.8560579069244225,36.684225428936855,0.32170028040913934,1418.042689517136,54.331104545465294,78.06482135249915,98.06581783834788,2.774397216980073,187.19648769207123,1336.5221049564839,0.3414215923530487
33.52016346791282,146.848264183282,96.1250182795402,7.1479104706090055,30.03701191958829,0.0018304792744357479,4005.3854332050078,39.3385265335158,20.20570434938936,129.27317814683101,3.4617593708160985,92.29616025017056,3773.325727031203,0.0
45.86585664320751,44.451379592471305,102.04737083023635,8.097198959869408,37.35487105158886,0.06946268036979669,4276.7322400649955,21.23150935913894,12.19056907315349,0.0,8.755574768214045,92.36332027616224,4031.004731759633,0.0
54.470475640752674,32.88448659713275,260.517454400626,7.790130986166526,33.36106397499036,0.02843056544881084,2726.8971222837818,96.78040910892332,29.557985794440004,0.0,6.477247360041297,253.3533341062507,2570.565443338323,0.0
69.95208328281325,114.87533529432243,192.81935666802852,7.757995090463828,37.778174613080736,0.1445003790246902,1593.568057615162,24.614888541539337,53.44376802367311,93.08435915225743,4.292161967376434,188.07203686565006,1502.4393908824711,0.3382618571569045
36.099687182310376,121.62864364311552,230.34988506845244,8.36851833815173,26.972585556692994,0.1881672580949369,1878.8261463378124,95.32120908440366,34.077182367058406,118.95893728698292,0.52585125196551,229.76827046943788,1769.5216029426026,0.0
33.45743690234295,74.03806981574891,125.08361037651675,7.8512594805372276,38.3110033706439,0.39937607330486125,2147.075946474169,43.50647174610394,21.66355795641576,58.47014960712502,3.0664085259410694,121.69202775963798,2023.1784592712297,0.0
20.954044230850837,74.86388073736187,234.55750301328044,8.369375410217007,26.124725292804396,0.21192417044423445,2653.553480959746,26.85118263027225,18.965721221683598,72.23929436526113,0.5169639823834801,233.9857181250727,2499.0848423262564,0.0
97.73987468665386,96.04572758141492,138.72417492091228,7.982142964079913,36.9979542937867,0.4872307520277272,2104.313146821973,67.48857516799852,87.05025916926843,81.93543509846621,2.7793000345202095,135.65014691569857,1982.7904655574623,0.173000848332356
108.15258644668216,78.21601969169143,184.95436352469602,8.158600618763987,27.215738483449464,0.32640991357834287,1491.9483664672896,70.15197156588226,105.78621234736666,75.092405880595,0.6152572658220227,184.2738619444215,1405.2324588829902,0.04071227580415844
104.23513261602092,104.34261193377223,282.93005297290836,7.69877415311924,31.44425095823819,0.3399269809419688,2867.4657478542235,89.47867945629648,87.47412002689566,82.21807531612691,4.357863273172565,278.11006463834997,2702.1059796466625,0.1988676079674544
21.392364150038507,107.8952650817643,269.386441014678,7.407624904591512,30.956919618161542,0.31199553374673616,3693.325679870048,81.18693511595856,8.293058087555467,90.60418107928669,3.4058195762455905,265.6194548569954,3479.4334303357587,0.0
115.28339897685471,43.92316759149533,263.6267065536967,8.0026090241594,25.30728470158305,0.2680051123261594,4118.849981372261,25.651138610880366,110.35284111106785,37.41483120865672,1.2819450451045755,262.20881898457833,3879.28054771909,0.01480929428897271
45.5306617899546,127.80302220238103,233.34517765922757,7.178876171649709,35.51045789423331,0.23788564614329882,2464.909262408263,75.33266267531062,38.53111565067903,118.56362129853726,1.819881996211647,231.33230817660453,2321.972459128191,0.0
110.89322156643193,133.23101994279165,294.62583442336876,7.503154042371668,29.339243992281933,0.298936446089176,4868.037900106605,58.48473244557985,94.49132190860404,111.58051239445882,4.26449391103525,289.909116707482,4586.022325261287,0.14353918503332908
20.6620694439636,71.95887068330131,134.23169863566267,8.212216915021344,27.20429058313931,0.23653406964295898,4032.254134108149,23.83581277582797,14.073390374514888,63.261814311628974,1.713056558056668,132.33698278326264,3797.9096625231514,0.0
31.564093666018636,133.988716584701,255.08118781861023,7.76479136785878,25.982403796962636,0.1272300531621285,2430.3212758900254,98.76564185162304,25.52497610057694,126.01708139831803,1.5701705670148391,253.34451015300542,2289.2980637603505,0.0
46.38143708775783,25.566605143678927,132.59920256662605,7.600706296370014,38.24350035334048,0.3993511329926076,1002.8646448261047,74.64501206304504,41.470673135760435,19.084396727042378,1.2767986275193204,131.18700716157304,944.9302438212877,0.07923299070796791
59.64416999927569,150.05679983550624,124.32658826293616,7.1618208763079485,26.166139365346247,0.4901413888184931,1389.7709579213995,36.87392707089285,59.14795206111398,149.4017921571328,0.12901666392204353,124.18389016157622,1308.8113795131237,0.001477371084595544
70.33305963331637,31.700850337171264,112.53232716885736,7.981881301505254,37.40429553349671,0.36417758820164253,4904.151590505273,46.348463677062625,46.31726392333812,0.0,6.244106884594341,105.62607048825936,4620.83197224661,0.0
44.68105714496865,50.77605117161986,172.87857686161232,7.338714205900044,28.637019066742113,0.028988640814467503,847.4594509844655,80.24132428891002,41.167281622918864,46.13786748251414,0.913581635732947,171.86811541505716,798.4347029968623,0.13556398760857
90.62543871970693,118.8673876660975,166.9718464702109,7.8064397388995905,38.52109609508443,0.4479148899817017,4375.291434198247,85.73372504277926,68.52691408520617,89.69733514855649,5.745616404970197,160.61694217174667,4122.607647577579,0.2388632750282896
105.96475356482058,103.55076226315167,147.02765569525977,8.468194027969279,31.4042422157723,0.3818382966277006,2508.977932697716,25.777386166473406,102.50089058084282,98.97846312430104,0.900604375834215,146.0315476685817,2363.0945426897174,0.04812637672354677
104.04187915786612,64.5124577520049,194.8941337483647,7.758214978437269,37.99816955300586,0.010037540511412424,4914.856560004934,45.35292914084291,55.16880510331696,0.0,12.706999254182788,180.83963402382082,4633.5187218721685,0.0
103.9891882195495,119.94682305929643,123.49798044433874,7.261684994518381,32.674747964813236,0.1526145179281186,3280.525912471402,73.53529808193275,89.81128620924979,101.23199240570082,3.6862545226779226,119.42082090909108,3090.8120569989414,0.17590266025904752
32.93567790415143,120.85933920048893,204.70227367677847,7.097749372108501,25.64637273298956,0.2928134735177458,4216.126896146574,48.884954211200295,31.61182924145239,119.11185896572621,0.3442006523017504,204.32157262563382,3970.501668115162,0.0
64.43348461534143,51.526322008512935,249.62942718006767,7.518238454352831,36.67835887474519,0.13901009342133774,3204.4754382063243,52.1414001379899,35.65542846242988,13.539287886669698,7.482294599756997,241.3536804606661,3020.754154312091,0.1329160068113367
94.58275810873923,54.095134905363956,112.3306730581573,7.3578740014752215,34.67007197710469,0.03823291070445656,4060.2479493099722,36.27067966491801,56.608447138398496,3.9690444245141467,9.8733208522886,101.41034620340074,3827.623706309693,0.03274838013700851
91.6212342641943,49.42521228333002,178.26445511943786,7.72812768278914,36.694024595391724,0.41863723288231375,563.7393368022277,76.18278508545075,88.08803368919943,44.76138752433678,0.9186321494986665,177.2484075826572,531.2552917693037,0.06155620964948133
94.03949606919024,65.70948926488944,158.12690120047736,8.004686619950238,31.15441270415647,0.11567318239060931,3878.8062524595152,43.971639484489515,60.65813417987687,21.64609157099581,8.679154091221472,148.52737527430767,3656.2687870213244,0.11701668268906262
66.53554951235206,87.00665231591606,248.0801568363534,8.129717330800712,38.11033651634871,0.1949069258536814,878.628431058924,55.015943104232406,61.07532052783729,79.79915005635654,1.4196595359738398,246.50995098694943,827.9947333854334,0.2435356538989834
35.30530327337893,94.65218200523033,82.78563418808716,8.135711043275897,37.28798029480302,0.32360498192855913,1604.7629792357254,71.50681236913977,27.249871313109413,84.01901181767457,2.094412309670074,80.46912211151252,1512.0786593762646,0.0
44.9822435172036,38.51991879603777,241.19337734932896,8.152761810618255,34.44820617380064,0.019687915057792493,3567.419069036262,48.19366284924407,15.800486853538622,0.0,7.587256732552894,232.80153789733504,3362.5519553821755,0.0
85.92249085302792,154.34412887740984,273.63082421507096,7.896621922416434,34.46061837791899,0.4440890604596805,1903.9663109092742,46.470555243082465,73.93342814938184,138.51856610859713,3.1171563029479734,270.183112326151,1794.2610868063707,0.1747538278363772
35.656110835168455,67.87276381816807,239.32545825322205,7.9221253881856715,25.355873400422457,0.43330270539323834,1815.7328634615415,80.3266937142291,33.88916579356784,65.54039636325523,0.45940571081616155,238.81733534340174,1710.0788534830383,0.02513035751778438
82.48664207214657,26.38552892458845,282.16575037213136,7.503395471628169,35.01562145601649,0.39077084018865516,2239.7882081284656,51.00848500804445,70.6856938888109,10.808277322585342,3.0682465276672803,278.772134844552,2110.486991541884,0.03099297255517192
63.434679786019345,133.35692054768458,124.27124727237108,8.018622704750898,27.683919855614047,0.38021400950348644,1325.778113643704,85.215010678794,60.60767129780961,129.62526934324768,0.7350222069345286,123.45828040283308,1248.7978226199934,0.03874378639552588
109.95440384739562,74.37503690772692,254.96410097054684,7.766803019396387,38.0464323946174,0.06906247766103224,2377.4917777754845,60.67465611008501,79.38124405823619,34.018465986036496,7.949021545181451,246.17213373403573,2242.1691293668464,0.20484601432993885
39.66521056742941,136.54229888383514,268.64387139284906,7.154331389535238,25.55351625785779,0.1339722032202591,1474.719513146051,45.42357220119221,38.82508038157346,135.4333270385052,0.2184338483225459,268.4022739551165,1388.844851990217,0.0
107.95106706545964,43.47437767104769,256.9348100484128,7.706649685317489,35.62589467024361,0.2008751539467527,3753.8693226672845,59.33494868443525,75.0159324661811,0.0,8.563134995812423,247.46360634150597,3538.5546269289102,0.0
72.52128979858796,101.04990783054447,208.53574945587945,7.2597162297318265,28.884641861700434,0.19467860608695498,4834.313100759187,82.47994728637727,62.772212430182556,88.18112570424935,2.534760115785404,205.73219334979373,4553.552649808912,0.09017944229142895
62.62646704968011,65.71000782195523,194.5038998227691,7.764802761963248,29.055842635667116,0.21043456670957528,4228.563477135445,92.76878782893313,41.5702728501876,37.915831478625115,5.474610491868052,188.44873997654358,3984.321337029445,0.16663924931462168
106.65362349349844,54.13342224667197,110.28129285582601,7.202201319366548,34.90111588520511,0.3555030131653136,1963.8599127794425,47.89275530584183,101.81874630365925,47.751384356084245,1.2570680693581855,108.89092031537653,1849.8990394964062,0.0419804812000643
64.42420071852999,65.2768016543867,229.21160570469172,8.225722690828572,32.29656033708639,0.084267125788352,3578.1006792710014,62.154156148766006,38.7735638305935,31.417960962310516,6.669165590863489,221.8352154110609,3372.266138575221,0.21456994318790096
116.46952012052239,53.1760662436276,170.9461789760582,8.396801270553096,29.771260378891345,0.010406147958563039,4205.615877146456,44.14676281284376,100.6132637784349,32.24580787207209,4.122626648942753,166.3863726879693,3962.1559012006232,0.044581906443654264
102.61773211086303,149.2718005655949,152.44902468946043,7.486339079672729,38.61630790439615,0.3621055595816596,2505.0614156988304,60.1553806896482,92.0118533241404,135.27204056712105,2.757528484547882,149.3990769755072,2360.1693546777883,0.17859044102509017
44.96795984507089,67.94560190635677,236.7942506105003,7.28215375852542,35.08472687821135,0.08416026177071612,4465.334732125775,95.32155584473044,16.924651761156806,30.92843523559018,7.29126010181766,228.72979644294045,4208.036938692165,0.19326367282910875
75.5171718733078,131.40831525850746,271.07654594200903,7.270336491052288,27.885078061897737,0.2299052453000337,3500.105256584579,79.46431147293083,70.35360824192065,124.59241126507648,1.3425265441606533,269.59165257201136,3296.628616307377,0.046368252158287535
76.04828739335333,133.74844535384028,263.1388255959624,8.249224589193263,33.10572305700957,0.4880327184805226,3557.6574288200945,89.89391149777278,65.30554146642224,119.5680207302912,2.7931139410020904,260.049518802975,3351.4220106666116,0.08856245547720178
82.55322829795925,37.08103318455902,151.61662722633383,8.021096574463028,30.683640771204033,0.4871900813255499,760.628298946178,52.6654753949708,79.83337274472763,33.49082385429327,0.7071624438402224,150.83447447938306,716.5802976537847,0.0392862633436666
95.38274575038353,37.82914045140572,266.73351702185937,7.203687666437444,30.376067134081655,0.2675713058535055,896.9556347670605,93.4640809985149,93.66955258133467,35.56772546826126,0.4454302239526967,266.24085161481713,844.8532868097112,0.02234487925835281
27.951535432634593,149.87817689955787,173.87389941305202,7.744376677848283,35.062017140216376,0.4660948941621917,3457.4046845194016,54.943390958415605,6.912911777512569,122.10719367479685,5.470042150331726,167.82379235337189,3258.112719556314,0.0
78.25508696260039,43.764630037307555,256.17414338281884,7.318804087929289,31.519024272540165,0.26880268203695834,865.1740430010392,57.42465191370062,75.33075768975706,39.90451539715438,0.7603256109392642,255.3331898362141,815.0537019590608,0.05321245840299549
41.113571464582506,151.82793317394214,120.4997563768435,7.246340439466392,35.93918730499811,0.49709845682936565,4119.580249960212,29.29577263389472,31.82766218255918,139.57053292167134,2.414336413326066,117.82939417902736,3880.4335466658354,0.0
58.489995791389006,102.71423324136103,234.71778321449443,7.026387206918725,32.091838537934336,0.14737258086556532,4713.041781035629,72.56309821343923,51.11093931013106,92.97387868610056,1.9185546851270654,232.59577740066982,4439.097280249576,0.04671996143368578
47.838972552518236,73.24264583253908,209.27016534935981,7.301325539025561,27.091161910041944,0.007399758200739015,1592.8076611711388,88.9655091858069,43.63033643403809,67.6872461561453,1.0942453908048344,208.0598818484312,1500.409277497322,0.10471650927632847
60.1741873699374,123.69539819153556,184.25041627602877,7.775592129239205,28.111399241314746,0.3360055962292031,2856.0351051685025,58.13773710505082,51.55847101793109,112.32265260688722,2.240086251521641,181.77278241651612,2690.4714431529032,0.05090460125540163
98.16252499206512,50.0439740547587,112.40848174577813,8.015475408350932,28.416406675285554,0.3148168068112121,2006.21078073238,75.40082762014333,92.25158589066301,42.24153444090791,1.5368441663645498,110.70866454418923,1889.8961488744403,0.049177388142975
25.61898746574726,50.08851451374932,234.36857142976717,8.021419767295685,36.87370008560831,0.13125594023957116,2250.733697699257,80.70292434486979,3.8177735154269414,21.3109120993265,5.668315627083283,228.0991651894822,2121.862045163532,0.0
53.104730034137596,121.02309203999661,281.554427948069,8.039080563782337,37.12009727354922,0.17583921757326576,3426.7009211458926,20.99372884775284,24.07606310841679,82.70525169804513,7.547453400687412,273.20661273071545,3230.052665913404,0.0
101.66504029352053,119.26565927352021,161.41832926924786,7.387993569563528,26.139781365473908,0.009683470013903184,2902.730407644936,70.26986912700578,94.54864743492311,109.87202070017159,1.8502621432353334,159.37185800862545,2734.2846030785645,0.10280538576394842
26.86733657342242,107.55196292365972,92.29610852414231,7.5241483825892574,37.18976116607121,0.18805883933195977,4872.25718387476,68.81733151863753,0.0,72.08707864674217,6.985507509089829,84.56983016381386,4591.090520994024,0.0
89.86356333689935,87.73113068335313,253.08817066885095,8.059645502317586,30.891268583652614,0.3622975857247392,2291.6521528345856,73.33685743389515,79.99503883610106,74.70467834229942,2.5658163702075467,250.25026498026423,2159.121374118874,0.14566689261282292
28.768656376565875,28.778398105060297,103.39336331314944,7.815924800419097,26.84731470707206,0.3116681026114651,1625.3759154946395,27.893637255306416,25.336235308406337,24.247602295089713,0.8924294777214776,102.40629708312011,1530.996126639048,0.07506686585873075
105.7846805855605,112.17831908278332,97.67473789866106,7.115513835761682,39.91418483764657,0.43225976858281423,3368.9492371748543,58.84584543841318,102.59121930319239,107.96295019005736,0.8302999334157193,96.75638967560293,3172.907471526849,0.035992802098489825
90.1869383888001,152.62693629709182,283.5546654759984,8.194895494489344,30.79853625384901,0.34286687435732693,2444.8715741896567,77.96256268472185,82.02115339950197,141.84810011121832,2.1231040972175195,281.20641902121866,2303.2274112616215,0.10983647364732907
52.02691276413417,71.10996918147947,146.92591735086265,8.321150794312576,29.660286056950447,0.06582647640324107,1409.9906988874932,42.51934408835163,46.67906041536978,64.05080408111048,1.3904416106787363,145.38802781113944,1328.3707988083383,0.17487549417771567
47.98497762989879,104.28036333563391,159.65902663142214,7.256216110799833,32.65329735028094,0.25539158711886345,4818.690943463047,63.0184019812706,32.315212528754486,83.5962734021234,4.074138926297523,155.15284989590734,4539.4736472393015,0.008589711083777993
111.93561165566415,71.08491698090656,294.24914549170194,8.318125729866127,27.05493475996825,0.2261984139365596,1752.9468129761851,35.385346204520054,109.82791214537012,68.30275362731841,0.5480018726764498,293.6430313325275,1650.9891359737032,0.02705487232422158
116.52253827327306,150.66760712665132,201.4057292436377,7.20240506585794,29.03580565819886,0.023678011008735234,3114.681253298872,29.55278996359011,107.10170719752492,138.23211010666384,2.4494160796945073,198.69656739285477,2934.126598819161,0.1406144611217815
97.95436427959417,110.84712614693085,283.6333623738399,7.5531486460322075,38.151316982327,0.05704172042765765,2974.6053677934683,41.39236272880816,65.07656116044711,67.44842602965673,8.548228810978237,274.17864556257643,2804.7220191227007,0.415858324232252
38.72128418193151,36.01808102153756,257.93896671135667,7.299593971848688,28.408933166990238,0.1100039098974901,4455.541431311498,28.456131165907994,27.409582937553534,21.08663537895863,2.9410423235382748,254.68604462493772,4197.027224317399,0.07278869212478692
57.091753972506936,26.047027534514623,108.78584910772294,8.139311570469255,25.88268444087017,0.47271304005593795,3197.6808517988047,55.02919100281617,54.50139284921458,22.62775085176871,0.6734938920560127,108.04093525898189,3011.558233551419,0.012417575393671077
110.13743814392457,36.008050550747804,222.14201856161944,7.539057247513698,25.189269518926384,0.4768348296073513,4258.177090403564,62.12286330598465,107.05213221297939,31.93544672190016,0.8021795420457472,221.25477272747767,4010.288856253749,0.007899547940815774
69.46683507384068,94.01776911943287,199.88235525435954,7.311162590199031,25.500283823248633,0.21568198330259264,1537.6259417323347,71.43921662141734,68.259621456974,92.42424714516882,0.3138755403853347,199.5351951099664,1448.123554137898,0.03654029134518689
42.04004759695365,76.14202270650766,171.6698838347151,7.590238149956195,25.08556842986478,0.29790635792505116,4390.012187524279,53.18259897989513,37.56524766760156,70.23528679976287,1.1634479816315468,170.38305922645995,4134.587463311122,0.028685318047321575
87.16253017076984,72.78795964255241,159.83286522140662,7.1424378843043215,27.720901545514472,0.49745958813001934,804.0984682607364,35.44459688449818,86.72943169289636,72.21626965175942,0.11260560424711023,159.70831847341236,757.2721941194139,0.012292787381033532
44.23395831004109,42.128325006245035,210.91009969253633,8.309613747603596,31.957349433221847,0.1213217721587716,2259.120596824884,53.6096646071048,33.5239837822719,27.9911586295897,2.784593377219989,207.83021701762212,2128.5760030661,0.14617297082251499
22.765548611487233,119.68543221612146,208.7845711860087,7.245370895222183,32.091109924768816,0.11273307632614904,2040.1562685460951,82.79478900761698,14.11045365447871,108.26070687287017,2.250324688822215,206.2956131648004,1922.1560086365678,0.0
96.30204077750764,87.40122999945393,132.1631698794684,7.6262783882049385,29.300030936265564,0.18347209471180864,1995.1611552742413,97.53029746358719,85.93981948469829,73.72309789294557,2.6941775361304394,129.1832910991219,1879.9661885705377,0.16139123973129996
51.885053179478305,100.20196356505761,210.51274757824902,8.478602207297843,31.74084161455623,0.09667949556462324,806.2543189866228,93.21937289272557,49.70799359572731,97.32824491450629,0.5660354917752594,209.88668744366458,759.4886945935524,0.050793529906862506
119.48451093342398,76.81950544221763,186.55775049732827,7.337491382256116,27.74341670545036,0.08977688735477857,1301.6007487000707,69.03489390745003,116.11672790033705,72.37403183854289,0.8756235886025996,185.5892723193848,1226.0875802417017,0.05832245690721151
66.10154754325362,62.888393080079794,229.7022028913348,8.414524771585336,26.02323064748661,0.08474262658898135,2587.4285211456117,80.2755975669273,63.77646139699284,59.819279367015575,0.6045223980277993,229.03357454670294,2436.8504224001167,0.03061542701271524
36.94686664620273,156.37072744328066,207.79755509178477,8.145190285472328,31.055271498465224,0.06844257437918455,3685.48332637515,31.187125647815044,8.380478927443152,118.66309565451806,7.42726080687749,199.58267816637579,3473.700371562122,0.0
43.13242137748716,148.2655374096588,175.68654557504806,7.883347868907692,34.54124686008804,0.3996981308931461,1971.1374509762259,63.99234439410911,29.781989648054736,130.642967526808,3.4711122496524283,171.84734285056982,1857.662098128843,0.0
111.32054504586687,146.39709321809522,254.40014282863385,7.651812046538044,39.66636018735695,0.3564474599983344,4720.851956026943,74.6982411527218,89.7789508630768,117.96218889681231,5.6008144875254215,248.20539581578288,4447.9652529820205,0.21611163109962894
77.73795697205101,122.46534072071401,101.0610979030389,8.072659411533706,35.660610203555564,0.0473590843647565,4322.720730470912,34.63242004884094,20.491162116709983,46.89957151166383,14.88416666238867,84.59855532535299,4076.855982819564,0.2072399752322508
36.59552665920984,98.49367921570034,279.36838722391417,7.931383336415765,29.384546726479005,0.40779869007041847,1554.151221637095,37.113220798145655,31.235484919029826,91.4184241186627,1.393610852446807,277.82699236348793,1464.1292094956523,0.0
30.889509637016037,123.86606639441301,126.99916940489396,7.990802646383684,30.503801930817044,0.3698564980340094,1200.3108749072521,84.94004596461198,25.683197090005773,116.99373383235947,1.3536412622226683,125.50198266816086,1130.8985150214885,0.0
73.53910390557668,109.58977505948191,193.302474777256,7.4740327668612,29.81116515833572,0.08149321659899883,2812.063941290114,94.51091025057691,56.024892992086365,86.4710166536747,4.55369483750748,188.2658881245623,2650.0141164181214,0.24765140755933357
111.01914576441337,126.34510741867359,172.8323812952545,7.632389924499343,25.55923388457563,0.07610354994639279,2688.8806312464435,25.6004667203636,104.71250158922358,118.02033710742312,1.6397274855493418,171.0187706203035,2532.814057587785,0.09532422827913252
21.126168900395598,35.98771792406906,167.28342773464368,7.877761576681753,25.218210533763056,0.03899565916752734,2539.705030114116,98.26294841196164,14.878245211812358,27.74045865513918,1.624460159031644,165.48670339391253,2392.3278908666925,0.07184383697145252
29.412640825345097,47.15954521392702,227.5039501831173,7.55129534461413,35.57340968297737,0.4228197062340948,4532.441608540515,33.64632884776948,5.393239904164739,15.453935997968943,6.2450442395068935,220.59665674678362,4270.8015671695985,0.0
109.35729948914131,123.01488064700487,201.93763858348456,7.896577518584905,37.81824883157649,0.2566492300523555,2503.4688612389773,41.504362990442765,90.27343944509893,97.82418538886891,4.961803611451024,196.44966568796212,2359.575383712993,0.29837064332064506
117.8261620404954,128.28114502956652,169.5739934141199,7.047239784342279,28.372727186944186,0.04650534832700809,978.809672734048,43.602028930543604,116.64548524035538,126.72265165338167,0.306975968036407,169.2344645000225,921.8789938283576,0.0435303411542471
115.20219205152405,100.69166801130076,293.64776039773784,7.711207308426927,37.08533683750639,0.41285406450737017,2172.417679073177,28.305354977120636,101.891056483172,83.12096906107604,3.4608952477715413,289.81985812643893,2047.2051186519548,0.18085486978896415
50.44019299992226,103.41602269106723,181.58342050135442,7.764014034084372,35.48470212719452,0.2651487762330366,1875.488072575767,40.847106294165584,33.77787950033438,81.42176887161125,4.332201509892852,176.79181520497298,1767.9421372249471,0.07962341829550496
76.12430162002744,26.886107199573235,224.90402548753167,7.739018582197257,33.94849278406264,0.24117868264177889,900.7268703762268,97.78400897457135,68.00070888667398,16.162964791546663,2.1121341106719,222.56791232006879,849.0895065660992,0.06817994743052527
71.41327190685556,108.22530651598284,164.61493584071377,7.028749212126413,29.11780670588371,0.15998446966081015,2970.7692522796337,61.343912168503614,68.7156805492187,104.66448592390219,0.7013737529855851,163.83918564029622,2797.885235445639,0.03668176387227591
87.98895520135893,116.52825926323867,158.85157791781512,8.31328340464335,25.645205071858285,0.4358002519419703,3028.048010872111,53.218298072700485,86.46447215362966,114.515941640236,0.3963655924096178,158.41318014994658,2851.6997673965784,0.02390946395991516
28.022096990819392,116.86601844525453,272.3690322772249,7.492646604611231,30.43653943647418,0.18568754309678176,1468.3993029459502,36.305832852871056,20.293775014233752,106.66463343616151,2.0093637139122658,270.14658768595825,1383.6289451597356,0.0
21.723581080642877,45.18337091783355,268.8481665857329,7.419727325234101,29.544169835080925,0.026635226801943135,2321.984127283809,72.8242069013856,7.230525171757085,26.0525371181043,3.7681945363103067,264.68037779364903,2188.1789619219244,0.0
91.48115438044765,144.27971239602348,275.71708058358854,7.297232077308136,25.157235530849317,0.16342643804457224,1620.3816807227531,60.07847274382204,90.25630308621089,142.66290868763093,0.31846133650155567,275.3648483471174,1526.0571761966062,0.028878896605023005
116.50869032009174,85.28656970822702,111.43126363230456,8.213675888384431,28.715638988572252,0.21785301593880269,558.5199968203766,91.06479512827866,115.01705378396898,83.31760948054504,0.38782549939190736,111.00231158270239,526.1220850144392,0.03675872717116927
56.65593952255676,135.2485911321129,246.38228453598637,8.209464530857923,39.75524053707815,0.25336603019332926,1106.973448511049,83.69880806828017,52.805192230347444,130.16560470639658,1.0011942959744176,245.2749196360982,1042.8571014977038,0.022371519454512104
99.94546411453297,149.08336217020394,125.75257040077881,7.230317326919217,31.056092823573003,0.05661946917232408,2227.443818475531,72.73173250934667,90.24985267139466,136.28515506526136,2.5208589752159534,122.96438956720205,2098.6374058449387,0.177380895531591
70.57608865578268,125.77514992697459,169.46331599621536,7.787185538443545,37.320095038043966,0.24389985417474214,4896.161687355349,61.09512326660525,29.240165037757517,71.21173075118138,10.747340140686543,157.57628539006043,4615.170357164806,0.07752716258544617
112.65830076669303,107.22513240441009,212.16796803332744,8.143582198864637,32.57427494060541,0.1103054650099673,3389.2735650471,89.90699772240697,84.48522017701384,70.03666602603356,7.3250009533165885,204.0661950008954,3194.715748801485,0.25039436516345964
88.97875198149012,55.360861714779546,98.8295011440856,8.42779295463117,33.93801961147118,0.49489427517651446,996.8656430990256,71.63974835306027,87.26898996099051,53.10397584772005,0.44453812532990034,98.3378224373334,938.9389701406642,0.03556920583610635
39.23002207019972,55.449638852768764,297.7672650143372,8.178665747873525,27.521108998002344,0.07264422344837629,3133.976382144912,44.88799980180786,29.305391273527103,42.3491262011609,2.5804040071348813,294.9132247580941,2952.3507663432047,0.13875451878439438
87.03079454320128,100.87490444430756,124.35064497715537,8.229559760943598,26.32551950245445,0.10708593541649469,781.4878915078828,60.133422656827456,85.69934080205692,99.11738550599702,0.34617797269753603,123.96775692273768,736.0756114474567,0.0523975277300568
83.86887360238057,94.53202841486375,215.42569328319405,7.2178098066503065,35.18308699617042,0.08702458051169942,1127.5575294405185,95.70986941839998,78.16337326839634,87.00076797400459,1.4834300868358976,213.78495440143544,1062.439449710339,0.20368040552848507
74.7835670528693,51.703932685020106,243.56686267453037,7.07809324116581,26.527823035136876,0.30833424799242215,1095.7382662815376,33.56042786541701,74.36378142969657,51.14981566243211,0.10914426202490442,243.44614432318087,1031.9102892881588,0.009574583829656222
54.71942683322765,135.5069930453531,175.6273464509789,8.24311984102961,35.20564834479666,0.07493517530715421,1439.8810188038165,41.48700521729904,42.87225252896653,119.86872296372837,3.080265319107896,172.2204376117679,1357.2131080418835,0.0
90.57809660491692,48.32963080835164,94.93318689816775,7.8634660104924095,26.80097131709589,0.4837442728293762,3772.139827354418,29.590624394547813,84.65782679346209,40.51487465723125,1.5392701509782556,93.2306864509594,3552.8865739147486,0.02740702126328602
112.31496231400102,145.70954441156525,177.78303488216292,7.764673115235535,32.42687904522596,0.27826433954805424,1529.4214122369717,80.96372702566886,100.5784065898794,130.2172908557247,3.051504488271621,174.40793678606914,1441.5222030445561,0.35791618721290225
55.08769444981732,123.92403136347839,292.08175601812326,7.916464790858005,37.9390728029215,0.20993905900554388,4436.861351155607,86.69056734842256,18.783385279031133,76.00234325804061,9.439120384404406,281.64167396658144,4182.1059377500505,0.0
42.65645956238576,149.52769889356364,244.22548669806366,7.031580997451664,25.196655946627526,0.06422072546295482,888.1788270494969,71.35218007437093,42.33197815303744,149.09938343322392,0.08436516643055877,244.1321751156325,836.4397324718217,0.0
56.16769831035428,147.8587118700234,118.22867212277578,8.349534384337636,31.576436607416007,0.1147209519166047,1588.7264713462225,53.54701114785965,49.6621807299467,139.27142866388542,1.6914345709059706,116.35787113858144,1496.8113794448486,0.0
75.5783312796728,56.915878400057665,133.02049240693322,7.841958229370873,29.72573902992258,0.4231650237361264,2798.317316826556,32.2093679190915,64.90600684604857,42.828410147673736,2.7748043527422928,129.95143682337815,2636.3378508184373,0.09195569232340783
77.19946366725381,108.33443200716312,298.86474176036586,7.43827591628441,32.37513231217982,0.469417869517536,2140.6211558593673,34.63639248161182,69.4411885412507,98.09350884083905,2.0171515327608005,296.63368349913094,2016.6688338977744,0.16085524400994716
30.538679994597178,38.33137482971243,91.84125327895853,7.640498640251115,34.58414752122279,0.41075350082232154,2078.5190834388795,60.983682065980894,17.746663155240128,21.44591260176114,3.3259243782328327,88.16263472215483,1958.7244733110495,0.27649765758155115
88.23354933679195,67.5437958174596,284.4973319524338,7.860412021770525,28.278111909536236,0.22324741507477114,1450.3263666312928,98.44583784847745,82.49327846860135,59.96663827144793,1.4924704257295627,282.8465940584813,1366.3971440440869,0.10440799790165123
56.04501147365884,125.43149682434624,188.41895265863633,7.891878276551491,30.802995559263078,0.16370498574894404,879.1879017830124,97.00438961977588,49.1192316612183,116.28946747192471,1.8007027512345415,186.42729626400163,828.6781649326376,0.06554353769331137
99.44267722479267,158.21408684017135,151.3027538358154,7.368385022276963,29.87948510118514,0.0167236456669021,4152.307216742018,40.805082069594356,72.82276045517847,123.07579670428063,6.921178360099696,143.6476263419249,3913.1046886785502,0.22061841033585824
105.0830601037151,154.42514650265863,93.16469547812876,8.374722669488989,32.54621589406476,0.04065453144851561,4499.762775949822,70.82602179781273,80.26655961450186,121.66736585689716,6.4522901271954405,86.02817898030217,4240.113687040527,0.22391194160758068
91.8409124292332,85.01586068881883,288.2746619586525,7.1555105256269025,36.91185951520671,0.2251042363737511,3188.8636424453207,31.78297100238045,83.86355514172982,74.48574906931432,2.0741128947508876,285.98060192726035,3003.8305259626804,0.08047036131102872
60.90692224736456,112.24413729436526,101.52401290152079,7.3515461644416895,36.72183574115938,0.4438070353448393,4108.003494778475,36.31930234182591,47.495354025960474,94.54086724211191,3.4870077375650594,97.66722906870842,3869.972393674212,0.07755409008774175
42.12176655789683,152.77026350333125,207.61826005051307,7.517817178989164,34.5836342868992,0.29354471810000804,697.3036620288193,32.01977136339288,37.53904845754003,146.7210756108603,1.1915067060927653,206.30040125965343,657.1460051923206,0.0
86.71959704573133,75.00104606134347,115.56719444585585,7.916448905757117,35.60455407188778,0.33463467391493074,1891.9413836449157,31.624819023714572,72.63515692010601,56.40958509551809,3.661954432662578,111.51691187830104,1783.160965951951,0.21033708411794305
76.26071820340752,76.68151313875151,92.12891700493867,7.989192543437009,37.47307576700658,0.16063827044758655,3614.445643905896,85.74147744222147,43.223657405220415,33.07259288514454,8.589635807528644,82.62840223540282,3407.2815795114066,0.2587709652917222
67.11969867287974,93.6700215725281,211.30876717287285,7.382710315388005,38.966584542524195,0.4919989638178985,2068.9150209050285,84.09009236777949,61.81983011177194,86.67419507186578,1.377965825888031,209.78467639951427,1948.879949366617,0.11485451505445968
51.20805362653015,30.702570354188488,175.02412240100853,7.208733983676237,33.67827307615974,0.4313902368723083,4530.881089587007,31.92955521826475,41.65765837096692,18.096048616845042,2.4831027664464345,172.27770159394444,4267.787028594129,0.03426430724569177
107.72836256511192,54.036856459179894,172.94659727148695,7.457664878212057,32.143902668387895,0.11839106422354828,3285.2892147954453,93.0342326767,82.44650863067332,20.664809265720972,6.5732820229540305,165.6762584186263,3096.4838301996365,0.07317064453114643
45.613208113687136,151.8200749408084,242.83065067255308,8.157414387638266,27.013102184404666,0.3940084273840119,3226.78860241472,95.0456454059683,41.36259581527394,146.20926670690292,1.1051591975874322,241.60829602159507,3039.14661141927,0.0
34.021828006720426,157.19211278927955,212.79501874409127,8.2367343073564,25.571238785530998,0.47090784662947766,4345.937695254366,75.36848173484975,31.511536385493123,153.87852784925954,0.6526758215190991,212.07313059644412,4092.872284669734,0.0
58.99023794135251,106.85715081694045,106.36476437221538,7.3947581119641494,30.29301139824409,0.3168747745315297,978.3813567176921,69.73255686833654,55.946833071007084,102.83985638808451,0.7912852662898114,105.4895680859289,921.6746523951392,0.08334986818987088
45.05114935704445,33.351481850988534,224.4566399889998,7.967426811070891,34.14544616259443,0.24706160531588683,2202.298445503505,47.50514732806535,26.917774841600952,9.415427490603099,4.714677374015312,219.24199957477293,2075.8589172795378,0.11320601065692204
60.039586100008606,140.05805877315765,197.12892988895652,8.099741932178343,37.11770511150127,0.48636826733974575,4408.875133307696,57.49112359516062,41.490858446178436,115.57373827010183,4.822669189995847,191.79484577936228,4153.854426947149,0.0
81.68148962920236,115.82665556064022,156.77556173130628,8.018063694446251,36.91408043050356,0.1334955943261868,2499.892977673411,53.57974659747661,56.52334926848914,82.61791028449876,6.5411164937854425,149.54079936757546,2356.85687009568,0.4295542070800416
57.74644737845732,156.66653164511038,188.84027442634266,7.500937462984967,35.33876698177836,0.47094702866547317,1300.8084715799496,81.01834565571647,51.620214343384255,148.579904038814,1.592820589118995,187.07854484068528,1225.6361884469027,0.0
25.076737229828932,55.954039006246255,293.11759429234735,7.003444225163298,29.318567086343176,0.19324897670878616,4490.6591515672735,39.30008498802242,21.68620405794137,51.47853521935468,0.8815386246907665,292.1425738244889,4229.251668075507,0.007552168146050543
69.98144099274504,27.27534673711312,117.45036437416312,7.301480820705297,29.69795119595415,0.35762048161310106,3957.3003566736957,21.309376174910966,62.32677117539032,17.171182578204952,1.9902141525122166,115.24910003954382,3727.43897716354,0.01991661884356534
115.64381851164387,51.85764398308281,205.39038456284672,7.806524160024292,27.965529351768552,0.45711716780956824,1297.6592724620868,43.72868707792772,112.57634092247066,47.80857356537416,0.797544173185033,204.50826565041734,1222.3437764134044,0.03645939697908673
103.11373673268146,61.266070909119215,93.64227670963697,7.53370829859829,28.822648203779178,0.3461593267585949,3465.1944421623452,41.7996590342586,93.20689398060719,48.18903847638115,2.575779115539316,90.79335178679045,3264.259569795524,0.05385818231849622
55.86655756018008,131.6369874897799,114.94441658154288,8.189514739868297,39.390099470576715,0.16570762235556824,3065.1535213938428,84.59891757098671,41.0353938846516,112.05985143808232,3.8561025556374036,110.67939765599452,2888.0639375290516,0.0
118.13913932923751,78.54133728693046,191.07535979105614,8.485418929221714,29.91160385158493,0.2758694685219026,706.2540002890908,79.7882422413494,117.28465940780266,77.41342379063643,0.22216477957306083,190.82963577936349,665.1762993805193,0.019190750530610333
98.12610430456704,69.9984569220592,295.28728433764815,7.7341858126092795,38.305212832841036,0.31098490988540145,568.9735207070191,43.385365290688114,94.42843279652043,65.11753053143771,0.9613945920921146,294.2239396596914,536.2019369589229,0.08703759713553316
59.606619815458664,121.30993226286348,115.14518676110065,7.752616422123437,31.68595246299297,0.02639769267786246,2013.3588658966994,32.5895705304209,30.01489365510793,82.24885373120046,7.693848801691195,106.63545179527407,1899.1574150118004,0.0
43.92815310222636,106.79487395195767,279.53534161233495,7.389444427364795,31.908718055805146,0.4177451450963344,3099.244791451987,23.6128926219126,33.734214527310435,93.33887503306866,2.650424029478139,276.603856133577,2919.6725379551353,0.0
61.09567784555208,116.6001012162344,286.7965001340752,7.744444321002482,30.423067529945158,0.12672571256842147,1625.0819377969908,70.68206368787585,47.542016457539134,98.70926818405731,3.523951960883364,282.8988543663509,1531.8005994323892,0.1723863772580219
34.799986158336964,124.13545369559814,273.89621335916604,7.901002820219281,28.69947197791673,0.13500428651811974,3520.678675009674,72.02351612687501,15.762883639348248,99.00647837053305,4.949646654937065,268.4216865919197,3317.484809437903,0.0
103.38120356406243,103.41682389869632,281.8912009139732,7.847741988898575,29.20158481795363,0.24263073274718372,4219.2737501766205,25.190512922562363,83.11581832706936,76.66651538586545,5.269000161618199,276.06345513082084,3975.4887121663405,0.16057256855210267
113.79817477707647,56.88702636443671,205.06106694041466,7.273605490112598,39.336407494776324,0.10601570176549419,902.0083721840563,52.22649792485804,110.23711105310548,52.18642224879503,0.9258765682324528,204.03700675807843,849.8089098979833,0.05763425389089556
119.37658825180259,110.58523172194526,217.0187006385302,7.065251489366437,39.64271004042788,0.003372014043255489,4209.526226401782,55.28673892541726,108.91915939365984,96.78142562919682,2.7189315031171173,214.01144288261003,3965.261562422789,0.07972736285489147
107.57381071179,93.89113238591162,256.50847198716565,8.17015632339242,37.517589830458654,0.06022678099525097,4518.213399707647,25.764261484097332,65.86852339758053,38.8401531311551,10.843374701694463,244.51522293523652,4259.292960220516,0.20198367522536417
86.97369096407972,75.87088561412176,146.01513590208268,8.422562078379862,39.075676243668404,0.36885453276026753,4835.336572701334,75.51065147257508,79.37362889161713,65.8388036784711,1.9760161388402797,143.82957519467303,4554.286870362336,0.04728828703479462
109.82863011387735,124.27903339844154,126.73667679943924,7.781438471427533,30.72124902834844,0.2822103847701808,2029.785057198195,65.30346484373239,97.57611555995969,108.10571418727022,3.1856537840185943,123.21320368557691,1912.7737478826273,0.24130964921418216
119.98780424073959,61.38655972294351,266.58246808591366,7.786392565773206,30.13353856106936,0.3964784521188903,2237.76826924527,42.961450715834715,110.21864530624083,48.491269929405185,2.5399813229696715,263.7731370951786,2108.3678722459895,0.0699505915421964
45.79956553062638,137.3587705511989,139.10909565510983,8.173957431355396,36.69980416935407,0.40943871187442793,1566.1901976552497,44.89136499645561,39.257277805380475,128.72295075387424,1.7009948085639341,137.22772062783554,1475.592717321997,0.0
70.28565403499891,100.59852730676326,122.07184428678907,7.085223479319023,35.14710714103139,0.4088568425598821,2970.360286923519,31.497945278669654,66.14871906776223,95.1377731500108,1.0756030914815402,120.88217998835371,2797.6538834096605,0.06057187680526907
60.37673423101575,109.0404476447746,160.08690115881694,7.42887179771474,32.49424150886859,0.409946399412399,2521.0030846936743,38.89615629917585,50.46382333439987,95.95540526124161,2.5773568331201338,157.23623121097586,2375.1077097837433,0.10573479602273028
49.74403858833298,126.69642992937538,105.85549619786754,7.166162654457338,30.922804474582094,0.13558830177038556,4635.002143492506,28.27515243687869,37.96188701210819,111.14398984875862,3.0633594098184465,102.46728603744744,4366.077130183911,0.0
23.873142817967533,62.79123471184595,181.03957928505233,8.089274754946944,37.780001111565156,0.047997634633681396,624.0589440399784,71.3778261470101,17.058897381688173,53.79643073595719,1.7717038134326317,179.07999699030512,588.4092532177706,0.0
83.89031568123431,34.35021547002198,105.56723221590339,8.356539980849517,29.61279841213217,0.19695319193935995,3488.1914906156885,57.77874763394798,76.15149217649038,24.13496844375994,2.0120941112334307,103.34176768518202,3285.6844358190438,0.025984078941529154
68.06174031478727,73.86666188363593,121.98084248178748,7.343232917853865,36.405615355440915,0.11304641216034927,4541.740657991828,32.79363430292133,37.830814235632914,33.96183945915215,7.860040780580137,113.28729188216782,4280.22287964821,0.22017179749010168
52.30580961926361,70.95354561713441,166.15664281957186,8.460121961710858,38.64976968361726,0.2569579145987619,1905.2145049435653,59.08103998061905,48.89468740717459,66.45086429717692,0.886891775143139,165.17570153200975,1794.5200845370239,0.08337447129111185
23.592134288888793,131.55993069491797,184.67038569779902,7.303603915499013,31.053715836372746,0.06355690062704139,3737.4766607068887,37.98344551693779,4.127578690175634,105.86671730461656,5.060784455665423,179.0729356377691,3521.690325955109,0.0
36.37968041380449,33.178826463397165,234.11179766499242,7.371996142157878,35.81020929656915,0.29081991433549437,4139.399588088343,67.59347443887506,17.364673491125018,8.079017325460272,4.9439017998966595,228.6436249599419,3900.1365186284993,0.08482433860352404
67.75406842243666,134.33035632184703,121.25886599265425,7.994507424138356,32.942546918845416,0.38046145367994927,1035.943691622303,63.07587101064337,61.64617800740787,126.267940974009,1.5880515079074853,119.50241122044673,976.2089599607239,0.12357796203420975
20.170692398916806,54.04356081929588,124.98168779525835,7.0652467711607505,37.89299720737396,0.36729462810960367,1965.8461384415962,93.12993506066776,17.95071410628762,51.11318947302534,0.5771943560835883,124.34328546624941,1851.490115911046,0.0
83.53438813899339,123.19999872024766,272.1920791968825,7.835964778684723,33.02511745299605,0.4201266803659943,3592.1250635252595,28.16043331533244,61.16306073114366,93.66984654188603,5.8165451260409355,265.7587246151681,3385.1227899270148,0.2500664986614974
24.066056527689476,41.59290840857977,220.80690125828275,8.145496774136927,28.522729116080068,0.3118962846104659,528.9041091210519,79.29103582278458,22.805147430058856,39.92850839970732,0.32783636538396266,220.44429982777837,498.2079168584338,0.03904930608707707
70.5179551548802,152.7042018783478,159.7543384899767,7.056812267130429,31.725524376843182,0.48379692055585877,4652.889994481941,78.10011996061822,66.41793712116247,147.29217807384038,1.066004688766609,158.57529044685188,4382.101547963255,0.013498840600959976
23.52324615916766,155.6255744592709,89.02183506223459,8.016887568848734,27.330545254706017,0.20598856050491315,4090.9870980013193,40.891579961021264,12.499627548270569,141.0743978928867,2.866140838833244,85.85175731027235,3853.6927149547632,0.0
25.449351765023103,78.17449615429524,176.6284892249838,8.37780181127239,26.764713654026245,0.2604929695970315,2053.3257657799672,79.49677316884308,23.77883171052548,75.96940968235842,0.4343352141693809,176.14809538645468,1933.811677209431,0.0
98.54462665918493,138.01812438839005,294.8024070706968,7.786691185508909,26.87863966454007,0.38660819236554755,2266.207061695591,52.16587944651729,94.20629094406854,132.29152124443652,1.1279672859302545,293.5548256714783,2134.5687082476115,0.08529875917493986
116.00933481603887,75.95093621578366,176.21978350357173,8.278947548360406,36.8284335231625,0.455103806332399,4557.023450909085,81.05752478622988,102.69924794859716,58.381621550760585,3.4606225855348476,172.39218280869167,4292.807220048002,0.06037870342059181
30.754246650157974,88.27906069540094,80.72325599632843,7.2250257251479075,34.47226077229518,0.23662319686110278,4403.579914771019,90.76993496640097,16.036740872336217,68.85195306867621,3.826551502233656,76.49092183479198,4148.4584835307,0.0
41.87793573959357,32.4876745573996,201.1632215463054,8.471373487071094,30.903688458736113,0.28988325857136277,1226.6941069604632,70.82518551443502,40.073418196520855,30.105711400543626,0.4691745611989041,200.64429385856184,1155.3803847346878,0.040658617883219395
40.90138116391,75.29927679237585,113.53512706091578,7.103185268441441,30.857844769380748,0.32648216390501217,2555.3731987048714,81.020921159304,37.761101868656525,71.15410812264128,0.8164726167659035,112.63207245786644,2406.75076143552,0.033905904051094185
46.1518383816919,124.98286743184455,175.40260539463725,8.349137634394836,35.65346152887214,0.4022542580208161,4688.086568624646,82.36271578011957,33.610724468718765,108.42859706671999,3.2606896173730187,171.79613935080658,4416.148233060605,0.0
58.84224286148758,83.62038387244553,250.97797103613257,7.326257419209501,30.677692599190824,0.021293185948891236,1265.5499458054114,59.6286719372732,50.69153438497484,72.86144868344869,2.1191842038933135,248.63406015567259,1192.649238146459,0.2811780886590817
89.29060677355929,147.67412028579585,190.076133694151,8.125030763970084,39.38793173982154,0.08323177675985866,4837.409118327608,46.071955099208715,54.25322540958239,101.42477688534635,9.109719154633995,180.00038388191027,4559.169842967698,0.20453606533283525
50.08846659824941,103.18889306375095,184.87862669310897,7.47480497206631,38.56580403412491,0.010438163704575454,2399.8822345370736,99.32116899311572,23.659317041558523,68.30241564891897,6.871578884739634,177.2783583991634,2262.8116313070527,0.0
102.10123981849856,30.926205051303718,293.4110829661862,7.244710146647771,39.580028800606776,0.14927218604933834,2922.309500308635,75.22136321368214,93.42306269997619,19.471011254854215,2.256326050815813,290.9154871748168,2752.88920558493,0.0230357102068144
103.20903108153195,135.57013922325953,264.6006721016431,7.944971955261689,29.859461354572687,0.14938431664549584,3369.7403277088047,43.978872568988066,80.84469065046154,106.04920985424657,5.814728512078297,258.1693267748225,3175.7005821787902,0.31403892067615996
28.92329603900445,125.45302225119897,185.7649328448432,8.271618728754252,39.625010940418775,0.16384508120222668,3581.76418542309,92.3668368468853,15.703128348716957,108.00240090001952,3.437243599474747,181.96319033619338,3374.388124580541,0.0
90.75582791016703,151.7067655387172,262.4741361788511,7.253550766544895,29.52262387146466,0.42191667379884046,2486.270367092422,24.87920089319772,87.12988140200783,146.92051614794707,0.9427460921213898,261.4314175615761,2341.727964093848,0.05018145071637166
57.93069541074354,38.46074102554057,182.1415904123065,7.096282072245437,31.529134214815763,0.15337884018033177,1087.776489016956,84.62108250438715,55.796174393452254,35.64317328271608,0.5549754644957341,181.52776315404833,1024.5958156746956,0.04585905586797148
52.843784939028396,72.4303995127269,92.41264951115406,7.094460396843092,31.534155240115222,0.1133180043899576,3226.999028462051,46.31447515467269,45.72045992218143,63.02761049048896,1.8520645043802055,90.36418475988079,3039.6516763834684,0.10128103510094529
34.76929489563757,117.17539750400236,116.18414142209339,8.493366026273197,28.52333501444912,0.014408882070468476,2706.182702671977,93.28729219604155,29.72190053900119,110.51283695324237,1.3123225327254588,114.7326550163921,2548.973016198854,0.0
58.72022450246539,116.68577172177758,80.0000313626703,7.400868826611917,28.64495064051747,0.4361666011739963,1173.2308293375168,65.9363094291883,56.62834448950824,113.92449010467416,0.5438888033688599,79.39846643894418,1105.064293067216,0.04060318172480003
54.79270634658743,131.2211748606889,299.8178322362878,7.323862654398196,35.93617891015358,0.2709547839816491,590.6752635608347,55.20002942320805,52.25303798070923,127.86881261772967,0.6603137751283338,299.08749617621453,556.5149235372804,0.016863384722383454
88.29752712125993,60.249377886612685,200.60571405228592,7.896655145276543,27.69004818180513,0.10872459019994019,548.9725364705192,79.97621780534715,85.81778360683835,56.976116447576146,0.644733313749621,199.89261066735304,517.2367314698971,0.05627010365150849
89.16952897698488,94.46280255616156,135.2032756766429,8.05268535733855,38.66082114498636,0.30966888953616806,3446.663430222281,65.03058402274866,71.42109125324673,71.0348647608272,4.614593808171914,130.09933208551647,3247.6465271473357,0.1857308276902994
45.13002571302767,119.26323071160287,131.09513311041331,8.286546693121059,29.62010244065736,0.3739755388424575,4262.9933768424235,23.889164302244986,36.844366641843735,108.3261607376401,2.1542713585078217,128.7124142946571,4015.3799711667198,0.0
93.35118709754255,50.872606833829906,97.59473623459073,7.338665375040912,35.44665216931031,0.13488236734925785,4695.6339587430575,61.844290874486404,63.63162125876055,11.642779926637669,7.727087118083318,89.04823822980956,4425.090562712617,0.046244905548784764
57.00347408578506,149.46679708689481,152.9565754707877,7.504524696988259,39.490116655315255,0.025232188446057513,1709.3634974273693,22.51373622373027,40.854865965992936,128.15063436876923,4.198638111145954,148.31269716433894,1611.446440680567,0.0
59.723376926058215,53.359510791882606,275.76859184982635,7.711380780229383,34.99512487730329,0.1315430870404225,3756.9068937513666,42.2238506339622,19.299505114025926,0.0,10.510206671128394,264.1438412844519,3542.2129954180073,0.0
38.3141581459807,126.85084740189873,221.39834209007398,7.774205192341636,32.96649802535866,0.2525031900766827,4093.936620382,98.88724783819978,4.273317749786716,81.91693807892267,8.850618503010436,211.60916898756847,3858.9284048606773,0.0
63.22282004127157,97.66375929643819,177.26176579888676,7.115893451319358,35.45903110283696,0.3556460071832956,3419.392727258281,36.84259051647058,57.28515539625555,89.82604196501705,1.543792807704164,175.55426309454143,3220.703685915988,0.06748069241365433
88.99858083951372,75.06202628005846,233.1976214651249,7.246959823788071,34.59298234183751,0.461863240496025,4152.669765839839,67.64431771961883,78.9373635902372,61.78121951101342,2.6159164848118994,230.30430284758293,3911.6770456667614,0.06885729712494253
86.26794283371976,78.50492956450077,240.54255064724677,8.13826655327613,26.480250566758755,0.1793659933021483,4539.431202154477,55.69064257332418,78.06570353671319,67.67797369245211,2.132582217221705,238.1838209751219,4275.694763271313,0.05680474365710246
112.2217908871942,103.6768393210548,83.42553936357044,7.3748401622521556,27.94458238126541,0.43974670965543383,633.3378726472508,63.651339819695956,111.34835640969482,102.52390581075568,0.22709296414982977,83.17436456311242,596.5126270750355,0.027324945290332997
118.13833481819152,140.51994365920862,254.5652746686905,7.2431015341678435,39.137729517187594,0.1813462218637999,2431.1252928723748,96.46894335184652,110.91459867762988,130.98461195366724,1.878171396546017,252.48793454712617,2290.181784511492,0.12643261024967425
66.25006765713479,125.84089218636146,133.354314913384,7.059287622940422,34.56481279316444,0.36282736290445133,4928.475319013317,67.06907027481823,59.67049438125588,117.15585546220127,1.7106890517285123,131.46221762704909,4641.887345092703,0.03278147079623477
76.17655099798405,116.90994892087969,280.15931097620376,8.384262796034506,32.05424139686644,0.1666044460323678,4073.563748561655,90.0527352827419,62.706116110988226,99.12897487004518,3.5023130706189165,276.2855987722718,3837.546506603277,0.12685093797069372
29.87789128450479,33.22152026211681,279.1391081915176,8.4079816614946,26.738413272702893,0.1110843789805917,2960.9797088442206,45.36474738400405,26.738333533078748,29.077304030234423,0.8162850153707732,278.2362610838575,2788.7135566650004,0.04264191163213116
60.90984534414822,123.67564407298163,182.49762599037132,8.338948947244441,33.53697553988293,0.4086324405242858,513.8456528806663,99.4633175394003,59.5430944946524,121.87153295164714,0.35535522086891835,182.10458749608057,484.0385575708147,0.027655992654693477
39.10889454944865,51.30672836154666,112.51479304601989,8.158940474117593,37.62464663078409,0.15678243000318487,1502.6927187890929,52.792387002568965,28.96882893518755,37.921841750722,2.6364170597078878,109.59879989151882,1416.1809790014906,0.32386279748297797
55.15404205973158,33.918594765869564,91.9679980892487,7.313326705982297,32.87605844348767,0.23309043259942974,1898.442386890509,63.965982449653666,47.268319864486145,23.509441468145567,2.0502877707638154,89.7002896922445,1788.620749460899,0.07651496378459748
118.69443674385217,74.05228452777497,229.60597594159168,8.413028414780587,35.82940992344423,0.47092751727556353,519.6767792219227,71.74769922277977,117.70446323570192,72.74551949701664,0.2573931121190636,229.321287845605,489.48952198290465,0.02082890529038383
51.05064987957626,87.16747902791495,223.671870752835,7.25310420504656,29.43132933070583,0.23700696976948388,761.2490185005756,82.40874253507795,49.51493080953715,85.14032985546329,0.39928695821017446,223.23024182597948,717.0383266019146,0.04835656293156214
29.67039318642776,91.52559170227698,203.555513656551,7.908126452305696,30.50142939419101,0.3056257286838824,1609.422612435219,28.040992240581744,21.205440599270286,80.35185428722913,2.2008876726609397,201.12123514827272,1516.5104128021376,0.0
75.15351231335754,113.66962182674246,134.48661310048777,8.332178921944106,26.574765195875617,0.4362805755794036,2292.0022345686657,43.28288140428393,73.64647628056095,111.68033426345093,0.3918293685271197,134.05323259562783,2158.557741377963,0.026700549380205593
101.03060177616143,156.04292432324934,274.5742427687276,7.5514198875057525,29.129652406850663,0.44348478698379584,3880.381449680538,28.691250764688945,90.53981684978702,142.19508822043517,2.7276040808573447,271.55739276061445,3655.3068728512517,0.10429932901233929
23.263751486186894,42.32373213532944,281.88295285680516,8.345154763042235,38.97822964201937,0.4829698742549881,3088.1840875689895,58.90085520713243,17.944423368741337,35.3022190203013,1.3830253105358472,280.35326607103116,2908.735794414072,0.043351090683617734
22.345011117956417,133.472259113024,227.8553339828304,7.053401320012982,38.66816939216395,0.09471289429081531,850.6366863817796,45.92008267074573,20.75011567808138,131.36699713238892,0.4146728143675117,227.39668762276355,801.2217255087277,0.0
58.241188414354795,124.12245989526039,292.5693817496757,7.769920215140956,29.827456803873794,0.11183461012671553,2257.3449496754984,95.36524932363801,40.571724145787286,100.79876706075125,4.594060709827552,287.48814866787194,2127.647406174089,0.04871697485329681
37.51398361668082,32.69968518836053,209.69967846723523,8.200454264168197,30.639571079591292,0.24581088900949055,3914.564510031183,54.11408672914432,22.68742349549355,13.128625828393329,3.8549056315086925,205.43598339238522,3687.960335548159,0.08358670078108402
68.16601443780462,116.6629847782658,153.86879966897413,7.912155162135462,29.32042316394217,0.2957276668692835,4408.305940448855,57.48291891730525,49.398411715458934,91.88974918476954,4.879576707809875,148.47177334324817,4153.341802000756,0.12122311331181179
48.805871957878615,159.72215536315252,265.12276624850955,8.093293709992862,28.42562733177354,0.17504955121682325,4012.533620970657,60.229089526609314,34.42119854114541,140.7343864530647,3.7400150883506376,260.9861451645262,3780.171605057516,0.0
78.75910973156303,100.41065834494296,162.6771886065353,8.418778807328971,28.320584986391104,0.23492415829947927,941.2678861816619,76.03374715862951,77.63571146606803,98.92777263448954,0.2920835490287083,162.35413136247226,886.5194753311073,0.04873425264254649
38.63321745347875,142.78439714089495,153.06788932561184,7.596115166954906,35.80280728807572,0.00029126215453800786,4882.283703496205,67.91933446482545,0.0,91.78855010230302,10.044636537904474,141.95807979220433,4601.743989069921,0.0
21.375158722927537,97.36316801829763,245.3093373706676,7.1951397752392126,31.361173099134383,0.4932666980360168,815.9601427231994,20.653424358633057,20.18936187273801,95.79791617604747,0.3083071810492754,244.96833607646317,768.5228423014768,0.0
90.15204961991851,107.33003363119707,262.86581250109055,8.328274455409286,28.893262568916782,0.048492240205583015,4147.19905704024,25.880262718167835,76.27318343413044,89.0099302659568,3.6085052083049,258.8746471250919,3906.933098886684,0.1412133699312003
26.67753540999143,113.61372134131274,107.33424005821618,7.566315456309289,31.36223186862869,0.3607691619281153,2022.2094873647345,99.55026549515924,17.05080215233902,100.90643344121156,2.502950646989626,104.56586662283695,1905.3591953766377,0.0
74.03500155420697,42.015376786196256,151.97604962721317,8.195445182821052,32.89658938829853,0.42863747146677234,2671.7411974982583,68.70073281127407,64.12921194726074,28.93973450502724,2.5755052978060156,149.1274275588156,2517.0582075373122,0.061654181779676714
27.15699027756036,90.74630640677368,216.30960671061132,7.29461777905173,31.32410932322326,0.3803206085973683,4557.988763176389,31.810799339898963,16.044842641986843,76.07827152781658,2.889158385249118,213.11407054055277,4293.481381685227,0.0
31.197132764959285,41.79660122610365,113.24437938606368,7.725060394323432,29.239670497899485,0.021970262988223466,2531.460953529443,57.36196467870353,7.897043406145203,11.040483272469071,6.058023233291661,106.54393940330756,2386.385447623221,0.43122654017847184
61.72022928582212,103.48699359319089,135.94262260813724,7.947911564724046,35.97614953761399,0.47095358056168973,2540.215733187957,61.32927890238968,47.22014781254084,84.34688604845965,3.770021183053126,131.77281346446364,2393.690478917789,0.17760364592611247
58.5703788205659,55.83771048945411,176.03914080343304,7.199853487093768,27.588846312701268,0.40672208458315035,2577.903845488904,32.16870367470512,56.65613469722759,53.310908246647536,0.49770347206796206,175.48865888625028,2427.8370666619962,0.025429177108679216
80.25042303980719,110.09173731378512,90.344852974542,7.596489500446225,31.641802071179498,0.2514949646042013,2284.937053852388,91.82770130942964,65.37789624908058,90.46000195002601,3.8668569655889162,86.06793919886587,2153.3323161683306,0.2957405015647041
23.2283331066955,42.547149301662756,121.47018904364137,7.668640211651286,37.28130866042544,0.06362527917773764,953.5026701494819,88.733926456337,10.699702716712682,26.009357186885428,3.2574439013955327,117.86731290435058,899.2593773831728,0.10990678037528774
59.90237096174156,90.96425061397817,253.21474795980393,7.182759225890231,39.98658947985188,0.18910292204578943,4216.451603562481,68.11720548456853,51.53133581198207,79.91448421629559,2.176469138937472,250.80747742316586,3971.560337721627,0.07851185607434935
94.55511635847103,118.90746451445114,132.4087956135742,7.062993476179939,30.314738600726173,0.3437955294665861,3381.211239010464,36.20787294225751,91.47243455291085,114.83832453111167,0.8014972694456415,131.52230440291814,3184.4428608727135,0.04130338966780555
27.109406923052564,36.65399236809003,139.9564525501904,8.121025257280309,38.01895327210201,0.24441455344763946,4492.864759033802,96.60040487275685,3.037257453537313,4.878755068329889,6.258758862073967,133.03399013845703,4233.536510055521,0.22361456332578064
21.207268264121552,110.00732000727228,147.61280002748833,7.589408450995617,31.254557787716024,0.10444096893661436,3758.656791986219,91.56978139585152,0.0,82.0137258986318,5.513889748671602,141.51419559667735,3541.7984866515435,0.0
70.54521605728186,67.56298939436904,95.24616190024754,7.359137141663541,36.90698251997142,0.14522821385018897,3954.4887900677963,30.670657709940894,46.38720462590689,35.674414304954084,6.28108297215749,88.29900804148221,3726.5543922381794,0.1729989923618089
23.435934555428545,119.04984487323425,294.70362718782883,8.470570013849567,36.56369755298999,0.3547081964945812,592.4062253057497,61.84964633478815,22.40508197875642,117.68911947202703,0.2680216699347532,294.4071834397087,557.9837867519641,0.0
99.90659878979396,132.8801109404084,153.84367524865638,8.26355394190148,25.83411149726719,0.42723259601946306,4404.751398468858,79.84127412835898,97.09729293303917,129.17182720949202,0.73041952275626,153.03579915013538,4148.289563750928,0.03011808209351878
86.44406667166358,119.5438975027223,131.44876783895938,7.511875834298151,27.43825791424599,0.2387032834400702,595.6377531426454,98.98168243252577,85.04287483486584,117.69432427814931,0.3643098775674045,131.04582510074889,561.066508558221,0.059840669948482576
58.18671794349029,158.10620116243058,136.8184135406539,8.080771152411844,39.74304309313591,0.36640531174359225,1540.4928830632975,83.48543173354581,52.50827944279452,150.61066234151212,1.4763940101809,135.1854568689538,1451.3010644507872,0.0
26.292522460048346,62.40122353385325,249.19148903760131,7.822110567821095,32.34402729086389,0.07830232884635124,864.6185706719507,58.01930967359537,15.237436530937922,47.80851010742747,2.874322341568712,246.01236218398722,815.3991920879635,0.0
96.73848981160783,71.26245040927677,259.1227078089192,7.843093869168212,31.573366065733342,0.11033190127513509,1693.6315163423697,94.04506038041445,78.79489674875614,47.57690756631257,4.66533419634143,253.9626431181306,1596.8232717990206,0.23375777639200526
62.908412627134076,140.32971849198765,92.4724390139981,7.858124256405312,37.110793621408696,0.11015521475675966,3175.5133734680776,49.372390077078904,24.23573592171528,89.28178524083481,10.054895943408887,81.35128212713983,2994.5376197420815,0.0
58.964265367958575,134.34659354207724,285.79159330462517,8.141202870676643,31.762368012191452,0.477537113014941,3995.9164103244775,40.082728249137396,45.06052220610628,115.99365256843225,3.6149732220815984,281.79327402108106,3764.4716761641503,0.009857093695731107
101.89051167780094,153.28655203601892,164.37309237016524,7.40752146340509,36.054238402639406,0.19590033679651125,4098.485127841081,89.2119579304492,75.60346841351647,118.58765492716347,6.834631248713965,156.813689785736,3862.384437779479,0.24845656329964222
39.70432334248571,142.3308936378008,231.55222106484186,7.572485641842763,27.649645365449103,0.23450734405056534,1151.6998523661757,45.07939283111775,36.512912011263005,138.11823068058683,0.829766946117903,230.63446234916313,1084.9058698027159,0.0
113.01582123263931,99.44577251668711,114.14909535084456,7.259476072331008,39.32816001272467,0.2748300863326363,1125.6272175079457,34.47333646842586,110.26899311312411,95.81995939892712,0.7141753110739468,113.35918606447541,1060.30556584882,0.07653680870738498
28.16927888979536,92.54161341263337,143.92062520008244,8.29455136269663,31.60274884399187,0.16921925401191767,802.927274586918,58.05845025938149,24.841870859037154,88.14943481203252,0.8651260879971353,142.9637577192373,756.4784863444886,0.0
59.26757576479777,84.53948563897063,92.8123510418701,7.878168716857576,29.078452064273364,0.21675667111239677,4987.2477954966125,67.26975665165565,35.01810670423541,52.53018647902834,6.304861955746209,85.83889658202551,4699.121540498584,0.20233873826116858
81.14912772577355,124.31642762200443,176.43927855709546,7.855515665506255,29.988637679556675,0.09977091832912316,1462.2969478102755,20.477248141943125,68.88361959516656,108.12595688960324,3.189032113957811,172.9120688618224,1378.3670680459825,0.3246668992858365
29.17460494193164,149.23334333969478,144.1781014401859,7.957536316542781,26.069579835070225,0.13132461997388767,927.8012294215694,76.96193342343582,26.99169277629442,146.35189928105368,0.567557163065677,143.5503582702676,873.9510111492896,0.0
89.16740473452778,110.35008566560735,80.27634369470822,8.006457298358466,27.874720299813195,0.15279528389549968,1625.164139111794,96.99232595002547,83.03835990447196,102.25974648993363,1.593551655814524,78.51380551715071,1531.0848019034784,0.1677279921997368
53.581871642435615,84.1217696757438,197.35916966140087,7.765983638127199,35.84845558221706,0.4761084857108786,727.6081130396963,96.74563472160797,49.1698157351465,78.29785587812218,1.1471345358951694,196.09038844120465,685.6657154014039,0.15821681941158536
28.056642195786402,155.44326060937132,150.8584629510912,7.499660721271747,25.58710136503634,0.25483101685955667,3521.2480726541967,56.535792498218946,23.940609900137208,150.01009797911436,1.0701683968687918,149.67480966378514,3316.4270545189406,0.0
79.77146164005913,148.38731479028857,97.3038021556728,8.254673682197195,26.42864826542655,0.22069016590291507,2048.609285846752,51.41121920608154,77.30599343172288,145.13289675528475,0.6410217341674239,96.59480394090411,1929.4550612598937,0.033145687372826055
86.1181744657285,108.3060321575479,161.2638169232887,7.637155356885953,30.42097729020565,0.21573669075196505,2858.2349499120487,20.112956171255014,68.67675448981763,85.2833577893456,4.534769193736824,156.24816286450175,2693.4859513317865,0.2740337478614332
89.1673615631259,92.36860856835831,287.17544975356134,8.497597862806083,35.31242766335908,0.23220980831682458,983.3694837372851,89.56267390901873,87.08652194259798,89.62190026926142,0.5410183013372666,286.5770597312582,926.2691744208801,0.072904072653814
41.115969056335516,139.9124749550603,252.77775960004917,8.140203593932736,39.78523847662572,0.12221649852209565,2096.659750264136,37.36586783095335,29.17469545617723,124.14999380285136,3.104731136041152,249.34379049188937,1975.7169000419099,0.0
56.357414140294885,83.89226025213097,242.43333126991132,7.21927504037854,37.61985573590778,0.13832929767930585,4897.998915136307,69.1161474009634,38.02871374482336,59.698375730108566,4.7654621028226,237.1625207133279,4614.442654927332,0.14615396904742223
64.91200200872198,58.20465371972557,285.30564663825305,7.9498433508558595,38.2452385344661,0.4004905697304836,1366.9613496390941,77.65727975264952,57.74780309214062,48.74791114983817,1.8626917183111533,283.24542772124187,1288.0437672364533,0.16121260160499526
116.76318813836816,95.35719091447378,129.46016255049176,7.1522486784857096,26.502474707301396,0.22142600543778246,3233.509185373684,21.417663906284268,114.71454787016576,92.6529857604466,0.5326464697326295,128.87103214193584,3045.240188789465,0.018471438710053058
81.2398769133111,124.82993252081042,238.16695196152043,7.797290988060908,39.0509223182728,0.1286541892166101,3394.907580864603,57.340044707158285,50.07653984547408,83.69432759126558,8.102467637637625,229.20526660186954,3200.3407835291523,0.32392186728649125
30.823669214916244,106.32128254147975,240.98235710983917,7.18689489231835,31.686456694291273,0.1220643920291235,2848.209379233783,48.789436642957824,21.743156734935265,94.33500606790484,2.3609332447950524,238.37106116381025,2683.1515259800035,0.0
82.57553451398672,70.87894183114584,149.83915668904288,7.717916448035992,34.18711268938155,0.3959129159856457,882.1086715695121,85.44661795329387,76.59177175878241,62.9803749942762,1.5557783163531194,148.1183974852963,831.3280357081705,0.16820836251575313
89.45722718257863,156.0207906097182,266.58845888277847,7.677622997861511,33.12914461627986,0.29519186759444477,2711.6439263588613,54.16770107766163,68.99464225659246,129.01017850741644,5.320272080756404,260.7040041033485,2555.7627924798735,0.21108797362808093
48.554580424071474,107.16121676013925,131.5777193937751,7.937646896202895,33.39169765574824,0.4672916199407272,1363.3756173493766,66.58275707184345,40.92302288914503,97.08756081403632,1.9842049590808781,129.38310149123126,1284.716986208135,0.05565429388898001
87.14847253145223,77.85727979662815,230.04547058133355,7.906990716287961,30.31409482518022,0.1431495892064707,3851.726743666116,68.12007370391389,58.00030997111595,39.381705216984244,7.578522265687437,221.66329183362535,3630.3156828549418,0.18926242574821245
72.02165092878903,81.99255771617572,179.86575417609637,7.446883556408226,39.42633349110156,0.12264678873651114,761.4783244729608,23.261585994284033,67.50168810276963,76.02620678583007,1.175190334765046,178.56594200912818,717.5730920552587,0.1737801589241979
98.1499436379539,152.16397522542306,291.7168853997566,8.472888964134457,39.17630037359917,0.10979014149184446,4979.141903734944,66.90870795077633,86.5724921362419,136.8817392431632,3.0101373904451245,288.38754113219284,4690.13442617479,0.0888590318531186
101.95296490670712,30.42952050679061,191.75285877611748,7.1521029630841975,36.90292361654616,0.39027589329124324,4083.798833412094,27.57678672240056,94.78177004057937,20.963543283501934,1.8645106651932244,189.69062802390104,3846.511962484244,0.014394877854427317
64.95116621536067,87.60707544188983,90.04500712513426,7.019400455640666,32.55833863244964,0.15866910492561165,2318.2633562251262,99.3821206207208,61.377642337373246,82.89002392294645,0.929116208276732,89.0173637585073,2183.508824178716,0.07201955379893293
97.787499653825,128.49931486352193,273.0945830447455,8.086723864538916,36.18249597941823,0.08937269956289107,4397.12635550714,47.308452063229524,49.89621572479762,65.28282007720578,12.45173382154712,259.3224181091552,4145.925233561022,0.5153786620585119
55.23436269329413,89.23725639527487,161.61299437261255,7.266209962402871,39.96044187459796,0.26879291895421603,4123.276758448841,83.55214114381894,46.022949419969564,77.07819087448642,2.3949674510643866,158.9640550984408,3883.9066246867733,0.07846969302828188
64.12476576316226,108.867447968766,291.1872426234445,8.285246649852315,32.20591712434528,0.252769653614281,4693.24563351685,60.26161523571636,46.364090673531805,85.42335685045381,4.617775523303917,286.07977991552644,4421.564199070095,0.11026249105267859
63.39669515708111,83.31639377437462,143.803271257919,7.901493942323676,25.988308758787483,0.1741272841447652,3967.8927449743933,84.88711750146076,54.94203069756929,72.15623668781899,2.1982127594730776,141.37195132120507,3737.499418112758,0.10149635173978619
69.94330767097674,30.986288598478623,131.00551480901254,7.746618521653344,25.643063762801585,0.26035523474323513,4760.552927621905,93.20874870507778,62.597561930079635,21.289904220494474,1.9098938926332412,128.8930882123803,4483.835321989036,0.019468538607042684
61.54443540517738,39.4978072570753,101.5828940297028,8.165878674165388,37.74468910978755,0.4659281463376225,1590.162790170873,51.21133151436954,55.93928606918412,32.09901013356423,1.4573388273582428,99.97101322779501,1498.06777332055,0.0742178700425886
47.388741192872615,116.94533026375163,122.80410714651231,7.675135291496087,28.245094870740644,0.0415128333744641,1335.4144695856126,64.34244827602947,38.56444799203956,105.29726323865198,2.294316232216591,120.26649254461566,1258.5131760952231,0.0
82.63606828310657,40.38956193945182,170.56981686287506,7.544770969510588,35.7814831710564,0.15065684617596292,2336.2653885233753,93.87120121215551,60.495231786384224,11.16365776377833,5.75661748914781,164.2027448817462,2202.444833177346,0.06880076935096337
114.32919900595441,132.57747219102748,299.070023704508,7.362928238786459,29.55714994945449,0.3257306489289525,4191.653277038216,89.69047488039875,104.12674220331658,119.11022921154553,2.652638768685841,296.13608862683503,3948.4032245856224,0.1003950098196945
46.54480268801414,45.828246061290955,126.94999051688313,7.824400045131094,31.980936284000407,0.04219277699654139,3138.2768918347456,31.554167752894735,11.826434459763417,0.0,9.026775739345187,116.96597976781618,2959.025475433536,0.0
51.73019214703456,45.2965277019301,237.41532772391687,8.418498372434184,26.68567567436079,0.18916120358959193,1738.3853464106714,49.861386252085936,50.322089260533,43.43783189174804,0.3661067504904045,237.01039756527,1637.201744294872,0.02552898734772358
98.11388915197801,157.86055877500775,285.5360529253288,7.561120107917761,39.096045986066244,0.495530296216623,951.6444504490139,45.58700875777453,94.67246258253927,153.31787570334868,0.8947709080540667,284.54639697043183,896.5388191174894,0.1192661866004375
90.3707110028564,154.6568700720086,90.36023151453665,7.055793516091375,32.48991991633836,0.3558562792266878,3892.2251223388234,90.55358479813192,85.77557104792746,148.59128533150243,1.1947363882815158,89.03880055321208,3665.830285023451,0.038670478156397584
27.94397796452092,115.00784751477305,262.6896159013311,7.388659793830092,30.991179504590807,0.11521666719501894,3003.1234066207944,45.44267244319609,11.21052060684869,92.91968380264568,4.35069891299478,257.8775516640462,2829.8527338086246,0.0
108.19577966294916,154.4036560583639,92.17731469203285,8.335351970377763,38.88605314395461,0.48687148823433307,2719.829994609272,53.69080947197067,103.16775716061724,147.76666635528574,1.3072858506063012,90.73139907814797,2561.822716077536,0.08043934277817102
26.085715889760422,71.41679400305237,162.36272387021518,7.096442993641579,32.44764925171565,0.09036384203226744,3570.198486108924,78.46427052130157,16.638834320791755,58.94691033201372,2.456189207931852,159.64607064188175,3363.0935271483995,0.0
93.87066868901154,150.66223682506333,262.6345367330771,8.250089688070023,26.90118678483438,0.46317739311372697,1609.9203350674184,38.66275912356369,92.41158761761206,148.73624981081602,0.37936107856386897,262.21494670497344,1516.2306681120542,0.03367338800869883
27.493715022517797,133.52813946498017,192.89942955380295,7.741544608781799,29.71716656220166,0.14024644334740138,2020.9409455903985,93.12630280203282,13.63517800497565,115.2348706018246,3.6032196245609565,188.9141102657583,1904.6166396773856,0.0
84.32782471406199,101.729056660633,161.01439261387307,7.2174437911886,29.912039449978472,0.08861288215754076,3992.156691519763,59.730321495253364,72.36699976844739,85.94076773242173,3.1098144858598014,157.5748010973698,3760.7235548165495,0.12871130011250273
99.97475260102303,151.46786142546196,194.79663920149338,8.011460333254414,38.59444318238824,0.27513667803901404,1974.2793746122225,20.645695771484807,88.24410986710667,135.9834130166924,3.0499671108182507,191.42324151244006,1860.4478509431704,0.23556144413862068
58.46558076165271,90.5157524616368,86.0424221008529,7.079682069514703,31.433638473966333,0.047345533989083144,3182.840810681649,84.07437997542588,50.229759108224826,79.64446787911199,2.141313629891254,83.67403510251714,2998.186387272193,0.09910121879115427
51.195780298739585,65.2047861920461,170.61193634982897,7.844276107065282,33.5302064619678,0.31323743718555414,4071.9483250789663,54.08031737259157,20.005924757323754,24.03417687737724,8.109362440768114,161.64262503484755,3837.917947410577,0.3391630451924772
22.42846068224013,75.67801665422341,258.8913966262723,7.879670603723726,37.5097871772091,0.17694935218171493,2616.0439758464754,57.3786953214954,0.0,46.07244855366643,5.831399777382435,252.4416121472224,2465.9401824051142,0.0
115.69115362149876,29.123137594706364,132.96906707582497,8.433706327079692,33.65955076644269,0.14689129397625128,4933.896353031755,61.73834799974457,99.6607156486387,7.962959470531128,4.167913872943607,128.35917112734387,4648.001766994534,0.010349442484123455
37.214259044667415,66.61038080207253,157.55102668609422,7.1705940578849185,37.24746442868033,0.10616417560077623,4079.1817620379516,71.16579034445563,22.778962465133123,47.555789317087275,3.7531771106789122,153.39984782686523,3842.9400483148415,0.07362989513664796
117.75036468099854,102.1203965067083,189.67112214663263,7.7511038832969685,26.07082887938884,0.0687866807726098,3314.986435466294,62.556052169795144,107.31550148635145,88.3463770897741,2.7130644306082523,186.67035363080058,3122.863915046821,0.09367512491936085
92.59766172882485,136.98642777979546,192.59098430356158,8.409654925619165,28.424562336958036,0.12625188072885585,4976.373353955668,31.565859349506447,84.15202990119315,125.83819376732166,2.195864275184236,190.16226189370124,4687.1926694378635,0.0701142462757984
59.98824200147537,111.08178066329732,192.78359055644896,8.104362695494075,28.394474725164383,0.4726279270510098,2040.5500653975778,77.41111521310746,56.01734305756714,105.84019405733846,1.0324337254161378,191.6416734744365,1922.0264634017376,0.05298071674002809
63.284170731227924,139.00468709386746,249.97325223396695,8.14375866965841,26.409366228044785,0.1918076987713634,3743.0583421975025,64.691071086361,56.961317157604995,130.6585203766852,1.6439419291419632,248.15498019915228,3525.543322527699,0.021362878572756285
108.45923862771276,75.854966230082,291.2733192938987,8.103661655130194,26.153429734961104,0.4419209688057736,507.9988927957342,56.72609488489543,107.93933196247744,75.1686894319714,0.13517573296117844,291.123808991453,478.44214305247914,0.012325461640767513
64.11686990862032,121.98469985700933,100.96562760327757,7.281983703088499,30.099677735117478,0.13448017448743305,2715.8306270209296,25.674644981941146,55.024785916440074,109.98314898733143,2.363941837966863,98.35100402095487,2558.4906645420306,0.07811995062350373
115.74861757459067,62.81043975407428,210.159048188623,7.036891625561599,33.82801704536447,0.39066784614178707,2103.5303866327517,75.45300684729601,113.39756514470652,59.70705054662721,0.611273631769878,209.48295268271494,1981.1624746228722,0.021316502880010836
109.22443596157665,41.01487832587138,192.3701971279377,8.102499662553006,36.08880171674102,0.32639330424587387,3327.9586061644354,59.02069636359019,90.01050132126211,15.652484600656177,4.99562300648178,186.8448184949444,3136.0176630986202,0.03836613831157126
56.31822787578399,125.22275514118347,212.95994205052105,7.978753411701123,32.832139974979164,0.3413790160927057,2661.048415489089,25.090898766152925,39.39870283109827,102.88898208219831,4.399076511618282,208.09437006267072,2507.738049846817,0.010649553727666204
88.37748223816148,72.42142381532736,173.91083714545186,7.311348344226272,25.085202637649743,0.39123090850180203,4390.073255640633,33.755894867387795,86.31403153156413,69.69766888261886,0.5364971837153117,173.317447677969,4134.38735510587,0.013744607855008905
25.391655115781035,82.92905424851233,89.74604177107022,8.04532659826625,27.433537255697722,0.21694194734908984,1001.5479475238174,29.236201893940297,22.776949068997034,79.47764226675743,0.6798235721638425,88.9941270179022,943.4450119020593,0.0
40.77308232401862,75.06819726262775,222.92242693872853,7.568433434994706,29.79900179557122,0.3656206199861381,4940.909902659787,65.68469805143687,22.96453555072594,51.56091552188142,4.630222161056095,217.80119770235166,4654.796652037652,0.05503259084248837
93.21318663293762,91.71635607864263,99.34517797280616,7.2173981972956485,30.409168701418672,0.33491679406043817,2984.898521186638,89.81262735567672,87.89907625617526,84.70173038131634,1.3816686979582051,97.81699166017438,2811.4704193891043,0.06204010824194079
57.64851787674562,44.04680500567417,193.1076805302372,7.354896317601992,35.0047779316031,0.40949007110286956,1914.4172575416972,89.02305860757734,50.63208832057352,34.785117991526995,1.8242716846047484,191.08995585929804,1803.571556631412,0.09233323398435701
20.992282678337375,50.22402667963619,88.10921320289539,8.3750819691312,27.210871882434027,0.32745146984706724,3028.748799786696,63.047863871499416,18.50746907222712,46.94407271957067,0.6460515375886647,87.39465180445252,2852.462299593377,0.0033031604178672667
56.79547916278717,153.68047259226896,238.7766145376023,7.009142195450831,38.70026253672168,0.033000808472100795,3533.3807677523405,25.43504089614288,49.95778463313303,144.65471581312553,1.7778005777100734,236.81028895357457,3328.143285574451,0.0
78.36476782922992,67.12971326036599,123.70523989766585,7.18724512926632,31.42032958498471,0.043745780041239024,2459.4263172842793,35.38190205758844,68.27463526386026,53.81073827407809,2.623434466996102,120.8036060613674,2317.1393090322504,0.117664132847731
67.60422834773635,124.49977311347598,161.10696402317961,7.666088132081931,27.11795993215169,0.23238740415127823,2582.4816835544166,71.92743833986677,60.774555531714775,115.48460499632745,1.7757149321656196,159.14294525480085,2432.6731987968255,0.07095131320743954
31.94455567396213,60.92551724569793,283.54494336735553,7.35593281171119,38.67385251250739,0.07791113706809383,1428.8351618970305,34.88032028756991,23.196456028938204,49.37802571426636,2.274505907706221,281.0292398551509,1346.4800225197773,0.11709823492633392
116.86617046327144,87.47838319699923,290.48768077485727,7.541765060275596,30.07530668732914,0.3038363460380926,4717.665515641834,72.1666145456079,97.24413915857652,61.57730187480195,5.101728139220681,284.8449452010928,4444.759464146071,0.09585327683013826
47.658609811010066,30.70429955150421,164.66441804332405,8.372559443168056,35.70817037242723,0.36875953937140593,3764.541636526757,35.3373477375642,38.00088504902734,17.95610286568701,2.511008438115506,161.887132336771,3546.1305333708333,0.04538797611085038
35.021579564394884,96.46457385442426,260.4995170466765,8.423701611825104,32.8412790567371,0.08813247151338921,3774.227041685257,50.53801127242526,20.371798653008067,77.12686305139368,3.808943036960571,256.2866586217306,3555.7846769447733,0.0
58.49634281944836,39.41269371801974,218.76067105156665,7.698595856538093,37.73975911836936,0.3357179185968124,2399.2790911792017,22.491443653232103,43.09362059542589,19.081100382310076,4.00470777824584,214.33128821771552,2261.065659390774,0.106710037092117
71.28844894440624,96.44844325620502,94.78799523159472,8.378959897838053,27.25539978556217,0.1258183116107825,3327.6440382351284,36.06036012431875,66.76815370120228,90.48165353517577,1.1752767632330339,93.48808747094193,3134.151790441701,0.06316396410717746
93.627141247746,62.33246013097207,189.57291469698276,8.386845228279746,27.644894462425516,0.2849669841825717,2453.567940935316,45.470345667115566,91.18238179852926,59.105377658006,0.6356374567963474,188.86987172965794,2310.805634901788,0.02341920917280664
54.294060493363844,159.21074977708435,114.22027796662447,8.01264644435283,27.215083035101713,0.4269559410992149,2001.794266158978,98.31082150604813,50.84052869787015,154.65208780703273,0.897918266828363,113.22714089457749,1885.474545506642,0.0
48.91801425623093,141.46892426446516,151.19999850250102,7.463599381164366,38.79875766422059,0.27032553146586585,4421.125023350181,96.82769287253286,28.29962011167259,114.25264399364815,5.36078247758517,145.27073744350153,4165.61131976308,0.0
23.805166711051434,101.0004420341093,232.98077411375237,7.118408548116641,28.712199593035994,0.2204261270332048,555.1085088503766,26.664083086517802,23.225968477950886,100.23590036641659,0.1505915406061433,232.81421325043354,522.8119775693633,0.0
81.10483721441324,158.03429156926478,251.94950104732976,8.00562720437542,29.90682327479759,0.13008173655980104,2210.0140602273063,84.24294600683842,66.44455022434197,138.6827127423707,3.811674617418533,247.73362137432787,2082.7540670586686,0.13364659423093925
54.93615152577391,131.9722954987331,190.95120802081897,7.5789811547407115,32.15647460872351,0.36322565582077293,1344.5671761924261,68.99855090729206,47.643367832900104,122.34582102413968,1.8961237601471885,188.8540117959969,1266.9687370539607,0.01536213676348027
87.3562150057715,76.21565486684375,123.96743768346354,7.7195104669844,28.870742095127724,0.47266483977794466,1298.8356098662107,90.30785552604725,83.618863048693,71.28235028350015,0.9717115088404079,122.89268204209228,1223.5231101685633,0.08883349391005604
29.414558572375654,65.69966971407928,288.6114971234317,7.318994351363694,34.41226741184706,0.2670974105222306,2327.153034640432,84.97510363815275,19.52178876283106,52.641213565480406,2.5721201504815943,285.7666191767728,2192.555382741002,0.0
83.40129219308287,107.24791399994822,81.82742024717544,7.4978695437140175,34.375511885249615,0.3953072372427301,796.5967303663554,89.97528013700946,79.21411502980256,101.72084014441825,1.0886660624528783,80.62330772864928,750.6088212037924,0.18301343350729968
46.791540027345974,136.57412428325898,298.75967144506956,7.056242683424182,29.313757890852003,0.35342477178519577,1380.1101482546833,50.62605159160646,45.822537661345876,135.2950411601388,0.25194061516002914,298.4810140503898,1299.7642288403622,0.0
112.42060259952311,74.05917582037088,122.80222993799808,7.48001238985627,35.76873417079097,0.48717348163778373,1177.8565251693296,46.06171042248481,107.26465874897055,67.2533299376415,1.340545401143666,121.31952779926058,1109.7477011510223,0.09937919061464744
102.63463456791463,98.61126896173207,193.93836403435935,8.259334435577887,28.912260042041847,0.08058674610339994,3839.391500500527,80.13581517810765,88.48820435835944,79.93798108511916,3.6780718544843523,189.87025488981152,3617.096860363319,0.12051333040610392
113.34777440379527,120.79435955089963,110.31132508185252,7.603823985870731,36.774028044061254,0.48120311545260797,3849.535667282226,56.278423714341926,93.58322950977386,94.70516029079137,5.138781672445565,104.62760667161463,3627.249919640793,0.18779513758245742
78.81535626813039,127.38624903970346,269.5080082196048,7.1405992273512515,37.14072847797469,0.11525892153239986,2132.4617802483554,67.88311780480898,72.16180728573772,118.60356438294514,1.7299227354220892,267.5946376336682,2008.8670611425002,0.11239216523928892
47.64411315249552,93.49735234476103,289.8165051905482,7.7153602617056665,25.82300428789894,0.48941239070833065,2269.4930705358656,66.46010564318796,45.15210556534631,90.20790232972408,0.6479219726587949,289.0998750087008,2137.4659129072984,0.025656316411289775
64.26016537084674,37.383290992681395,210.7491189656887,8.417191383345923,31.602990303356144,0.35551885440163594,2874.334902550265,67.18814747836028,59.08261563711414,30.548925344154362,1.3461629307704739,209.2602035922596,2707.337182846803,0.03419647149983472
45.861902375671384,73.16139074115269,80.34248985832001,7.829451890048842,39.644130783966446,0.10786237245329938,1432.7657346904086,29.80614575810467,33.33011189238415,56.61942730321351,3.2582655256546804,76.73870496648325,1350.5857102034988,0.30156630547720814
40.891645665743766,38.72777979634704,238.29739045604958,7.525457947967974,34.266660813140106,0.3656691607970586,3024.9933406966916,42.26393358522307,23.765690809814345,16.121519386520216,4.452748262541648,233.3724551524802,2850.489752671192,0.14504992669833075
71.46812104550685,91.16072140328244,211.43842418840893,7.879810258770704,29.781429420060665,0.09391043408654387,4755.843242404287,26.559033465719175,33.13036597189704,40.55488470611752,9.967816319138544,200.41358119366944,4482.711027200981,0.35981864101221356
21.990416624195724,84.97396644937939,103.87865656184253,7.317694597474441,33.68686702470551,0.46545649805198475,711.3048585062397,54.952623954932434,19.93540615574824,82.26135263102866,0.5343027217963454,103.28769426570184,670.0609910569414,0.0
22.949702652772313,75.92450186193334,162.97858931707884,8.08559328034589,36.71457999573778,0.1254225641749077,4576.853295787583,31.483722373655063,0.0,45.630894360273885,5.966922689720802,156.37891053993164,4312.477944695104,0.0
118.41536428255458,145.11603397337805,207.5456031545896,7.062123887004767,34.33839756095999,0.47403564965387035,2443.7557668211793,59.81208394750478,115.6572217839473,141.47528587521646,0.717117049637892,206.75244017606155,2301.5989138093905,0.04972548961754024
98.20323428387283,46.711426216781874,190.8438087012815,7.32096817142233,36.79826500154731,0.004095891092171233,2684.5410431222194,53.187500072993146,73.27365140358549,13.80437681480253,6.481691548874717,183.6747729387074,2530.7167606417747,0.06812280731871558
85.05320418076948,147.6573522428937,289.4351335146025,7.616823562747834,36.311664896314895,0.03900770553414479,2842.9114461609133,45.98310946749096,41.68401819515506,90.41002674188265,11.27598835625975,276.9633947447395,2681.8256021004045,0.27500256265477563
72.00057303257961,48.09040731463594,138.58621625516406,7.743806197709308,39.34989991535571,0.08474604305556888,792.2251586249931,50.370364454617544,64.14671854962658,37.72331939713791,2.0420021655677956,136.32767210170914,746.8838023258448,0.15928545644277187
104.66759845097994,101.1915373362341,115.57425489184072,7.16992028350859,37.35589635868779,0.4544707953731135,4903.600901443245,72.3636829974557,96.52890720508215,90.44846489164905,2.1160597239334225,113.2337998235561,4618.629479125545,0.056206472222298645
35.92841585347615,67.20133674625586,99.27636266582954,7.704182411281495,31.854666198934442,0.08976706865970907,735.9797024428613,20.857064850272316,27.53968947417458,56.128217925577786,2.181068858618411,96.86400463703895,693.9741441888757,0.1761627051521724
79.20721532544304,64.4504236248143,173.9402819661778,7.726521041442101,27.395296935584668,0.17364938463231816,1427.8931493864168,36.73668232152871,74.26838605383152,57.93116898628711,1.2840956106189898,172.52001577707006,1345.1859818997243,0.09797144658174416
89.03573746391736,100.34790165838088,164.86354714426523,8.34278410495573,35.17154246329178,0.36343375741092787,4248.434323876894,89.3041901482629,76.45524041302554,83.74164555120372,3.2709292332318696,161.2457556352016,4002.128442611357,0.11736028526060596
21.290447296527965,99.194466778847,151.53705172308548,7.024621552230942,34.565954523542985,0.01843169447473425,546.1978777089795,75.67380795875486,19.72309810014183,97.12556583961731,0.4075107910603942,151.08632687561047,514.5263348991931,0.0
20.386592563185772,146.62357131721203,192.96009959025378,8.041626438226102,37.269790659074815,0.12929882317750363,3476.9637583667695,37.10682477993523,0.0,119.71326913380683,5.300514066428301,187.09749804315476,3276.438496264924,0.0
98.01806022900489,35.93427516411745,273.21753062709087,7.60684013724917,28.321344249024758,0.04742501827599954,1579.0121241349184,23.647258996807263,88.36512419019628,23.19239959289002,2.509763370090249,270.4416220205018,1487.9995273731183,0.05944432290629994
68.03014383342784,94.88620452626228,151.06574258519603,8.339291167390895,27.527429069441734,0.12824016411279626,2595.4232427753664,75.74488361469002,63.66497485051609,89.12418146881882,1.134943935557053,149.81044470482442,2444.597070207296,0.07551941009828371
97.81970170718502,63.920812349992524,203.23250312783725,7.473556256064713,25.759832690357882,0.13411753616909255,2048.77548041882,96.49330062549636,94.48580300004751,59.520066056570975,0.8668136638557599,202.27376911391332,1929.7043474012296,0.03716731361687379
21.676019577632605,78.60880992939374,200.21363569302972,8.129939808787137,27.42111130431232,0.4919677123232509,2102.955869759352,32.56178192870817,18.85743251704075,74.88827500941254,0.7328326357538841,199.40309058546242,1980.671392539647,0.0
98.22482110011093,149.84952133657384,99.56942030587453,8.242653658655767,34.917573672657916,0.35900540645825807,2342.236552063982,98.91151683140154,88.67913773944365,137.24921930049308,2.48187767377349,96.82435450515693,2206.7226181636124,0.1605860750187041
76.52020811740849,138.33724207463,178.6072441398769,7.591581015183681,34.61899880718191,0.19750753929524878,696.7633778067509,76.89920078944908,70.11571750792493,129.88331447011169,1.6651675584657297,176.76549562603537,656.83185008339,0.17199413722924567
116.42183890420922,40.48760209876664,115.54890656176153,8.138583639265008,30.092940008278834,0.4483959397318559,1166.1546357009497,62.384909181085405,113.18555681974321,36.21570974727148,0.8414333419611691,114.61824429947156,1098.522847433623,0.03237728361893448
101.05133115625374,128.9696648652857,87.8300385791128,7.72879909262883,35.13110861642981,0.3467881497302688,4467.4477519305365,68.81367149997871,67.31792738903147,84.44157189255236,8.770684979477785,78.12927546719585,4210.634982956733,0.34229050968304503
119.3906564741849,113.55265081901022,156.5250435197641,7.451841302160864,33.735466163382725,0.41988906133053117,2164.8077508613333,79.24794378529297,109.6585009974038,100.7062055896592,2.5303604239630784,153.7263536662269,2039.6564266722087,0.1490396799144701
38.04834987574286,94.84917823670231,109.9088130684409,7.60255368299396,27.870624076116485,0.22829479129942926,3543.0226701047904,86.67789428266373,27.045703238995287,80.32568467619552,2.8606881255543644,106.74476625704482,3337.668081822601,0.0
89.66721000240598,138.23449112105885,177.1025277540968,8.477164496196231,33.16032345070344,0.42589223385249225,4872.248011297837,45.290613602628596,82.37760337377188,128.6122103712618,1.8952977234448725,175.00624516217678,4589.013500881031,0.0582672227995116
50.95351982911092,64.85487117373961,112.49444255336823,7.01680418331396,37.12355529045254,0.056556959273561414,1201.453607849298,99.71686290240538,48.33258452802446,61.3952365763055,0.6814431782824775,111.74073644464151,1131.6984298232167,0.10081970483906252
74.74444076998422,45.43809678811716,207.57463706210507,8.328371971429217,32.45575065642034,0.245068935644291,3928.5679830473896,30.21513426750729,61.28807726268984,27.675696958488594,3.498654511896534,203.70497138493604,3701.0012945494523,0.05720913409068799
20.00404866307364,122.2604368503775,190.65612270039958,7.2728569853839025,27.833123210870244,0.25118551492611346,3928.172222587331,54.251078348419625,14.637651168593177,115.1767921576633,1.3952633485649197,189.11290010662972,3699.7643292050757,0.0
43.5317971530583,98.65872879226818,229.99047255042146,8.142696269592667,34.31592862762259,0.26379821386410784,2818.269771532121,20.614036349420246,26.197534727726513,75.77750239083024,4.506908230586262,225.0056339415367,2655.838920994633,0.0
119.00307902179858,100.62652528493696,277.0152585780181,7.394276080595329,26.048740943809626,0.28541796678279907,2483.3642133740154,76.07360502166519,116.41568121461773,97.21116017945822,0.6727234298670222,276.27119689432465,2338.880261062351,0.031395149152957186
111.66586826051703,25.51410015720864,146.98920623334644,7.422709035220409,28.38859691795148,0.4902619857830296,2382.6663205384107,27.363172451562097,107.85328329443408,20.481488001979162,0.9912720911815641,145.89281572810003,2244.183140100866,0.011221491724615965
95.67231296250102,74.84581689041192,223.60556143889252,7.451980909907738,39.020206111094694,0.1586943163436631,3276.035633267315,95.38745384107125,76.73566566748362,49.84944246098888,4.923528296704529,218.15992272391108,3087.0919026873926,0.13714068763209375
69.19717925470216,133.6292080638438,197.86135438594437,7.094325556645962,35.99277299558133,0.024781922779937293,4762.912123599858,89.70229576489427,50.84392691926585,109.40291498106791,4.771845607213441,192.58348339291103,4487.233002467795,0.06940585369092075
118.34030020535009,96.71986776157709,88.17744397668079,7.941442611791476,34.830150483639635,0.042382455667245134,1030.205538056979,37.85080938152208,101.58275324696648,74.5999057765107,4.35696220917974,83.3584522585056,971.9430667451309,0.42067561231646017
44.246507049335065,95.4505416980674,129.50684477014426,7.111502962826496,35.62285207354411,0.2970415000214238,4325.1465210836595,75.06457122058227,36.07173011089248,84.65983613932319,2.125442003995073,127.15601248770349,4073.898233968553,0.020662211606506546
31.426044977683247,28.412782451655815,242.13517799626527,7.236027318630795,26.00910159669303,0.1462887869147974,4436.816979315699,67.41683251787215,27.5752531397576,23.329737225593952,1.0012058778606705,241.0278002863018,4178.597233502358,0.02727061848894362
102.69742471939287,150.58473452430894,286.2552051717359,7.426071372908269,28.58051270693713,0.3822630077266123,1781.8291128761944,65.27956449229389,99.05168162028295,145.77235363348387,0.947893205768573,285.20679362052033,1678.3521471246847,0.08615070746736128
48.69914118336523,52.121915247600796,99.93581070540486,8.154779713958305,29.300344488493803,0.06105324405337975,3422.2384343127983,69.37123859771442,29.607093106808385,26.920411786545756,4.963932499904777,94.44548316567496,3224.788742056512,0.1876630845211505
88.14198113957224,62.824733142887574,264.7987691004155,7.211074319992864,29.99307759277195,0.3646558838071631,2082.7380855654233,44.71418591354307,84.98207427766604,58.65365608517144,0.8215757840956004,263.8900701699843,1961.6686140972392,0.03798875665265015
45.14905938327868,35.43919845167895,250.47441229647325,7.440639667799571,25.98882467750452,0.1999867765173311,1657.4632731815152,46.75006727535297,42.89523000376937,32.46414367072663,0.585995638672426,249.82627536205155,1561.0871373313707,0.03779055341874855
62.66040739682319,126.61723904670276,225.1365659414457,8.094214251747385,25.630583409022503,0.28320928718561694,4481.439911679775,94.93524044426056,57.5402336452895,119.85860969467832,1.3312451753987602,223.66415026118318,4220.754630140325,0.02311379540173143
31.06539530652907,38.27499584254746,133.84518453673257,7.880907708457003,39.00422913861486,0.26760142273926996,3165.1297382982684,21.555708779715168,11.567611612675357,12.53792136666055,5.069423760401967,128.23817902591432,2982.7104578766716,0.2524279828591676
35.061554029543586,110.57681013532967,190.0336812451556,7.6331762579256,25.143721908132438,0.4542540219453162,1372.1564388985084,62.195896729100156,33.91553616221432,109.06406655045498,0.29796464550560803,189.70411924987937,1292.2930690439023,0.0
118.11932189259124,134.92731502950608,181.89971708668662,7.867947977016458,26.586476683430025,0.04841096285357932,3427.4623823002917,25.47621801311142,104.23842843803432,116.60453566949097,3.609032298184802,177.90796872611185,3229.1515706897962,0.16337701679372388
116.8396555582185,71.40023109708726,267.7115252934101,7.54264803097833,34.000520302005356,0.4935591097273983,1144.0252835928782,28.122110378650014,111.33003349154248,64.12752996907493,1.432501737335766,266.12711540480734,1077.926337424826,0.10049365413066416
116.18451855863294,158.0727976994599,211.52557703370988,7.373483615833812,28.561223897900792,0.09767163724263861,1158.6769849973202,36.246672142759834,112.13565737976322,152.72830094335188,1.0527039065061254,210.36124024041496,1091.5678999598815,0.16079703605323536
89.0281873373965,113.81587392124258,232.2821614341376,7.558168884458252,25.30654904674906,0.12989285460815048,2220.9445049554165,39.3807278592291,85.43431191798174,109.071958367615,0.9344076090478496,231.24866554566879,2091.865062825402,0.07458669876701704
87.38616754251706,120.02227822157377,116.29091057138672,8.15292046988444,29.610535651589394,0.14633365153317834,2847.928140919047,91.86573095335808,74.30952110879035,102.76110492905453,3.399928072768946,112.53044067551646,2683.31363978869,0.20851085564095687
27.49830543019756,142.27063891812975,207.30088307981381,7.240438542506959,29.883960467170226,0.45390336964589756,1646.0739649124835,42.85929311102549,25.174021597728007,139.20258425926997,0.6043137964420849,206.63248545770503,1550.369262362521,0.0
29.754085528017598,86.65171538886742,239.86944382586668,8.03211435301268,26.538252664032278,0.35183514442315167,2733.229332969676,57.34416588623783,25.61578409094467,81.18915749193116,1.0759583736389609,238.67938656974832,2574.3459188497695,0.0
21.015208286945313,32.001577568899,106.25109975663307,8.444773223918899,38.10152969298363,0.4683442555827702,4855.6152552451285,48.984940297317074,14.395557490578545,23.263638517694876,1.721109207055359,104.34747732047786,4573.278672474705,0.05245564844073383
111.20627288286683,30.320223534196064,286.45214715629527,8.467826916420787,26.240583740441295,0.25178921141873084,2055.993437784461,36.002128750769636,110.19595989406284,28.986610388974785,0.2626813770890383,286.16161000680074,1936.2533117247222,0.004724280194670765
104.87415417992854,27.681151888069685,277.9680228918099,7.428373408425397,34.063650669072565,0.3821996927072825,936.7185148767674,27.26063156343332,100.626508454278,22.074259530211,1.1043878886691352,276.7465213424192,882.5690710119219,0.032375361883553944
77.02613951226928,117.97780786432018,232.59064660470307,8.3684098085148,29.140173972653788,0.4410661477761861,2469.6618623020813,20.21395436067604,74.06404185417271,114.06783895563271,0.7701453911051083,231.73883194959615,2326.016679537198,0.0476726328348876
67.37830831659662,65.5203589121133,130.2930035438668,8.091885267684637,38.88880470998631,0.2499266532008218,3645.3741707233244,40.56375936411325,48.27251206752081,40.30070786333323,4.96750702475971,124.79872242252547,3434.918981740395,0.16036683001017327
82.15301332389157,96.85296537099426,229.37976895721576,7.472097626968252,36.70740572072027,0.25774745551604866,4722.8039377922905,47.72162322058569,53.06378036998316,58.455177871835176,7.563200568016182,221.0145366806132,4450.609740557705,0.24666336227876465
68.22967545212835,33.9403334394417,113.09259958355631,7.575965656493077,34.84593784473242,0.304138960641883,2208.7163204926264,77.7327219860531,52.82483388568194,13.605942571732436,4.005258807276068,108.66260728737682,2081.6113594929875,0.06865944277082323
87.04949632739654,93.28016627897046,104.9109895950464,7.7083426844781044,25.252337374336943,0.14879975667979317,984.2722278130576,27.20905181570214,85.32636708218114,91.00563567528609,0.44801360375600646,104.4154668563866,927.0810791315711,0.0625664982509651
101.54753165424012,147.62477659266983,262.3710493267783,7.782791931320225,34.15407358133254,0.40162677731936874,1584.853739955522,50.27125489929475,90.64018773507497,133.22708261937186,2.8359094189829364,259.23440885402414,1493.6346760603053,0.29038246693875974
95.73121857072888,118.53623924859595,281.992062116193,8.281844585356916,36.53850968922251,0.2190318168812484,3737.058877208585,97.09733028080305,78.45175851408369,95.72735197382431,4.492659614727744,277.0229831027605,3521.064134241078,0.20381403796508651
70.83687314466795,26.302606645677457,201.98462269588236,7.291320597924272,27.393695345142508,0.37626073479248057,2391.5276756309468,90.7263147248948,68.43866449564473,23.136971228966843,0.62353424874603,201.29496640867043,2252.3768474517965,0.012490023217206903
103.11272317151982,36.44036556123283,261.5757581136205,7.849774776336677,28.402083998636773,0.20867806786864757,4652.455931405264,74.91175443875844,83.61803417810266,10.707376089922182,5.068619138288462,255.9696425502278,4383.337218476146,0.02107172972904371
56.31630487638656,65.84565987215169,232.20375753486977,8.000045056548316,29.2038362330887,0.49584032242264936,1424.9967610998926,21.066811008889772,52.468868619043995,60.76704401245952,1.0003334269090667,231.0973447940083,1342.341829574873,0.11369420365098787
59.126159567388264,28.033644698422282,101.19385120639322,7.935090487230862,37.69449997998479,0.4932663423573315,3488.076629151579,98.17573834082859,42.43440183854109,6.00052449634401,4.3398570095002675,96.39377859094044,3286.5323480653938,0.027789222575645332
34.97478564850415,40.12480991450166,232.71986326478066,7.820968020051948,39.5046263765292,0.4880366791055762,2379.9861448637266,69.83848433199076,25.512922224864877,27.63515019529783,2.4600844901462127,229.9989016830969,2242.262705890931,0.15915390620861486
65.37309774004655,121.69565051536324,125.19705260304333,7.867277510781951,29.62866499914964,0.18977823357458218,4901.808552098855,69.4722272418023,36.28008624360307,83.29287534005788,7.564182989075298,116.8307337255661,4619.180194909848,0.07936851415740734
26.860709988901235,120.7601266961185,299.7118536354867,8.23458405462602,27.822659589479194,0.3815019707045435,1793.572379419104,74.74977896197126,24.334160390664255,117.42508122644566,0.6569028955416156,298.9852901581652,1689.2913013441823,0.0
87.00296265257677,112.95189204609699,122.32387437244996,7.683672276818236,36.48157862983605,0.462577615536666,2473.134293091308,46.99292301969102,72.640838246988,93.99388783071977,3.7341523454530874,118.19373773981421,2330.5046262142073,0.27149512255462677
105.05543616760272,89.3853767616487,295.88620291309456,8.008561515742523,26.39137891450403,0.13069955120551907,858.5429764216699,93.49710984547572,102.895604801958,86.53439935899766,0.5615561550676246,295.26509712180274,808.7274988996303,0.06180925471585987
66.69181753428079,109.68959755373922,86.40947684509466,7.70854571364128,28.88617303655562,0.20131887180902724,4600.890842224513,35.386998961583586,44.58342399387996,80.50651808041013,5.748182320504213,80.05173453126226,4335.057433527448,0.1466256392487377
24.638811568006716,99.98869665875156,154.72669994585783,7.281568935290181,25.6608985922226,0.0463432784597263,3315.160294209498,36.8079411428331,20.448866433358624,94.45796908101609,1.0893857350085068,153.52179143785116,3122.3604481154666,0.0
109.57233391049425,120.45340794082132,96.57825824472714,7.141067194793047,37.726711686805025,0.09274024835583367,2300.2463562808543,77.87234821863049,102.24569548141729,110.78224521443973,1.9049259915600076,94.47132636505114,2166.9430421399807,0.12449898229024785
75.63815569195327,105.8577284816117,260.1505228310765,7.065833551878591,26.950758681500556,0.4244523789181964,904.3246699018401,52.25388511468665,75.32987537176298,105.4507984589605,0.08015288324947557,260.06187021899893,851.642670247672,0.013014103659533063
53.96040648936414,120.76835671581325,171.99479056688247,7.3694868340734985,36.32161786747355,0.1270579383703545,2864.228301158212,90.6842914201354,34.18242690384578,94.66142366292904,5.142274692234772,166.3072087232184,2699.379528834877,0.0
80.91426639956464,158.8386240119163,187.7574762832801,8.122281497685576,33.83444959664584,0.0003666145332303361,2584.8585029075584,52.81512624099133,42.869024795313386,108.61890509430461,9.891762817105326,176.81675180480048,2438.2463397706315,0.07450510141141886
115.28691866161442,64.90994219678885,116.16696093169229,7.06698678953377,36.434294415023594,0.04686893063305575,2655.0825456719485,22.47058683582015,107.22703729053733,54.270898786967074,2.0955691564800474,113.84916933169539,2501.173436229806,0.05582844579083095
67.91356331902927,72.08012954976394,170.53076702368605,7.122375508810182,35.357765520132475,0.17717999667232398,1557.2362782270025,43.08615261136575,63.81637682758117,66.67184338105243,1.0652684877765115,169.35253325121684,1466.8995175568168,0.09973889966195544
89.8102542391015,113.81017671930981,230.94762905405955,7.832169937226113,26.533627682078162,0.08195380733443902,1030.6738304356718,93.62481678943556,86.16334060095994,108.99625071696299,0.9481975459167947,229.89888088926259,970.9833681070846,0.15689183394168288
65.67648897949945,90.30879494395096,265.9246777958706,7.385216848868423,35.656779996536386,0.22893037414766843,3430.3378401105074,92.73250013470643,46.33585573973685,64.77915906746426,5.028564642338278,260.362864265636,3232.442670403734,0.25427293302342885
107.29623800124135,86.00473167009952,207.91019705961747,7.646363662653385,39.12762447288398,0.23987457315795335,1151.981651174259,28.78446176328965,100.03849583044195,76.42451200464427,1.8870129644078493,205.8230777753576,1085.6056753830571,0.17414615959134583
105.50727454092817,101.58792050752349,136.75715099908578,7.66397202106239,25.819406905989442,0.47605780643200696,2224.692560540458,83.451515162237,103.09076265605658,98.39812481949298,0.6282930900666169,136.0622312241934,2095.268851259773,0.037426351315806766
82.77604333538396,134.64002938123562,85.08887203814054,7.138986875291931,31.284879006370925,0.17804246757673353,1397.4345766089752,34.46366261446705,79.77017968739521,130.67228936589052,0.7815245484770746,84.22447153479749,1316.2963922319282,0.07780728247348798
52.13231460541475,64.46302328083013,138.79619592542676,7.390829593417061,38.62647246542537,0.0816852181887689,2283.483067329833,49.77230107822547,36.78711263412348,44.20735667872566,3.989752512535727,134.38335427282544,2152.0135438125726,0.2948555628606252
21.70828730426409,146.09977387845316,251.88664485631736,7.208743273435444,36.467553716048144,0.46705646416842994,1883.368602635442,34.50080230282101,17.970132819216047,141.1654099581897,0.9719201661124915,250.8116584308313,1773.9825562600486,0.0
21.76596036756972,66.7812144130859,278.89713226788047,7.403627627252964,30.159614500926402,0.03886912082294025,4214.045834900282,80.62022931055672,0.0,38.05014672789389,5.659149695568128,272.6378639507495,3970.7116989966335,0.0
20.964168664723164,64.61714827057503,175.9482276537811,7.929368961733956,31.489248493637415,0.4461392780584492,2387.3748185502827,87.04406497327287,9.818361558732159,49.904682890666905,2.8979098475576617,172.7430119817297,2249.400482353976,0.0
26.86172726969334,99.59964901154278,144.898969023529,7.578096487643849,25.636541738535858,0.26892279705125105,3255.295514512565,46.12154805999616,22.600423007212548,93.97472738506815,1.107939108245003,143.67353966918984,3065.992933929806,0.0
102.83717490937703,143.27529436063634,206.02883547210578,7.8650104173462685,34.98044580177382,0.25096841022310173,3933.3954821869106,23.149295135452075,66.69589431634793,95.5688039778379,9.396732954187575,195.63563578156746,3707.970964112741,0.4008769834654863
38.40048804064864,57.62270000721962,214.02693821512696,8.2509748446265,28.97424364956317,0.2966047701089678,1159.8008974961995,39.89984197542857,35.919246582418594,54.34746128235598,0.6451227791398101,213.31340406435314,1092.4588162093673,0.08812841870653736
67.60153812306345,43.97934029389206,115.94110716122611,7.535416487252649,31.326466624228487,0.008886541172284046,3321.7040930834,40.581413608357025,34.283856082236106,0.0,8.662597330615105,106.3598937400568,3131.6163055253965,0.0
24.029441764252194,75.34459215459066,239.1908832646814,7.189617801549686,26.490907999670497,0.11996877730679512,4473.728243067304,23.82942211538061,19.806831006525275,69.77074595439115,1.0978787970089996,237.9765810567808,4213.396589359566,0.0
79.73934297344161,147.95400113545335,95.67338557169283,7.369772176305733,37.65021022645829,0.14906670583720943,2686.923626479993,25.693981286830628,63.99981213400706,127.1778204273998,4.0922780182529825,91.1471462031526,2531.9788980035496,0.1391973326032186
94.86598299964017,138.61214652446563,283.850998362221,8.065990557699626,33.34409293483097,0.15997694923198397,2090.67509782248,23.100411127067602,76.35434945214226,114.17679024176843,4.813024722349458,278.5275814577762,1970.7830799562012,0.3660429122253929
23.55420070148239,156.6806622327975,234.86303772338988,8.126326613576973,34.44725999585521,0.18062751299791918,4609.447880025064,99.56970153327694,0.0,125.58911730684069,6.124092182385423,228.08952257880645,4343.24518024954,0.0
65.6161612565877,57.913609602087774,143.95038606387172,8.426486345867584,34.20945542727807,0.0469584585538067,2178.398229024644,48.03360514171133,54.97476451856702,43.866965907900465,2.766763151885375,140.89022440192372,2052.551810091501,0.14238737243350538
39.73169620566708,139.02182259685435,242.73366653391315,7.065798015193764,32.87065871719213,0.03188984173417042,4537.894851262803,53.80549866762425,25.937371946153704,120.81331457429668,3.5865243074734816,238.76681300042733,4274.845366735037,0.0
82.31108028576594,132.20084683073094,236.45649355317633,7.630047617675483,39.79744563249655,0.4663695683225477,1627.338680966961,55.07572918617334,76.40048692669437,124.39886359675646,1.5367542733586093,234.75677577720333,1533.1092468317295,0.13275032598066341
83.33285711649955,66.22439508648256,231.5466923954213,8.189792133563671,36.85558164540916,0.35268843307529546,781.5006455602444,49.132359006365206,79.89952351949142,61.69239473843184,0.8926667352221133,230.55936374816739,736.3121793040644,0.09058164955399552
45.65958699142619,107.52772355034544,215.6072455457985,8.17266379108385,28.806827113655086,0.13900269404321153,1321.1943875909287,45.68475623013675,40.767911009742114,101.07071125452245,1.2718357552378572,214.20053929563704,1244.7018708240405,0.022228954512433622
41.38177574883269,101.23294016682028,185.2110235460447,7.824206061361828,29.17867309051822,0.07939006242363494,4972.619453606341,53.53133055458358,4.438304040729265,52.46755751212377,9.605302644106892,174.58713661055722,4686.701042835018,0.0
72.48888555695973,39.67645402001381,151.2441265693742,8.399685309749977,25.481989659943448,0.39226942945006477,4290.183075736144,51.9124399450054,70.89033585507157,37.56636841352137,0.41562292249093374,150.78442934795973,4040.27030938617,0.007205685141608103
42.746857416206794,142.2143873521154,190.77117266200716,8.139879987722844,26.80652021763784,0.43922815709036644,1511.278172039647,23.24109708751079,40.95029493558314,139.84292487769218,0.4671062449621509,190.25453262293638,1423.3746135868896,0.0
35.33553543494889,65.70694234322615,221.06602104905093,8.268199426179585,35.47799172032716,0.4097793729839412,1464.2225365532017,42.075548348336085,30.343135507898197,59.11697443951922,1.2980239810331824,219.6303494700291,1379.4033731229404,0.08665707686072076
113.50701663158723,118.49742782854705,220.70343831092106,7.562750682355831,31.611083509599492,0.06274162139576339,1279.5988806255623,99.86811227348329,99.86277895429414,100.48703409452027,3.5475017960961956,216.77974539029378,1206.4661476607441,0.3873314556898008
64.34064206240919,81.28395069850771,143.50864895625287,7.985838224308958,32.41103146314197,0.27553128918802294,2885.2758647489427,96.76665414607926,44.4705212649646,55.055391245880884,5.166231407335589,137.79456993264483,2719.2100312180573,0.3099722612111315
30.125387730589175,110.67096068582376,120.24179044194005,7.577932072646773,26.044782541277872,0.10637370710783517,1336.7396626921245,84.33446987270577,27.00554406563054,106.55276704807835,0.8111593528892438,119.34461254228837,1259.151683450739,0.0
117.11204907026713,136.19635569985542,100.68248614353753,7.795525391674501,38.04821810701926,0.08855231893411702,2604.546282118866,70.03547261186336,85.61021087151164,94.61392927749813,8.190477931676426,91.62345753009544,2456.0874725668236,0.4829692296704323
75.04439945824589,92.42655146542857,265.00607518993377,8.007599681869813,32.72121015855945,0.4968138069037054,1783.2388839833734,21.250286599396773,66.6038351882659,81.28500662905499,2.194546710194792,262.5788100648668,1680.191997959798,0.20912193133536391
113.06579869978326,39.176371944765805,156.46504753461826,7.349924242046329,31.377905332292542,0.3745298277570012,2244.547500538893,35.01327560625952,106.42619875634688,30.412100019429786,1.7262959852934592,154.55568829374147,2114.417574548775,0.031004000959891934
79.54160719254402,30.255974988291072,212.39129613995271,8.318609651732823,37.29712921660506,0.3305598743122686,2112.253789254398,39.52843703423943,73.15285018110013,21.822815733185113,1.6610768229754183,210.55407215937606,1989.8087259695697,0.033397030510458954
95.87220297791835,36.539729678495846,187.4697032197943,7.227462646121487,32.404383932100316,0.18663472991201202,4991.531568284564,64.51501108720052,79.1394839100378,14.4525405088935,4.350506957648946,182.6578512935595,4702.352478347736,0.023393916662091153
52.58176668844476,146.4705823306626,209.98488046059393,7.510736006878728,31.188099475667546,0.38449186434479593,4250.033483360636,81.37177547245075,35.096064426892184,123.38945534541323,4.546282588003669,204.95649208166458,4004.1584059192865,0.0
118.21440865649018,125.72284872572186,263.900582757618,7.804359737551057,35.768495794562256,0.27003764800186125,2135.5815143387663,27.502014214407147,99.34152517527188,100.81064253051366,4.906949705116767,258.4732806936619,2013.110406693125,0.32384770899729487
104.04492813376694,138.68491800414847,98.16260239685226,7.36994923706906,34.01165857901115,0.4425656220626834,2428.254217102046,92.68724706650899,95.30550284057718,127.14887661713793,2.2722505762293506,95.64939338039636,2287.6399998978495,0.16942267067141434
59.094843996590136,149.34594146333936,226.30334928451953,8.019934088849553,33.077404226503596,0.06365903625834857,2581.4907152391406,90.28956113285803,26.455967518187418,106.26262451184773,8.486107884384708,216.91734094865888,2434.497205621179,0.0
55.36280636691469,113.62838759886989,199.24643432408908,8.420771979808256,34.444214131612,0.21293562915043146,4340.24311979877,75.68796975427318,42.27594092995698,96.35372522208569,3.4025850136090052,195.48302573486103,4088.639602985553,0.04050366362063176
83.13234748826558,127.67812314644702,132.13098830652086,7.029513754620504,34.01031333196498,0.342763896204298,3630.9861541001346,95.34265660876419,78.82558243715032,121.99319327897484,1.1197589132899741,130.89248572825008,3419.788661593444,0.046793154788063826
98.13908287605813,37.70345639707581,100.75211277200529,8.293401967024149,25.72377893706251,0.021621560589976996,3774.676075024152,80.45502213532833,92.22138360247405,29.89209335594483,1.5386018111318585,99.05035153804462,3555.2746995965217,0.018643109636015166
113.59241913076168,155.77449658366302,144.1894018072174,8.128737730569467,36.63129404381897,0.14604448081183974,2641.370365655309,31.337407442377092,91.8766817680302,127.10972326485741,5.646091714310183,137.94457619133482,2489.719510333024,0.3722869982236303
25.785117751037262,48.49732224714816,219.61882411250198,8.223958360314503,35.17435620970412,0.41663089763004635,3087.173269581402,35.802049253702336,14.131656433579202,33.11475330810351,3.029899942539095,216.2676215936387,2908.460522044506,0.04523363420907499
79.6849290654838,83.36464784276481,135.009059009309,7.988038471108625,25.5174830368288,0.40738075082579434,3607.4417580986997,46.29102106688879,75.99845988633827,78.49850852629274,0.9584819865778348,133.9489358010776,3397.5504460292186,0.03821505096404654
80.8827286472082,123.68060592535711,270.8340796299482,7.552967615054803,28.98028797973559,0.04799749051004448,2011.207239550219,75.91567567208928,67.26529263331001,105.70559038701155,3.540533363613521,266.9180941019515,1895.424687693708,0.26175054075003795
77.32820194772954,105.97831516877204,171.48889759338562,8.183475270457448,31.888335931297107,0.3277365614844731,2191.188594546851,51.758125748129416,68.27389984647188,94.02663639511192,2.3541185463269927,168.8851390034097,2064.4270548615777,0.18870410022668002
97.31521086369412,88.97540382820497,172.6104416882487,8.20216677751114,37.760565914178066,0.3817466589445202,2385.3408958975824,97.75691296178596,88.41134627994506,77.22230257765622,2.315004791774752,170.04994463009348,2247.2457493390757,0.11802625481919032
39.15725392146716,56.83000278358933,122.717837798633,7.150209965132717,29.41877962358387,0.2058567201700493,1490.3853271181401,39.52626629816913,36.97400445696514,53.948113490446666,0.5676448607705208,122.08999763119832,1403.740966890425,0.06321218702285775
70.79167842931058,123.44604268066624,142.53514172850615,8.311486031896433,32.15850825278529,0.4963773010777557,4311.42281311172,82.79944637596557,61.04592677391977,110.58165049555033,2.5338954304016132,139.73254200246305,4061.142352720229,0.06792992601452326
62.15260032177789,157.93523324212416,212.37713446135692,7.71191516846471,33.8022598327379,0.22672178988480257,3612.525384500834,60.21927990695427,28.6042576036659,113.65142085421635,8.722569106709114,202.7295896197056,3405.5279249518053,0.0
105.11557499757194,113.85917377914623,91.68655242665093,7.9645211019600755,31.093113425334558,0.15159639862101848,1294.5861045393956,78.20466838593481,94.64239511542911,100.0345763347178,2.723026769357126,88.6747651262576,1220.2409502138146,0.3087077266801094
118.20689037209782,97.76369708181522,179.81279164333552,7.82491877932262,38.0547202024801,0.308468041065864,1556.936511584388,91.98153152839616,107.55863504836852,83.7080000544925,2.768546384169627,176.75065764809733,1467.3171180994498,0.19247977628166518
66.05646972218474,35.57908090345987,162.25549096470678,7.910772703045265,27.876577545647805,0.2317307997003779,4048.662165588509,90.55076154772752,52.56228451184774,17.766756425815004,3.508488154687623,158.37494884636277,3814.098933891619,0.04236091575908101
107.05012064860925,95.22754398210513,277.02525978786855,8.058390453219658,29.311136805366665,0.29225412640355697,3976.6953935933675,95.33341312038291,92.65169169595657,76.22161776460361,3.7435915276896976,272.88468300477,3746.423950510668,0.1079164230751044
90.54219353239289,82.92083780540746,290.06725224196424,8.112141299172343,27.965229508510987,0.3610542347931261,1611.0705151394013,51.0274777420549,87.24403744650962,78.56727177204158,0.857520582329649,289.1187967846953,1517.5102819580281,0.06669986556669211
95.0366099921391,86.95482149833401,120.54041664263241,7.654951148429735,37.85522594315769,0.14860542329155574,3245.7799860009873,62.32281970403392,64.05605141804949,46.060484180535745,8.054945229263291,111.63129315554062,3059.8865873157897,0.2518060628045297
46.672426530313416,102.35048294052439,219.03468221768463,7.878640924226409,36.24622239327037,0.33531055858092707,754.855415667997,85.1965261095787,41.07813675311337,94.96602043462036,1.4545153420720125,217.42592431461267,711.4510213929201,0.0636679626149811
89.47613447901921,142.08266728193328,105.39661500701082,7.055981047403982,29.402157096147207,0.4621989523150898,3794.2842592212696,76.35697652183057,87.19574106277298,139.07254797248828,0.5929022882240153,104.74083901459602,3573.351295931766,0.02265907363273927
114.20699649775466,34.6632015224829,162.85007499769065,8.328377167893617,27.607271600619967,0.3656032317796677,544.72748084707,90.72030303858372,113.64567840195363,33.92226163602558,0.14594270490825917,162.68865595099814,513.0341707432722,0.0057498535854653785
60.41254861959077,135.14030184828465,89.54295691605026,7.482233222775141,25.793736671275592,0.3313605039167251,1121.5141100898688,51.8911564785277,59.22867877880251,133.5775936584441,0.3078061586049478,89.20250977469212,1056.2652386006823,0.014711976618283221
116.84199659493127,70.04196248561851,204.85404427413172,8.479620810091701,30.370424553490928,0.35530039732335167,3171.0807345355242,21.126474879525937,113.16144935656261,65.18364013097188,0.9569422819758542,203.79562404686953,2986.6251667057577,0.024206802109753244
76.24806835867122,99.4832563307967,126.5013988817623,8.154434552832063,38.108412614313764,0.05782289268333557,2147.130232739877,42.32305669679619,56.84473735445613,73.87085940523276,5.044866061095928,120.92155526583593,2024.0425758877948,0.4251812966297035
106.47882114684869,96.92497675866299,87.0638380929883,7.701607762860985,36.288776205684336,0.276439134775261,3232.1072732609978,91.17230007286857,79.79000773694818,61.695743057594306,6.939091486574132,79.38889789382691,3046.552422210651,0.2325204041749955
93.05559066427556,93.91679053239733,232.42547827654562,7.027800274318781,30.381941963358564,0.4334990844329544,3767.8116651199066,35.11456662603874,90.52948619704767,90.58233263565651,0.6567871614792486,231.69904280618428,3548.4480942794457,0.024242589313471487
60.828874289816305,89.00990293705158,273.76440377065205,8.256886272926153,33.76950798182982,0.4774175038346134,4717.790365975233,66.0952122936779,46.13865385359162,69.61881196123502,3.8194573134184124,269.5399160937777,4444.350137616174,0.12805099662040695
68.4997040977978,42.38919391756143,204.98454037006087,7.919909322039964,27.081894565126635,0.2421998273471878,4194.386626187759,62.40547827206589,57.76585792159181,28.220516964969505,2.7908000058135616,201.8977928911033,3951.0339776465717,0.046134443310532486
25.759312729307197,78.10729168566333,170.7345088007071,7.010156297890901,37.33895759490785,0.11889028972077953,2556.3301205670223,56.99588062700768,21.540658470427,72.53866806394146,1.0968501073088512,169.521344368832,2407.767105439943,0.0
37.55567918174439,132.2667312016473,222.07619049042518,8.27709051955598,37.326111939303296,0.08944973053732524,1171.502398303447,62.91492573886273,30.131577852376058,122.46691744688114,1.9302663456357645,219.94123106527968,1104.0062817803966,0.0
26.02953876823441,49.888352987085405,102.50910863255856,7.195325761270778,29.240962489346156,0.03933893852497761,674.9117617647594,20.79787173779417,24.12278161256082,47.37143354159629,0.4957568604751326,101.96077975336271,635.7734841306324,0.04483249227149109
84.54331642833925,43.005708335303424,236.75107476636023,7.676369776155175,39.789702768096404,0.07996596158076752,2479.1771423225764,87.44457607371156,62.48474662319361,13.888396192511205,5.735228149337862,230.40766033525196,2337.0172462492724,0.0764659442927408
87.91697511099456,159.45002238557186,259.2426312680634,8.113540655362687,35.570549402229204,0.22103472403960228,3435.3628700614477,96.73972720880539,62.8854851914728,126.40845569180311,6.508187379075648,252.04428995263515,3237.782791219687,0.16793512320742224
82.62459777654513,61.98117471723892,103.28107227506928,7.733493548865658,30.298829519767352,0.49368647938825433,4406.196286416163,54.66517146603812,65.83162182572349,39.81444646215437,4.3661737472136295,98.45189219092589,4151.144146832815,0.08454799447231713
109.12917847109749,51.319069705267296,208.91110807277042,7.4050925226169095,35.51783237832996,0.14591775287318554,1561.869762481312,76.93251574338902,97.61808980132297,36.12443266116489,2.9928830541413816,205.60084785959103,1472.0549621985062,0.09999594959453122
86.14134558355606,138.5513681771817,160.41157968274302,7.127259697955123,25.9107240440041,0.16752383483342476,3473.055560802703,85.01001187110798,84.29286077755303,136.11136823325788,0.4806060495607717,159.8800082663881,3270.801531972329,0.019691548453588784
52.408614119387494,113.06864396344419,88.39107197681614,8.1803995557073,35.374064308466764,0.40637457738895516,3569.056050216789,48.832100693201035,36.82564564740751,92.4991255804306,4.051571802714796,83.9098554719453,3362.673266573491,0.022868977448515154
96.81784585419848,53.01811383197821,158.87959792764218,8.107056130310403,31.043446712740632,0.2089077460193446,2557.386980169812,91.87683564013432,82.61819056822429,34.27456885449231,3.6919103743532817,154.79618277183278,2409.82866505837,0.08472152045629333
113.51486052022805,55.259726172223814,186.02488194834058,7.979248607045669,34.23128090987174,0.3698498020117611,2347.0894590046855,74.2515905318159,98.14698787687247,34.97413428299437,3.9956468872724646,181.6055208581871,2211.9146237892705,0.0858409008401686
111.02917051294699,123.82877302223383,247.81955892217312,7.395057373888113,37.50316308532658,0.4195228153937594,4862.408413583745,78.3844906021186,93.60432799819364,100.82798090275938,4.530459053835871,242.80867206757333,4580.830278187981,0.13941148330340952
95.19884014845405,153.42993389659077,263.7810041574587,7.350167618145541,34.543739184130196,0.25279973710520715,680.0375067995483,35.82100473405704,91.857880420306,149.0198670554353,0.8686495293184863,262.8202395956356,640.7536666306064,0.11550146027283276
78.77989369042146,126.28195936382038,271.9705636289234,8.052028720643719,27.732940118197327,0.057160347706199044,4667.565354923695,81.85998251350993,57.0897902968794,97.65102288434484,5.6394268823209375,265.73310961018046,4397.8006843961775,0.15696731767748212
111.13793856230845,157.71284767969158,194.32475305077764,7.532801660652171,39.861513636941865,0.4925217954370231,3305.758240483478,65.66227463792475,101.12497997208467,144.49574234059622,2.6033692334581744,191.4453122447605,3114.1285779839714,0.1321762297876282
88.34859802237679,100.44155867900061,183.59665311965475,7.416840998356632,25.40719970943073,0.19570379132999194,3228.8717441356675,91.13147565479544,84.91483223095634,95.90898783432559,0.8927791057693194,182.60920018563618,3041.0210552311946,0.043402898448816216
72.3070786091161,109.58448036876594,159.96003976755253,7.682844773459662,25.94695911415083,0.35019063398002503,2546.6082591067416,31.396881134356462,68.69962929281427,104.82264727124752,0.9379368222384805,158.92264041416456,2398.5466602967863,0.05708683841677074
32.945367686895715,107.30461327725017,182.2844920635838,7.105033134373666,26.920934882524143,0.33342444504701463,3482.526323095477,70.48939703834296,31.319912883383193,105.1590129366136,0.4226182489132533,181.81705770365937,3279.696395791204,0.0
89.22863335263493,148.45018529391893,94.70496887986094,8.108585419232472,26.039831717805708,0.2777500526479211,2055.496213230763,95.72933876416008,86.53379121096197,144.89299366691057,0.7006589568349659,93.93000927540558,1935.9650411290775,0.045669795400092056
109.38312547060943,29.63535146564537,207.19926991381845,8.356253337869635,27.70525749144136,0.3905842555683072,2279.7699124655246,93.57062320968988,107.283277818264,26.86355256454936,0.5459603896098182,206.59541372465117,2147.1017985919675,0.008449687656715648
53.43567306410833,25.79366124830736,236.18895109119256,7.299256825271729,27.686127275123567,0.36256681001503505,3489.1517879062985,50.786427424343266,49.44114566267557,20.52088507841608,1.038577124372525,235.04023913989485,3286.188741626728,0.01761619109715532
76.24616375853871,79.474009631786,163.96435809803822,8.00656964168881,28.96892233941072,0.42625329988486527,4142.228150111009,77.29405164281346,64.55340590461265,64.03956926460361,3.0401170420207726,160.60185501804483,3902.0183967237217,0.10167612800936746
101.15187993123494,154.37781125834067,205.57838617039044,8.11117815701776,26.262250349281363,0.2559811873251726,1317.5389210805224,49.019840973317955,99.20198725497897,151.80395292568275,0.506972095826552,205.0176527479185,1240.9452016831515,0.0591856247442676
32.592653654044824,38.52460662754251,281.4338268669403,7.5453336410799645,25.511566762768613,0.1776352365032448,3177.0760171524284,97.44356057835435,27.925111998507987,32.36345164223387,1.21356083043958,280.091575245141,2992.3764084097934,0.06277032432875009
74.80826967788505,36.98359441271225,136.55757145873224,7.30716631162321,37.151716410967495,0.36483884568719366,3092.5028734378097,94.43707510718193,65.13148585585485,24.210239767632363,2.515963793727857,133.77480491105416,2913.2683504362735,0.043066429751118566
70.86420588910875,74.34987062501801,249.50482521255978,7.791498542831093,38.45874589532253,0.36789210141472484,2292.047179751256,88.1094769651001,57.59872059499602,56.839430036789196,3.4490261764693133,245.69005065583846,2159.856279230785,0.20773160618871508
77.05951567735445,157.1907828491548,118.01381733999489,7.931185446712913,29.129973590553046,0.0049312376822031045,2415.45910710788,95.34743724769056,53.54044008978884,126.14560307356821,6.114959652767064,111.25040317459923,2277.169722733684,0.10496369307902986
116.2750518344776,39.72436961103804,199.80236885246399,7.984171385383261,33.12535681304148,0.4516713578383334,2324.1920987015656,88.14973614177185,103.85225573209762,23.326278755896464,3.2299269866187954,196.22992763045102,2190.0373413062116,0.04460208378437879
25.887981578421453,39.7270056123454,186.91537038793211,8.12458096457205,30.024204203898833,0.26955496158973874,4275.028159412724,41.42005303486626,9.736727579392545,18.407350333627257,4.199326039747511,182.2707312022114,4027.5532195018554,0.11006140107232606
47.61964851241672,80.78644100526182,226.84984623599468,8.38927996534324,34.53336289951753,0.37707686279327024,4091.852313728798,44.165228949126,37.690744152873535,67.68028725066486,2.581515133481225,223.99457702517182,3854.3906221706447,0.07492434812528435
86.65534710065128,138.27258621504015,175.9124940537555,7.125096366379513,26.145937322689743,0.47993403514691185,2070.597153521898,75.3755326700774,86.01302425409703,137.42472005758873,0.16700394010409825,175.72778035516788,1949.9664325356732,0.011665200805056291
99.51920381898158,35.7846010299111,147.15735570641345,7.484255391953819,39.30396448821581,0.2337347570568793,4068.3907530440756,77.46651340016697,79.9917607475526,10.008376175624862,5.077135198571533,141.54182100601537,3833.3218719709157,0.02371740990027251
79.34636130142782,69.84339820189388,221.02688562425485,7.4697983298109305,30.62100227723585,0.05453908541753971,2210.63929806921,97.27741491175229,61.7705060940486,46.6432693281533,4.569722353918602,215.97257183390423,2083.6543158335535,0.21934315678406843
61.00489137380507,63.4500926265208,187.1258877766321,7.3052559949322315,33.4148806461526,0.24254484934891335,1814.54105989247,99.64373183235345,53.441429075951035,53.46632239335345,1.9665001974420533,184.95085211869207,1709.5757954242808,0.1518139074045887
112.20227289194416,39.51407001196843,276.4545194261834,7.962631977245396,28.67133916669397,0.3603818100911753,1276.6577769359562,57.577064367900235,108.28137740632071,34.33848797094552,1.0194328262620906,275.3269819101034,1202.657674902964,0.03556480712358317
27.91066016558665,53.99603563143614,238.80898450491665,7.785410032927768,35.751450667474884,0.11593498852016543,2203.1671063729145,89.63096242664349,0.7265726572139618,18.11304012038421,7.0678627521769,230.99161762572317,2077.6417445983184,0.0
28.555605514008704,46.02591888382636,194.1145245746062,7.5008314416211,37.738285230247364,0.1816174122343181,3348.2837671439825,83.60215599916334,5.550812207575564,15.659591719334616,5.981246259672617,187.49900329948483,3155.562370987772,0.0
106.19323767557867,73.58299512381309,246.28295658688103,7.441192620666623,31.15190724806608,0.25343005582729367,3881.7502853337373,41.946116494830584,88.37589746578354,50.06410604688354,4.632508454546731,241.1591986094071,3657.3786308840135,0.09495468758320413
73.75990565360671,62.49149975607607,173.13661259790354,7.280152552975052,31.37064800248435,0.040410868509337894,1851.8404144093047,50.4879010051043,63.14646549996623,48.4817587532707,2.759494439946516,170.08449045086383,1745.0267367761612,0.16041330403491122
119.56282002212923,138.87009813645489,142.3506054877462,8.305003189914252,29.270226020172707,0.12394583872878351,2652.0517971240874,59.52148323127673,111.51431812408434,128.24607563103567,2.0926104934916676,140.03608629906554,2498.318145696886,0.12576781640504955
54.63755455822327,28.892115717387007,127.67175361168114,7.177917553115175,38.6986182809359,0.23679910400477044,1461.813281618205,26.432202419915072,51.50532132057344,24.757567843689227,0.8143806417889554,126.77101282491128,1376.9358266288687,0.0379741175817026
59.02400359889858,31.440260833326647,241.2308995859772,7.234465423811728,35.53852062324592,0.28722931840255844,4671.167995905001,77.09550922780971,44.63563335942069,12.447612117215831,3.7409762622642524,237.0932154013959,4400.413081020002,0.03294101675612984
117.98795801216735,133.9328551468987,198.6786270548336,7.051790630260732,25.146659182914306,0.026282262439544235,1990.9603509590747,23.815792211797977,117.06497251435597,132.71451428978762,0.23997622943096716,198.4132027966772,1875.0018071998593,0.018934306658368875
109.49606943744126,63.01227901692655,265.82586971335775,8.495734563913157,25.178541402712682,0.18697647455879995,1603.0917824876813,35.76363193630419,108.94097155333958,62.279549809912304,0.144325449866445,265.66623942182974,1509.7035872781137,0.007165323767158311
74.27188449835091,133.03703494054332,163.68551572615587,8.152222254315543,36.496207324398775,0.454465032794271,4504.700668225783,75.12087072330542,55.55502432641344,108.33077951358587,4.866383644703743,158.30308150814014,4244.1120705495905,0.10468186104422851
49.957027364834175,100.8907917607844,279.5464565742386,7.392501309977394,31.41240880527065,0.36656661783301514,2465.5471764077247,93.30837286884426,41.602845521978956,89.8632717282155,2.1720872791423576,277.1440325671432,2322.717910052889,0.059722605346891965
109.43688559630777,28.807410788491318,263.8657853012829,7.576607577664486,35.02584090537114,0.47949190787558815,1650.017475634306,75.60009105505867,100.85571406052966,17.480264361264148,2.231104599302322,261.3980855439226,1554.7513171491742,0.03366367371667613
32.425080245027196,90.2314993958662,225.82264103276958,8.308013350812987,35.52960872497888,0.42967936199627627,2490.5361104011868,30.91955711570396,25.149990296851204,80.62838066427383,1.8915233865257584,223.73053302338695,2346.134893079638,0.0
111.91071731526503,58.05293472499026,132.37045741481657,8.402850634651482,37.64030536667687,0.002734279568570308,651.0933743107045,21.948579039402247,108.15651367605727,53.09738592123603,0.9760929461940164,131.29085571114157,613.540895372261,0.0630128544537496
119.99409538881284,131.76493244413547,295.9605456840399,7.587412125798089,27.195366252943504,0.26006616497476903,2749.572085277307,83.76231408546394,113.53991918220005,123.24541985140661,1.6780858137193242,294.1045090120525,2589.9834445700653,0.0918369147997579
114.53084632113001,41.872886840806075,93.42599959133716,7.84645949149516,37.473953815528425,0.4201929822365997,4035.3755942792436,45.463943105220686,90.90266089884186,10.683682083385666,6.143328209794924,86.63120855489915,3802.6693020930425,0.027343648452289367
72.20022801773212,29.345125911505505,121.61102461444051,7.359758250569274,39.460605945019765,0.2935162868982482,4197.242323062106,96.07173768543771,59.401398229048276,12.450670590442854,3.3276957450577953,117.93044684806615,3953.943717179631,0.02444193234864568
110.49314887145337,116.712588911461,142.03218030929713,7.594504275300734,38.47607671205438,0.34211134265420357,1976.6819052359942,93.5891865373958,99.94959111597404,102.79509267422823,2.741325016424635,139.0001543433285,1862.583508682707,0.1980221719308218
21.326624623967952,140.38604438918276,100.31828422183442,7.878588679523549,34.836893630297155,0.18449501316464745,2497.4385372694965,38.337760349321705,0.0,112.23489988554506,5.544922402231668,94.1853563121134,2354.1242536641575,0.0
95.77155879303923,65.78483518257545,283.41980759520055,8.219765265748084,31.21346610692542,0.10168010499849955,3036.2190919925474,63.08841099096245,77.574364772374,41.76453907529736,4.731270445372958,278.18681451468626,2861.175750619891,0.11831472612650294
114.57660969206881,128.38099855954385,298.3570735484825,7.32439075489589,30.57418540800303,0.07955469117184327,2647.40203463776,96.16662197158686,101.30795964337547,110.8663804952686,3.4498490126602697,294.54138889876543,2494.497127392451,0.19787370400179882
42.42579785412582,103.7940896739015,208.74302288739466,8.171319996913503,37.687254774167315,0.3774318886215756,745.6313623684485,23.142981192623935,39.39763644968564,99.7969166200405,0.7873219651544439,207.87221018637499,702.4905023259537,0.011400111102058822
101.47545476007906,124.29138788106115,287.3385019180163,8.279972059020679,35.99275500214516,0.001012608308085139,1968.9338917199573,61.11745326356528,81.84082515901427,98.37367680765564,5.105003696276848,281.6921434341672,1856.2583937575243,0.4327666627006929
82.09044287699079,107.74366793217459,173.74805218303914,8.126178793966053,36.25148208080219,0.45736949118545656,2077.296349642187,53.88198832003066,72.88206597233155,95.58861041802439,2.394177995211405,171.0999860817422,1957.1902833385643,0.21010994057192367
95.2977167745206,137.95668536744554,229.3365554055417,7.6000173578850685,26.29827067982522,0.3014222519351492,1208.006773527337,95.226464363762,93.33274747238679,135.3629258886289,0.5108920185547908,228.77148637622813,1137.7995178432955,0.06978129344258652
78.57474154314463,136.84018050933747,295.66698221562524,7.4852463621975325,33.58069756171607,0.05032702988553234,4329.296174549832,21.18513860907168,27.637138164576182,69.60254404962704,13.2437768784278,281.01878284404546,4082.374318446326,0.0804170354568374
93.08197647371023,59.86445472364416,138.08268406042927,7.462584392180332,29.08321851190231,0.47033255268001845,1850.0645274386611,82.04853579032867,89.06858857308278,54.56678269481591,1.0434808541631362,136.92854836843455,1742.6492561062137,0.048251179554489834
89.2940679123905,27.436301965417936,165.3588601557036,8.051767132587592,34.42467158533444,0.14644441592239554,1466.603296283789,33.66146758083453,75.17232672412997,8.795603596914017,3.67165270894774,161.2978508682796,1382.6204692293713,0.044233812633326666
73.11197400461455,137.92595478996608,283.7315710765728,7.149344250745267,31.2125082678348,0.4368928224561682,3444.2041111391177,88.77377660105283,68.5773556438823,131.9402585537995,1.179000773790387,282.4275443965509,3243.918868906846,0.034114991339651075
107.70388838792238,91.90504537136005,218.8234583501319,8.07263884996668,32.649209438329805,0.06622190995702415,2258.9034575614396,30.42732485818492,82.4598499068772,58.58291457638038,6.563450005071752,211.56399414122563,2129.924300328783,0.28939744373308735
56.65943813140557,33.76153628334252,191.61341791074162,8.46654758872922,34.94808082337232,0.125883120894987,2894.3896408217724,64.19015242425,47.52029015927623,21.697860960131774,2.376178472753632,188.9852600724707,2726.6460980801885,0.05357525501093456
75.61627077882756,126.94743581978685,251.15714573095053,7.127067834294395,27.465749234671357,0.4107208021816009,3399.5694071826224,54.5650962184206,73.79384589258383,124.54183496994509,0.47383047042337295,250.6330684029493,3201.5962524040774,0.018445460168441827
67.096140555506,89.57579910066126,127.5397523724944,8.093865719306509,34.05009938290892,0.010221348385068552,3066.5850070949587,52.62566950611383,21.65830572316048,29.597857121965166,11.813837056409836,114.4731292985642,2892.681407953074,0.6897734915204189
104.40976342551414,122.80501850641491,227.76147345691118,7.383882601887724,26.27895378466743,0.04075817298460832,1517.0346368614285,58.38333821701254,101.04270435232492,118.36050052980508,0.8754353590292056,226.79320346914972,1428.9633092262623,0.09375998910888456
39.9775755817861,80.59387330908733,192.23498522772024,7.107082934108804,33.91375278585889,0.2769029600961329,4399.646691554724,61.299650272786714,31.630022836524088,69.57510368534149,2.17036371376812,189.83446755968995,4144.074091040408,0.03098997680031789
93.53315568801867,134.9734540288945,207.7676424926201,7.881662527665226,32.04168352951495,0.1420434896769695,1249.3735198490485,56.510865710168844,80.91783160227477,118.32122623571249,3.2799842622934188,204.1398357233911,1177.8927589706695,0.4291693689868045
23.199674866949852,159.5622182648945,155.32337289769626,7.736346149245653,27.299560062986544,0.197930851118079,3773.0597452840702,73.79082020390372,11.46165253659419,144.0680287888251,3.051885805892469,151.94785304755268,3554.374298847933,0.0
33.78219715555935,55.34767770862415,203.0537999920268,7.680415909663269,36.96988060601984,0.34345904723173065,3427.286205144407,67.36551524335081,10.967920342276233,25.23283231509042,5.931711971453612,196.49306581700705,3229.939658448128,0.09865785032489863
24.007345509611916,84.94489727542795,124.49075927630402,8.400126066933595,25.028404291006794,0.478144165144605,992.4781722808804,39.83497608749925,23.738990741914073,84.59066898206683,0.06977223960143586,124.4135881123932,934.6532590631041,0.0
21.108842715896895,43.667663607202186,208.86960118700387,7.154899284198947,28.769013456553363,0.32861894968777106,1603.9049889195917,60.65759547923305,19.553814891935957,41.61502687957375,0.4043072342298436,208.42241961419907,1510.5762175524646,0.018455211257176828
114.2727414702652,113.51746162713538,235.6707827953654,7.756278252004576,26.2263839235317,0.0684273250806286,1768.6940093492467,47.03258827687695,108.3695209173817,105.72521049732917,1.5348373437497096,233.97318522780043,1666.2238965626375,0.11748115166259629
70.76609610616916,64.72408823660157,182.75155759160134,8.01741212321709,30.092761170181653,0.32414266308650047,3842.2063587590455,46.14691874045484,54.48316405601071,43.23061793039241,4.233562333041203,178.06905156060571,3619.975856987352,0.12301701194754075
68.30551225762008,34.10969824552938,114.94755960660584,8.456806404166677,39.44326994369257,0.42612769340595635,2960.730034705312,82.82231182125092,64.8770153236844,29.584082292734294,0.891409202823276,113.96162184546115,2788.509307906784,0.01937328943102862
84.2944161329927,79.55770798252581,125.92799964726346,7.464628124593576,28.429222042517903,0.4333940973864991,856.6684152232506,23.377955031667852,82.61375994613908,77.33924181587909,0.4369706085819366,125.44469094667252,806.9110161577232,0.053630430312332514
32.44978474224635,80.2461614154771,149.1561349846901,7.12699383548956,36.41015708310225,0.05553461555652872,1550.4618327711012,32.4771158637934,26.584415895940953,72.50387453835398,1.524995900039404,147.46942248645968,1460.7088655893133,0.0
78.47637730726876,44.55674923676001,250.21684667766758,8.270622969476785,37.81848800162955,0.028106761072608066,2374.2940908061682,97.57099054318314,60.05729779025013,20.243564274295387,4.788960674424852,244.92004566798767,2237.8593333662825,0.09831577107839005
118.46887421453802,124.4140308778193,149.1469392770664,7.300251811080999,29.7043730074524,0.4233942565877793,3857.9095660495464,79.46503991371257,111.66564588778154,115.43376948650076,1.7688393649566796,147.1905251882434,3633.750956910018,0.06573673263886966
50.18172994489102,57.01385407315976,109.23812888347436,7.963963027065015,25.39941684079957,0.01122547199933932,4989.997717972037,79.27777714426304,35.92393230931537,38.193561194199916,3.7070273852496656,105.13799364912951,4700.643738414027,0.11131779391659001
52.67750039542386,73.62096905633123,280.7538023683749,7.126679689772342,25.3854982674652,0.255186843370477,4772.434127492453,84.56528913442392,51.00826808728726,71.41758240959088,0.43400040011552077,280.27377884890643,4494.417512391087,0.015757147594542095
112.93540090144718,39.97332462561167,99.64443911998612,8.05185183610289,36.71287048106328,0.11191539720151683,4186.842046352051,67.83656424278007,82.65257921537776,0.0,7.873533638378055,90.93596482654931,3945.9891121367436,0.0
80.65168198072048,94.63894354783693,144.79968035696774,7.7710132183850655,30.61822904548088,0.3914287930553257,2962.6254499977404,76.93187539514162,66.40212636255613,75.82953013185997,3.70488446072273,140.70191529134425,2791.4503102651734,0.19896086154025738
52.88760425008328,128.42218710671312,113.14143990960112,8.409132190355708,39.33037627827623,0.2877923483636869,4600.358159357108,97.2334308191393,44.39076659112316,117.20636139688578,2.2091777913296298,110.69799216567442,4333.101634742224,0.0005216708245553986
113.64101852014642,102.1309641058764,110.83944134972245,7.266073675931895,25.359808231518414,0.42543573964258113,3293.581540751712,82.63607494089206,112.2264058018888,100.26367531777633,0.3677993067469801,110.4326391494578,3101.743066369037,0.01384521458372986
53.48087118947891,34.116540190350925,272.3760088586048,7.7463664587836565,29.45186763886116,0.09415122842412255,3402.8730453642033,24.982782645985637,28.64495530750658,1.3331312261474255,6.457338129312809,265.23390904854614,3207.164423083672,0.02102420899447534
69.11126972289166,42.29034613732247,89.18725474210154,8.169874563855178,28.465360540888856,0.1712024250721662,3092.2597631838953,80.94410101489798,59.51532284521958,29.623696258795345,2.4949461881947332,86.42773458999383,2913.030784591362,0.05688304423904892
87.77694325159271,83.93701163270987,121.34678216591226,7.500654189273769,30.295469185699435,0.4341653245403573,3428.425356702462,80.10118999084129,76.78768039188932,69.43118465790135,2.857208343522881,118.18658414640042,3229.749474382926,0.10509481425323244
86.34993939712072,106.94851457560371,289.95856838340603,8.300561075543467,34.25667595099921,0.33850052427519,3799.598206222472,22.73412851120696,72.97891666833381,89.29876457360504,3.476465909484586,286.1134442758278,3579.5403570104427,0.15569181422236958
118.14994953370585,117.6901212671052,195.9381777425618,7.6097356556342985,33.524801224326424,0.27977845616671915,4575.411849747441,79.18921192014122,83.92171224820221,72.50884805024042,8.899341694230944,186.0951146488877,4312.358500705766,0.23489328552417404
52.52767637130983,109.80959400071677,287.50541355566975,8.041659150932666,25.457711653312522,0.05729070874517461,3036.7167323723625,62.708664641379656,45.87886955981288,101.0331690095408,1.7286897709892097,285.59340668259216,2860.4106318156555,0.03509505884976818
109.30711087196701,35.702218750379785,160.12034773431685,7.508709089843526,31.85653401974012,0.13495615676598866,1867.566825771217,67.18392274709747,94.78099857021013,16.52775051206062,3.7767891984568047,155.94305286811158,1760.2543433189421,0.051252685536781806
43.90553812961083,60.22566723434567,295.4697416809226,8.077298786327969,38.275521332901185,0.3584309517603565,3533.5368100749056,34.420041197921094,27.288335937964636,38.2909603413727,4.32047256982801,290.69110910781063,3329.3349518815976,0.21320494767878234
118.9114066051224,66.12394477991938,276.5901681508835,7.81644096997447,31.449339894775324,0.45222835936577144,1931.5912371422032,22.267553711838772,109.28305675273316,53.4145229747656,2.503370961621199,273.82132982904653,1820.0234845539378,0.08859013340586172
57.45884628315647,94.94596282337154,252.63112694239592,8.186785677420412,28.959900040342337,0.16340349980035118,3619.1713659694797,91.70414901289706,44.89966624014938,78.36784516660221,3.265386811181841,249.01946559574264,3409.544222313882,0.11314101520029889
61.60387635489563,27.887030833888897,106.14933774330919,8.07117421754986,34.46896175068865,0.3856500259599307,4803.203116492212,57.77813684554691,40.477337844373736,0.0,5.492900012735691,100.0739488830691,4525.458079252745,0.0
90.68319032314399,94.77346426508382,283.00214329616006,7.175561085458883,37.700487132333095,0.3066023623273562,3542.1354767903777,45.13961529565244,83.1925141115843,84.88577166582499,1.9475758150055305,280.84803883703574,3336.457427926696,0.07805014310861134
84.50493797429428,101.8809948883813,224.4561346155844,7.953768124796638,27.86983065447133,0.0809031240547387,4691.128774505416,30.167497061903585,61.010351658666835,70.86814095175303,6.10859244206314,217.69976286510465,4420.183316382852,0.21086272794311495
74.19827308883265,79.18258735210367,134.03577941884924,8.146095526259469,34.03503545246979,0.06049059523026179,2697.3477877175474,68.80760487826335,45.045129435447585,40.70043772963538,7.5798173498801225,125.65216825109724,2543.228358745199,0.358122059139943
24.632837716879234,65.56694411765596,111.42286127261724,7.956209995241119,36.66706344875474,0.1109191148936376,2371.5622141943304,24.10923645642427,0.0,33.051598331375395,6.404537806388601,104.3391609406061,2235.9435024835097,0.0
52.36377978832263,53.53048895607681,205.55507846817886,8.24389947800963,38.238337278353484,0.2884998576883845,990.0397645652572,74.80283055690798,48.6725635782907,48.65808355883467,0.959716214608304,204.49359014949397,932.7226758662514,0.12677743922930068
48.67000542875917,123.38975356656623,269.5810411030228,7.827809909802964,35.9697439295358,0.39038113115949025,4187.463386528714,39.25932020193542,19.804776182573253,85.28765096160083,7.504959604008333,261.2802258926553,3946.451223507742,0.0
102.9455053515219,88.27635237504745,117.18825209702266,7.766816207874216,30.34991124525177,0.22761688664238072,1112.8250261398778,23.413133335554033,95.88636739452296,78.95829027180888,1.8353758688197208,115.15824571024568,1048.7103521317872,0.18895219569817243
59.77363802360999,83.82526469376224,159.3708953100895,7.170145593453171,36.9192109259298,0.12885998447597713,2913.5590663852945,34.939420900109006,49.82758496371151,70.69647465469629,2.5859737955736035,156.5106946230073,2744.784337833502,0.15137147454560768
62.51518311158361,132.8714401563726,129.28329337683178,7.966545992287598,28.29824501193895,0.193256266235802,507.3115170050685,53.02830692744192,60.49644895751216,130.20671107299825,0.5248708800585827,128.70276311223944,477.9549656463907,0.033601433984117954
104.64197653403416,136.3546313006382,250.63481314495453,7.855953707335728,30.14313803523325,0.473821758098809,3580.753576861313,53.12847882667809,90.84547493147734,118.14324918526317,3.587090416664776,246.66733346981925,3373.4980905499087,0.18067874769027853
48.81056218992403,62.10568992128837,136.8749137296321,7.697226176619079,25.449409500592814,0.07665591694875185,1726.269291292377,49.56227452313691,44.75851875667711,56.75699258940242,1.0535312926442002,135.70966181089986,1626.0744260711158,0.10841860963159981
84.63609379297651,146.44178385737843,254.03824097250367,7.33038092610156,36.509092853399466,0.17246806590154135,4699.3754930137275,41.99634358078393,59.249986034721594,112.93212161648192,6.600388017146283,246.73792169859405,4428.1514090348555,0.14476506045533427
26.534939058501,65.40735889939384,240.7238786945063,8.38990542596922,31.626027975105437,0.4057459436099897,998.1198698787507,67.92941674993375,24.70965462268275,62.99798344411375,0.474573953312744,240.1989790417488,940.1324263652008,0.005895963472849743
63.68446085097987,84.83337345591114,108.22466471747987,8.132551558029409,32.57674242916695,0.42299811369487716,4602.50480059286,46.89177877871159,44.28558195080739,59.22685330768346,5.0437085140448445,102.64610139947314,4336.287835232291,0.19942109171675326
111.82491229849008,142.83505028917898,225.6386460294301,7.814962754537782,25.69713966472703,0.0027672777054250086,2516.5465057157962,66.89739624809887,102.58668679939831,130.64059263037788,2.401938629763857,222.98199632519135,2370.8388406433482,0.16845458345637424
94.06590721961918,113.76109731471858,246.5533924959359,7.771894827668874,32.07810223471762,0.3034164631835663,2307.559276380606,83.39920756851993,77.8906922973031,92.40981361726138,4.2055558798021835,241.9018628332757,2174.775019671767,0.30051055625180345
59.83890228552782,82.69805086044812,238.03896920343175,8.050242061752027,30.506460024929282,0.46132615885450085,1692.6267674355292,58.34595449975659,53.96912467719704,74.94994441745148,1.5261421781660087,236.3509888712075,1594.5871939312462,0.15743234017374985
29.51615990396144,76.30711137486091,227.7837057198082,8.42264570322806,26.5497099750851,0.47106154279927237,4952.997156499953,61.781471180168374,27.335581588246566,73.42874799811732,0.5669503620858691,227.15663369844626,4664.50978214334,0.0
112.1527636217892,86.1737640969088,232.43528534718774,7.248025300859344,26.36118154246351,0.22284223903764344,1740.6656772393656,62.5873703800051,110.65425070000846,84.19572704015819,0.3896133596629928,232.00435584553856,1639.3588094858112,0.023660358251699706
65.22977869802827,80.08893533189081,252.26926262412405,8.118140610658484,39.511568203209116,0.02187237323273522,2204.904981926783,33.98069725390709,45.11791298952268,53.541272596663426,5.229085084211453,246.48566467109237,2078.525187370455,0.3937543425260887
114.65442256715069,138.779208531594,174.9262301951018,7.500688240525912,38.742572962256716,0.05581115657514191,4228.488587959888,58.47921222593471,74.9992478715456,86.43437793339534,10.310345420857313,163.52253495763708,3986.2378941741777,0.39082100994051705
95.52123015533797,125.83109210221265,191.33225325174305,8.031913067939788,30.75353359156143,0.49432579843430796,4790.3340331264635,34.21269994350454,78.45289470473307,103.30088930741411,4.4377672171572895,186.42388764287622,4512.919170843931,0.16934551356268507
118.52424546001095,77.52629277233387,188.47850260646487,8.023814918303584,33.58936240747281,0.4662647803653511,4356.470563435748,23.277891532867496,96.02652316665828,47.829299345108396,5.849407796271686,182.00880046696207,4104.92651176293,0.09423064342497652
43.436873679853946,95.99212608928852,167.60277295885362,8.392722382607735,33.537379336039876,0.2436820304016159,2988.585060264758,28.262352656084193,34.47405414078779,84.16120429772117,2.330333080157201,165.02532213997642,2815.3318642728295,0.022707746019383336
23.33348642342417,123.20306189450392,183.09659969239385,7.005027336041179,33.63463382543463,0.08750584812650591,4667.302366280437,81.72936501564584,14.409766237154596,111.42375124862805,2.32016724843009,180.5303927302566,4396.189081985564,0.0
72.31223779478422,60.09672628599292,83.44151764013012,7.357050727598203,27.41987157256093,0.11445258198771269,2397.0182023723073,46.8028930665438,66.85231845971036,52.88963276369543,1.4195790271192037,81.87140083705818,2257.8744224013876,0.06554811126809743
106.73989572746598,92.47084139016796,86.25560750077557,7.594937661745815,38.27242797863131,0.31286614998090523,1153.6257968402751,84.84076610590665,100.0584791973532,83.6513715704191,1.7371682978293248,84.3342230043303,1087.0924082703468,0.17503626599803468
59.9385671092806,97.76749064350591,274.4520650276389,8.417943263678252,25.123207092753006,0.25559132875327617,1603.0739000639585,97.35547522651638,59.304281524793296,96.93023367198266,0.16491425196669793,274.26966261598574,1509.6952074005046,0.014413533497001262
66.65880254504602,52.34185037381276,118.73325837007683,7.4452244402818355,31.877466908452874,0.2752154801841688,2766.2397149892004,46.4142656888069,53.22192498030409,34.605171988353405,3.4935881668329065,114.8691962932446,2606.4254502321555,0.11606619191547869
83.82523740355929,146.75626785514265,287.74185463194453,7.915409106929912,39.735755191099585,0.4175268231962191,1625.4048211003715,36.67918680474742,77.05473430070884,137.81920375938,1.760330806741129,285.7948513825103,1531.3799854551864,0.12815600283002218
29.473247799912365,147.09711888701946,202.3602398865246,8.021904766986946,32.324385527227065,0.3003064971170395,4292.796882804948,93.20893015311133,3.55043737607847,112.8790091275587,6.739930710196811,194.90558026035632,4045.3294800106014,0.0
97.241091367719,119.17504123883276,186.6567460794775,8.488462442285144,34.16910719143599,0.12841721709277965,2014.5049138816428,64.93223660198815,91.46442719429999,111.5498445299197,1.5019326850889378,184.99554251075,1897.6924593678189,0.1261975617350739
59.59446578111282,47.322274704634,167.93921767226675,7.4932677577338636,28.518591385639617,0.3816818140450359,3630.435632032071,70.40811827858089,51.257734316551854,36.31778917141356,2.167550180785849,165.54181189538653,3419.7007609022626,0.059636698039637295
99.79562193810827,60.62679657264893,278.6396660341553,7.371936951290058,26.474343560660188,0.16413910243378232,2769.0433287388655,47.86351767510573,95.60362977990245,55.09336692381718,1.0899179611335306,277.43416886065984,2608.0779840613177,0.0316644785798523
114.75029828611738,56.46723830080308,191.94197491122435,7.713566237454032,37.17243214628274,0.015388256596682748,2478.5626594993796,41.38305600626765,72.84239799197731,1.1488099125381614,10.896054076476425,179.89046015520947,2338.5575685840995,0.022854416198311835
76.44831546180237,84.98374777503014,144.17281160485135,7.735513163490082,36.14890063341956,0.3460384785107247,886.5748923964695,23.02524067156223,69.91358817552346,76.35790775714193,1.6990290944325215,142.29361074381143,835.5927749418322,0.2436038132058664
37.80813241153039,102.27149675799367,218.52827972566268,8.276227341008381,37.74649627809458,0.3194506307487449,1971.8519019479972,55.52844574448194,31.125694306767716,93.45067845970696,1.7374339072382932,216.606601453536,1857.6225393429395,0.0
93.54586836756567,153.5353425748191,128.32472606776273,7.440209792767935,28.15351746863939,0.29552288494165746,2968.8117610036297,56.88777437203203,86.96627899629318,144.85028460473947,1.7106932365308405,126.43262415285254,2796.456589332457,0.07792558533138559
66.88708919158321,123.93747567869315,149.11451416817573,7.738558429149042,32.12876656847572,0.45616842225417564,3380.9978464793403,64.9586463811262,48.813303810185815,100.08007897524857,4.699184199163322,143.9170098863539,3185.843478034662,0.11579334019635394
109.96902556618693,83.82522279588855,106.16483523568594,8.253021594970559,38.73186690655149,0.02229585007606788,4993.751768100756,73.13493051321618,72.53589135427843,34.413485636169426,9.732614895096193,95.40013535446141,4706.654810281845,0.13263858963961153
21.702102362315717,46.017509368006465,147.77771157897328,7.543751641317987,31.874082451102275,0.0653894073189682,3900.0075558522517,44.407532187279976,0.0,17.370734249749717,5.642546614202087,141.53680699963877,3674.955273321195,0.0
50.45077902035008,58.18869749703263,91.22112693955005,7.089482261560503,29.803375543743932,0.47811453256193887,575.8813022825652,25.3661169764832,50.025561620273756,57.62741052893189,0.11055652401984502,91.09884656435668,542.3574316862016,0.016795149391253216
93.02308866681531,135.17156701713895,222.37311497209268,7.904775326075703,33.10691295038288,0.3780588676699483,1999.3223133420752,20.50891290441447,79.95743926327471,117.92490980446537,3.3970688449205504,218.61580750790304,1884.1736108132227,0.27488035417918677
83.28096985167052,58.39023674934239,166.05834321261483,8.234414850356018,28.709138467798773,0.22411334372247121,4286.6525340136195,75.1526933073156,72.68471355181454,44.4031784335325,2.755026637962553,163.01116265095627,4037.9068376341966,0.05513649035098574
88.73615455859996,56.54129666445101,106.84131153892271,7.352139519790761,34.977795877886244,0.2404542313192684,4637.962783253778,31.0341679433229,65.32821149472949,25.64281182014195,6.086065196606325,100.1098559121268,4370.107131470098,0.0740849183555712
104.90349842953962,69.46563514107808,283.33368600738044,7.159698620359483,27.57641922840434,0.04651273137373818,2598.1156894650057,35.88611349245703,100.8322761645764,64.09162175132664,1.0585177888904371,282.16291880461307,2447.1011645615727,0.03608545049842315
31.72650045206216,109.32468210638221,262.7641453547311,8.107632391301125,36.85789601626726,0.4214376952040764,1090.5065328987866,82.6667071216366,26.670446702421245,102.65069115685618,1.3145739749066396,261.3101687550132,1027.4788405535046,0.0
78.22213313282785,141.41070255212986,181.58155319843496,7.441579310272545,37.403537220619924,0.4093426540935708,4224.116677747352,46.03763604355432,60.88533409610561,118.52612782365652,4.507567749547784,176.595985132589,3979.7364612531233,0.1036451314906672
29.572280241195852,120.5525002455988,266.0450521405547,8.329833667888874,26.878476482580908,0.2903376531161475,2950.705509185733,60.791404602218044,26.796401106250386,116.88833978747078,0.7217285750858212,265.2467886121769,2778.9994108852757,0.0
69.00319786123899,60.77357028198192,288.71083950796054,7.428364098565598,32.70846460458809,0.08328097177661453,2452.4689993034244,65.6537400550406,47.94485832082818,32.97656208863967,5.4751682805068045,282.65506272298245,2311.7592694916375,0.2178620767939113
70.48373763070684,137.506716567962,200.35506218028124,7.71646328278771,33.51201539079756,0.21736381957906448,3430.9406238090974,53.03969515185532,38.28816415767266,95.00855958355687,8.370849102988887,191.09653512296447,3234.383637634478,0.06431364657341289
53.288405923372245,132.25887874968691,112.52961689030862,8.29173325457425,39.35064611792662,0.20625061444950327,524.1830236750509,22.45310476719494,51.55169887156199,129.96642544129736,0.4515438334706685,112.03018956240946,493.81286671501874,0.007122389495731768
73.00004798559313,127.54444458093197,122.93529256283423,7.56828303330057,28.02421357583308,0.30664174009574013,2554.448250702171,91.20693186521675,66.24604633584313,118.62916240326192,1.7560404289350096,120.9930346598418,2406.2658082201115,0.08129230557629716
20.169860780544262,54.02661376978689,155.9125875244295,7.181626728303878,33.10942545998405,0.42826620790880643,1158.3143966140015,91.7737991870217,18.043139973447754,51.219342304419506,0.5529474098450927,155.30100338376016,1091.0210886822879,0.0
111.40746205000438,116.68387529707525,297.71334879417816,7.924626782331965,27.869925025567582,0.4407802962574847,4616.7525170510135,60.432210742811954,100.97648602122409,102.91498693908535,2.7120537674828618,294.71369811618735,4348.746973178579,0.08313421733924761
98.89242596584073,99.71453344317946,109.2973288811969,8.37769445730198,32.943872912235406,0.46633237319833026,4097.372321637134,66.68466793699966,90.53761529112708,88.68618335255742,2.1722507754255513,106.8947240400257,3859.420701951667,0.07220888434487815
103.72805898220419,73.242387485549,263.22123773945395,7.279587753156092,26.583282046105985,0.3757879540406984,577.7885557984382,59.49361452960028,103.29064476298404,72.66500071617835,0.11372769699724561,263.09544990755535,544.154810581335,0.010479803863627922
119.70283944563785,153.92300285781548,272.872893419652,7.2958568334407605,26.865813181313694,0.35709557381655965,2698.99452546707,85.40435345359202,117.24977898781046,150.68496305348327,0.6377957190351284,272.1674633194225,2541.92668905503,0.04205828102518117
113.97891367892085,36.66859969646116,205.03394715723874,7.6213367230853715,38.28122148371139,0.20335767733190713,683.4938842820791,28.206743271956398,108.83529036266484,29.879016919003142,1.3373420622265748,203.55478805214963,644.2011483531968,0.04875985903173661
60.81382954210508,153.2991221676146,181.91731081738806,8.183194595313365,29.0480246779535,0.0797068384860728,3968.310214784248,61.01478247131807,42.338905218294116,128.9122220601841,4.803480324190852,176.60445043684078,3738.963057300034,0.0
108.9746297665889,59.77044007308848,231.60162544124128,8.427459048005815,30.49109754631378,0.09371261597708458,4788.418983566356,51.008638031740354,95.72012712522624,42.27449658648974,3.4461706867542987,227.79000918166093,4510.708284604878,0.04472275239816512
83.12533768672387,59.69367772272174,144.90422775207531,8.036103556391627,39.70610528107525,0.13641938721077274,4903.9620501502395,22.867588164606296,50.49833737467742,16.62603731082039,8.483020081132082,135.52163466233972,4621.585472225661,0.08485609538233636
25.450154807895004,56.04079177563298,203.92962627805468,8.001719229780434,28.140313322141782,0.40267250232509777,4553.50453444609,95.03750829380243,14.821982764794638,42.01160467874049,2.7633247312060965,200.87326766051734,4289.206827329776,0.0
79.24667894907283,127.3886172661925,228.92724513741783,7.5212749182800005,28.65234407290208,0.4121091368056322,2161.6424959032865,36.359645382583814,74.05466471968421,120.53515848339957,1.3499236996410353,227.43417018830937,2036.1906284264153,0.08787037654697182
75.36918387516867,122.59016358104529,298.42116356853853,8.048943117230142,34.32855974759384,0.22016168405826264,2650.8427931112583,89.62616180037219,53.78786098256035,94.10281736280226,5.611143952078172,292.2149917138499,2498.6253864219425,0.2638245987559793
45.75665127163262,65.778195127176,296.40621413397923,8.414387032734382,39.22867485063457,0.4799072538639624,4532.022274963823,22.847381835781036,39.79960333597827,57.91489185211226,1.5488324632701338,294.69313734905467,4268.477847110111,0.05679267576720987
94.79946033216682,112.13490801271998,100.46894055895422,7.640901473379737,37.488722491325035,0.4979299019366541,1845.0770918787582,75.13785156513842,85.74134702946559,100.17819845315438,2.355109458702317,97.8640859763346,1738.4915091953176,0.20714186854670336
38.78841381756152,64.02073001021995,250.89825658425391,7.084494588350193,29.123980823263974,0.1632484241512902,3558.982739251808,68.13848105761835,34.67350286963971,58.589047558963166,1.0698768464596666,249.71492576451573,3351.9619723328387,0.040182681476104355
82.30055158548441,90.32839709108178,162.19774213063016,8.330309608000297,35.59485982230165,0.3415324785821913,4535.964299460388,40.213371039318034,67.84234593694725,71.24356563501263,3.7591334686196736,158.03997527770076,4273.098307875541,0.12136438447415329
39.79621958640987,52.06835096937516,230.15206091940803,7.1865703082142485,28.731167609272916,0.23897716223757304,4745.100236770213,22.995948290712988,33.50529927071365,43.76433615265615,1.6356392820810195,228.3429719771943,4469.170722979356,0.06338851804579806
82.89961777186423,117.66994161471308,242.8197919979756,7.028132020979348,36.60078466144671,0.43318572529006577,3304.6606361221334,64.46638160124692,79.66698621209282,113.40286795581481,0.8404842055405749,241.89017952228704,3112.3705692473204,0.04298001018663793
113.75992081434843,111.43221892429513,87.78513016546695,8.1113365118943,31.171124637927417,0.10686660907365786,512.2049912703316,82.05816370299128,109.89478561134561,106.33024045633141,1.0049351527807278,86.67362771351775,482.7604535080306,0.12711858073144724
107.7089671098759,35.47081222075278,98.37876172934885,7.3336393229990735,29.484334364612167,0.3920289477950375,2187.7477770006963,41.734412864195455,103.47310055444545,29.879468367584533,1.1013253044119242,97.16064753276576,2060.672022954209,0.020477771675613994
110.7031694277499,147.49700414872603,170.09101615993404,7.8676944965427,39.18494949272019,0.39818108310479766,4905.821770932881,39.932250593715764,86.76363349627368,115.89681671917738,6.224279342183822,163.20668961278236,4622.408982410045,0.22944555946317594
73.9767005918053,63.16616937381797,221.38705288057386,7.339820259624927,31.378644451544947,0.20707273658642578,2055.2684136644916,37.38127431760049,65.6121842990595,52.1250078673935,2.1747742361139077,218.98165698095994,1936.3562406036906,0.11768292110477724
29.557686454274638,156.80535433088235,157.37992814805872,7.303873014684469,37.14430771581797,0.26139836986050063,1417.0201315611773,39.239525492674986,24.171532057758334,149.69563052748074,1.4004001430942377,155.83102403374625,1334.9945578520155,0.0
52.65034882929218,77.19777451892917,119.35039090938486,8.26659041769001,29.753183384252935,0.49230745742946963,1016.2187022821558,35.69982333492034,50.86206150968588,74.83723525704883,0.4649547030976352,118.8361305701895,957.1722892386215,0.07150003373670821
33.485599469933504,114.52850521544684,217.31994216317278,7.1331827425032985,34.3266615937858,0.08080121731332585,3349.824471326292,84.3434649525388,21.27736064150249,98.41362996191788,3.174142095392063,213.8092014829397,3155.8605815702012,0.0
43.929825856966104,156.47055041840807,187.6841987879906,7.645295167966785,36.74162415946131,0.24873627057594594,1886.888880273934,63.16946105364615,28.620631941758667,136.26241445033426,3.9803904179539416,183.28171202351734,1778.5338060844188,0.0
83.74576789358643,61.78792663001269,160.3899752937748,8.009679306828499,25.812678961902126,0.348006106216197,3707.4194736143795,92.15845663390698,79.19092249047912,55.77553069791105,1.1842598048079038,159.08013189428124,3491.793028876206,0.031428695882811664
56.282229005230974,123.95869642002931,288.483224723073,7.407978644423839,29.759867562271843,0.0003097900317042268,1601.3263927162386,96.1957142818618,44.34179469120293,108.1973231255123,3.104512921647292,285.04949696962467,1509.2574638649983,0.05663133682677149
59.98197157361852,53.850942077669885,184.04993529465838,8.238130106457781,26.451931886732233,0.14219350788197427,3825.7245385355714,22.62524016994991,54.05981886235396,46.033700498800684,1.5397597049287783,182.34689337926181,3603.347923443736,0.048087829542315934
26.23364447246526,69.46337566730304,267.29321429680385,8.42551216487859,36.559696606900424,0.39856143480835554,4754.613659601008,97.70059947950736,17.07540329585018,57.37449731417113,2.3811427059199204,264.65956579844305,4478.435883557431,0.0
56.40069850149149,157.94841628101028,217.13232599839714,8.01973921373575,37.06574540018113,0.42390755000703095,2768.451427625368,71.71216386264324,41.74262748307685,138.59976253670288,3.8110984647878063,212.91708357553014,2608.638726550496,0.0
53.501926674646946,118.74019472803572,172.90010630036844,8.114284202115469,25.80922822398159,0.09297704633319154,2666.4963023874266,51.9994777060316,48.342650684171964,111.92995042060873,1.3414117575234936,171.41644593339328,2511.6119742003,0.023006385222815038
50.375693769879646,88.672756109088,183.56140789707914,7.963419169282724,33.02311426415453,0.4100267734435458,2116.169449866954,41.752827868053544,38.07649083816787,72.43780823922847,3.197792762245059,180.0245085397169,1994.1275843576404,0.15712657354121554
106.1857870682198,59.73544304205501,204.90039725362436,7.9343550175462445,37.89197116605082,0.2245087999223213,4123.016451782189,61.491064269331986,73.89486750308994,17.111429216083653,8.395639086933752,195.61445138439487,3886.126929860585,0.07036167681334146
100.12168377325455,102.2735729806229,290.2893410175499,8.468874425966,36.06786388287733,0.06498756302968134,4023.4658021113023,24.53438296653453,84.74067992755269,81.97064790429648,3.999060999882478,285.8662037687788,3790.5729899345056,0.13385265500362492
35.46260421656919,60.5996044723035,199.8301080666451,7.7774090560835045,25.64757950911074,0.35825166195847014,4128.0425952998585,45.192716609000314,30.147973785666835,53.5842923035124,1.3818039120346106,198.30177220130128,3887.978334156775,0.04076824349064881
44.96504815168985,47.432382319950726,227.13953247884757,7.950664809876301,33.840354742480685,0.22641763496583728,4825.7329928351055,43.74539221562408,9.031425182030214,0.0,9.342741972111506,216.80604918771547,4548.2533273500185,0.0
109.9689593878968,152.0915848940594,273.37930021109094,8.40070650487848,37.888165786833184,0.014561995504954905,932.4747119179398,85.91166316375737,104.95869590223701,145.47803709298844,1.3026685062715495,271.93849158300054,878.6541335870177,0.2132311615363804
40.3231420470476,35.117812971932764,254.36697822700037,7.450424912714896,32.98302799895305,0.3777928647878853,4826.746016860107,65.8436956286688,19.00836937956601,6.982313050857085,5.541840893545208,248.23745860133747,4547.661709375402,0.06589994541880749
112.44863142734444,89.12887779354963,294.78462892429985,8.429225276231929,26.53101355262192,0.10999393174844907,1052.8454052369798,65.85162036049954,111.46317594847933,87.82807656144772,0.2562184245049235,294.501240084449,991.5781751706073,0.026405499743556705
43.42077029059351,61.87860103923519,126.90309405195804,7.710455744450215,36.7058747193596,0.15769587031079457,4213.977474397681,99.16713374666888,0.3364294572437001,5.007271139213441,11.201928616670951,114.51326860945332,3972.9348807390547,0.0
70.99762433293527,125.09511635520278,200.44551801646512,7.293807901440656,39.4311486608543,0.4130390636320769,4629.880970835437,69.91078084267532,61.40247124228454,112.42951427554377,2.494739803569202,197.686226134825,4361.020843641388,0.06081124941814809
64.9567613209343,50.77608763490817,153.83519874164733,8.060990736631117,35.69260716279867,0.1529596339130077,700.4733739089586,57.25361254688035,58.34334702556392,42.04638076501931,1.71948771679629,151.933369744993,660.347896538281,0.16403878546463077
44.10886422722541,64.00968957988147,143.36521390991805,7.793219149293214,28.77354021963964,0.36990485296209413,1997.3755489164741,25.511442228728196,37.405089593105714,55.16070706284348,1.742981404871124,141.4373998615633,1881.6606401969811,0.14276614725670153
23.51901196097748,129.73163832852367,129.65592344795618,7.917898206072902,36.299299497110134,0.07839081052383784,3014.0826440483706,87.61380836659254,0.0,98.68654254003341,6.114943109854144,122.8925275797494,2840.866309214795,0.0
35.95070595216497,90.62873989169294,173.12656516171398,7.537651434287759,25.753649061140546,0.0804819425786637,2547.5335623485553,54.19500609294446,30.44786598028064,83.36499112880566,1.4307383926899229,171.5441056097992,2399.6205158112466,0.0
57.28147116398546,40.64630283521158,148.78732749181165,7.61901833826198,28.64936289317188,0.25321595592636265,3999.008623540521,90.1102724272005,42.59820754345562,21.26439485611219,3.81764854133776,144.56484039636496,3767.4668385136156,0.06845499502521983
94.69051314827966,118.27700095456908,159.99205097174752,7.501786067562969,32.16864903945885,0.42094122066667616,2834.308322733317,93.78000834091402,82.32907800639664,101.95990656728355,3.213973136889573,156.43725540880317,2670.4113396899265,0.1950266245958559
92.30770748264268,153.9972358674749,115.61000553877791,7.494403421911708,35.31022185778384,0.37123733351131516,3453.7623064066524,76.50556565777987,73.37623183525206,129.00768801291935,4.922183668321553,110.1658540418926,3254.457996897716,0.17507626081807187
68.48691799795412,98.75553603391799,169.8410966154811,8.236767402898582,37.42777016342429,0.45396812283277954,1008.6886599895172,93.63198539046955,65.32454297958546,94.58120100967135,0.8222175047758595,168.9316879137702,950.2279914210449,0.1285370478313006
80.9953736525908,96.94951237006048,170.95025108816986,7.730317804780121,25.492584604324094,0.272902923916753,1725.8357675602854,84.34228775150177,78.52439950948036,93.68782650115475,0.6424532772087069,170.23966952387252,1625.4972599032433,0.061758099793272514
89.59062568134861,115.15445688935651,203.43171911123693,8.483756941799534,32.934774180024256,0.2663472613100077,3703.1534369603464,85.59154779220276,82.49183745536811,105.78405643106223,1.8456849387549414,201.3903104399656,3488.0474547589106,0.08876372630693043
62.25928383541233,122.77846676962537,178.63585399150838,8.097124245427679,27.690811368769907,0.25592412828744576,4349.032127488441,76.61871626334221,51.85157889801175,109.0402962522566,2.706003283724153,175.64289541451015,4096.630060852152,0.04696846295709556
46.60522716257601,34.17317489808585,159.72918468900954,7.63262117371212,30.216656048763042,0.26964754350276665,2673.326623139765,23.897036668425635,33.0622081753523,16.29638983495055,3.521184936678163,155.8345993716835,2518.9397034768617,0.09419311060214208
64.70707261546801,155.74723107221666,262.07291927164357,8.243016463143688,36.74671625922653,0.10663415582300212,2248.1488282456967,23.853996093190155,49.05707704742075,135.08923692239424,4.068998847692286,257.5724276890038,2118.7716090211043,0.0
109.6801333682334,36.99502528171132,247.33417929058726,8.035037121780942,31.403801725704554,0.030764040269821658,1599.437736289851,91.27494383133035,91.07774419148342,12.43987156840139,4.8366211859549875,241.98466366018755,1508.190436274648,0.061527810327559024
82.12454139373969,40.26650842028386,197.7275067734388,8.386542357372212,29.25860078714839,0.013244078295246653,2876.2372469040815,91.65597143142848,72.24179359442606,27.22128132518985,2.569514427821546,194.885510870579,2709.6313002695924,0.04777731821451871
22.346527672720434,76.73405442081776,288.5829762570303,8.13860762136462,33.55402903716085,0.23786416926852405,2173.0628545354048,30.831064627633566,8.801776798411606,58.8549832667301,3.5216352273202944,284.6878928984612,2047.83742662951,0.0
68.08200725805347,155.3809010281855,221.59304786528165,7.962885834660375,30.74996254020772,0.4771129052689289,624.5825695079677,82.14929019904505,65.60010578824196,152.1047910880342,0.6452943821509945,220.87932391403442,588.4395318318194,0.02723959819329281
21.827092772255135,134.54619952570187,228.31302860018351,7.377266670437162,26.985515491346735,0.4767692705963948,3955.2158687929978,53.28606072978953,18.014583728195685,129.5136875875434,0.9912523514554558,227.21665992794192,3725.065549402493,0.0
74.79515267985023,59.4961422425288,90.88283095632669,7.265006977730585,33.79549121684614,0.44134196707572737,3319.465295386857,28.82270120479669,66.22050771418333,48.177610887848445,2.229407691073401,88.41700805405708,3126.8829465951158,0.06849256217434302
102.7236084853487,107.9451078698006,193.8547862989976,8.07341939063427,29.416386238509983,0.19503809088147356,4252.8769831041445,80.59170263464955,83.55467935569959,82.64212141866376,4.983921573708767,188.34234996499995,4007.0160064280303,0.16138356534641762
96.63515745605453,85.57438265029617,259.6529960329111,7.973255015625416,38.15588799258981,0.01857034532137053,4099.128190810744,34.36757769921801,38.54712424112403,8.898178806587895,15.102888635881929,242.94853733838895,3866.386525434494,0.14476402307951897
97.08396311729769,147.283156268274,146.27794607356185,7.132792640118359,27.3337406868863,0.19350434863575233,4559.060953007071,57.519553076358704,93.34429115765546,142.3467892815462,0.9723147095069771,145.20252326573902,4293.703495656188,0.032979930006690424
51.48013217651538,144.09314195523308,189.26514192904722,8.365089208503548,38.41652004309921,0.3948277315082357,4601.99662012482,47.5594285266127,42.04053951289845,131.6328796392587,2.454294092540409,186.5505847816385,4334.745304628308,0.0
72.4709178539095,35.33366098782364,125.5799074752223,7.842029273749717,26.648579198973863,0.290586046857489,1225.5695325840602,95.56311951970861,69.91625082500167,31.961500509665356,0.6642134275160266,124.84525822819494,1154.4015070545713,0.03487797224843342
43.36430997200396,144.38839122589542,120.59997297529438,7.514977574362572,38.408544625141815,0.4538593898666079,2618.004032143823,30.6235894425932,33.09617295172082,130.83445035912166,2.6697156252736143,117.64715014360442,2466.492215499256,0.0
20.30522411459052,30.47642800048211,110.48131629578984,8.39456771073627,39.608526725430636,0.07541280445587406,1059.2932934874207,25.201282661465754,16.92427214823821,26.013571404897064,0.8790475112516,109.50905110889454,997.9061167970365,0.1313444840500942
67.66319579240653,44.37240717142745,83.64933680156847,7.996297302052403,37.27964759523572,0.10512374401517427,3312.7917416891814,76.51351356352617,34.04773581405241,0.0,8.740019594372072,73.98249095350748,3123.267274054376,0.0
71.52110521847072,159.3152542618334,270.68624408069127,7.370939491342658,31.33936308203515,0.04735368263273687,669.3886758277303,91.41413668387953,66.63365943527698,152.86382582801767,1.2707359036303656,269.28075431475276,630.8907992271495,0.05790288929600803
20.285819907955766,99.9637028967839,119.60016438509676,7.937145805870348,34.75684959176104,0.19698746413426538,2393.7280713325945,24.26191590712807,0.0,73.18642061828228,5.274313176068501,113.76654217442321,2256.352525070824,0.0
112.13552552600557,27.174586686012066,103.72085340492751,7.893377144851229,25.56863430977484,0.07417323052383251,1536.6863650689409,99.56350513670162,108.32667756230731,22.146907373930407,0.9903004705615402,102.6255375547954,1447.5166893498817,0.018674122397827127
38.06776983258057,106.55803557559925,183.44649417202052,7.802750616851693,38.408921059045404,0.27841353208797875,1999.6636298645449,44.15986807560302,24.31199557396991,88.40041355423317,3.576501307238773,179.49072651736572,1884.5687132869477,0.0
117.65351748787617,60.78325940053008,254.92978563514274,8.301056933521325,35.49719502224021,0.242142888653754,2747.8770100970937,67.79107018178883,105.85189209469156,45.20511388152637,3.0684226022280012,251.53597536135973,2588.958465931069,0.06695077658486237
85.25781931620675,45.38693351969158,129.09428512436935,7.292533689372837,37.74873551744715,0.18727847539887726,2223.849344732115,89.41858087114778,76.07081473312228,33.26008747002014,2.388621191601951,126.45236509211948,2095.198105033369,0.066283337467835
82.34805163317057,156.28790785413472,226.37302149241123,7.89186166542106,25.122534444665295,0.10968025397694975,3758.9903884524215,35.23527048586917,75.29381042427325,146.97630945839026,1.834102714313307,224.34442327048126,3540.624797196685,0.04671179861256175
49.035039891677926,66.88557272563106,88.54363941972088,7.964296321267611,26.314278272913153,0.4831510691714197,670.5945684721785,36.690008201352185,48.203920921013456,65.78849568435393,0.216090932372765,88.30463335001406,631.5930329224402,0.03631212659796206
28.026065281253416,155.32160247826127,297.83128353727545,8.269730905128755,39.21179566811532,0.32601855226461746,799.1466044205013,69.50261497474997,25.807535907968823,152.3931437055256,0.5768176370539929,297.1932978760724,752.7997325660211,0.0
68.4282127797178,142.9195275561075,113.99026057207872,7.3540515711140415,30.555772838690693,0.44942572431870725,4610.774805869721,31.650098637497585,57.66045463042575,128.70608679904203,2.7996171188159256,110.89376097857522,4343.153691578706,0.034896080889875856
45.52647215254584,35.497937397079106,164.97043681062956,7.787944592033028,36.822091541565456,0.08860203052228732,3390.2512299783943,32.60560799480566,18.634095336576824,0.0,6.992017972151945,157.2369575919802,3195.4650373911345,0.0
92.8458324757258,120.38906952359042,240.11007697589574,8.177154974523035,39.73401695042884,0.4032227441418249,1019.8004350194715,30.538701663647025,89.93843812172979,116.55130897631572,0.7559225320389609,239.2739934280966,960.6647974535149,0.12806188000775093
117.20100908302008,95.55109266626305,281.98448192655206,8.104656681689926,27.30819313697821,0.07689057132748423,2477.1072538304456,44.71789462428941,108.5942019116583,84.19010720006551,2.2377698645540636,279.50941009284463,2333.6311233885754,0.09739229529062007
61.05707438023719,158.71796464594442,171.45760945253886,7.463625495001766,38.91782313369518,0.19470204517297418,2814.439440901488,93.09050999085076,45.634528455201384,138.36020402489712,4.009861940509309,167.0225258886679,2652.027679950031,0.0
65.92651537170204,30.358938412286534,178.39191731981657,7.036118230665381,38.07084970411583,0.16669591958548147,4065.238455153679,76.17240586402283,59.80793442211139,22.282411558826873,1.5908310468935691,176.63238825531286,3828.921055991735,0.02075549942285633
63.288965585788695,133.80535901225892,195.55322103191594,7.878767491264441,35.53079637219752,0.10084133523914701,1307.3087791893106,49.24419277926434,45.545476493059475,110.38395340985635,4.613307164109598,190.4507005256782,1232.9987097075116,0.11303799061739613
75.10875101376791,126.13777184947782,128.89307486446978,7.645982519252225,26.394403333854385,0.3651810136465403,2809.3819072948636,21.409358952421684,70.70721372796757,120.32774263222142,1.1443996943080819,127.62731849928176,2646.087532383834,0.05314863689740305
78.43270282689241,28.136672010780806,125.50357627394942,8.167366336177336,27.39564698696321,0.04096177610431739,1816.981229813874,71.50197105288112,72.01393807832915,19.663902542677285,1.6688788346264503,123.65772292554117,1711.7514100448964,0.03581574806919543
61.32567416419924,133.83739760694658,179.13327671267842,7.959232584732055,31.246316545724653,0.49976819478237855,4728.863379573283,42.72424064942541,41.62893392898077,107.83770049645823,5.121152461156802,173.46905698503633,4455.312548258886,0.010363273731552762
93.73454304946475,25.558836920517958,294.3491439548068,7.129088245160337,29.80688540846397,0.26813932345633334,3491.5264210154037,21.709603330288108,89.33929412986126,19.757108346641406,1.1427647190968964,293.0851959440695,3288.467762572631,0.010304620601865624
117.73641563894367,48.00935520966489,269.1973663489366,7.967837771914061,28.012067524515842,0.4441813718260813,2957.044041663077,71.14438613768816,111.12952841687544,39.288264076534844,1.7177906777377372,267.29741435207626,2785.377744065767,0.02882571931619962
106.49026295492956,109.7972160187616,124.76367855253244,8.123788896155501,31.01529344956183,0.10789472118814686,4008.797156733976,92.2226386048822,77.83982494839573,71.97863785013699,7.449113881698789,116.52463116579634,3778.177036832846,0.2399022051786297
73.75115822401924,119.3116094577086,283.26594522168233,7.600999167496515,39.92107691779433,0.4734284069929927,3171.934630882504,89.91229319130179,63.00543316944257,105.12725238566743,2.7938885141899363,280.175781716702,2988.1841012327613,0.11922042675322628
106.67419481651068,159.5310583586287,195.27750744750585,8.345316424644896,29.666179213997722,0.48506018319449884,3703.6769321140546,34.46722870771723,101.59160922904714,152.82204538317683,1.321472252740518,193.81590104928247,3488.3250317856678,0.056159214217788224
45.80227790490479,91.96470189957242,248.07105553553086,7.251805202800496,32.2483402398572,0.4868870778375621,1991.9960526076281,95.47429357394391,41.73985110692971,86.60229852624532,1.0562309674735195,246.90281765777027,1876.3125406374747,0.042068946393722766
59.97659445758275,133.0866009416901,173.09092181991423,8.261133946679118,39.294591067097834,0.17755079361215037,2192.1446701803784,66.48943739365119,51.32854646062625,121.67117758570753,2.248492479208687,170.60399030307516,2065.283994822045,0.039302899015979935
64.70111157846877,49.09216867569528,155.66979484666388,8.033470190414834,30.130899402338102,0.21812233556397298,849.0119679122483,35.37279357290765,60.26499388974089,43.23649332657447,1.1533905990692497,154.3940941456055,799.9952600693481,0.10939256775570282
114.09828612406118,35.617510618135334,139.29088602920024,7.850679148896586,38.58016233319832,0.1974409605573733,815.7273635824793,80.15833102536811,107.55039843469974,26.974298868178263,1.70245079923397,137.4079006122453,768.876488048906,0.056908899374442164
60.79362929159276,47.2661493998436,220.66797437887854,8.49606370699138,30.054212053025015,0.3372882692089152,3543.2852168391355,71.01031191966217,57.095080928884585,42.38406556106878,0.9616225743041276,219.60437754257404,3337.135009239139,0.02828390900629677
112.4440117627221,130.0197928616374,217.86406059797662,7.300451590259976,37.45719785009919,0.3311760825147141,1840.3617087575753,54.51442506426296,106.525282130784,122.2070697474792,1.538869704303897,216.16200306239216,1733.7155962499933,0.13300097140585884
40.06702570718616,74.971134702917,196.2566862631844,7.370134712921767,39.285220569327215,0.22977943962992592,2732.725199769613,35.66627895230336,29.80804955832622,61.42928618642187,2.667333798703583,193.3064978363767,2574.5250630114656,0.08050006740824893
100.94020433597386,122.13684029562641,84.81575545461843,7.429942687543857,31.796302987454897,0.08163141199788693,1222.832934398879,22.187090667184215,91.25623265971456,109.35399768296415,2.517832635827411,82.03092188543131,1152.5861034409068,0.3423692395940557
74.95920275192982,49.764472702741216,272.121925669584,7.386979381418957,28.165719017133362,0.39606860744179234,3394.8539633402215,35.92946324195666,69.4891806263768,42.54404349701115,1.422205752643801,270.5489035926213,3197.5453728523994,0.035986934335695504
29.359805531619546,135.6633582794724,218.54073631960117,8.205240208284621,36.17877769338225,0.33617761410023167,4370.712329850618,25.80300351484489,9.852843476612149,109.91416836686265,5.0718101343019235,212.93109137435403,4118.018326772317,0.0
87.7068895113792,32.03916464184797,267.11774091797287,7.253863783430611,33.39674151294321,0.20935282903180807,2014.2869618644947,85.48813840202386,80.09118121800431,21.986429694593085,1.9800841562774771,264.9276808044638,1897.6836621835562,0.03844443011729072
40.7804955772836,107.00497174285486,288.3554935894829,7.29986468539232,39.023848301363486,0.19763419063577498,1217.820575919467,59.44988278191406,36.55650373983039,101.42930251741662,1.0982378777378339,287.1407942225125,1147.2825972155174,0.0
67.48926194655192,82.03088089729586,205.80237917778328,7.96273070081592,36.9140260625294,0.24951822762760195,3464.8917443356636,35.112122715510594,40.00070323551929,45.7459833987328,7.147025264868481,197.89745507988206,3265.852776472167,0.3308886902148816
37.00132859666111,73.13508223476961,172.950980391634,7.494009688764856,38.17666105175374,0.005126681824391632,4239.588952309783,20.97727415631998,0.0,24.29332848717695,9.620345435131888,162.31045546805134,3996.3737305694062,0.0
70.53334585367264,47.19568798815476,253.71245361555088,7.8722890445816684,26.827997618936894,0.07769001796792763,2751.0493366304636,88.90769668222667,59.88031025318568,33.133680995511924,2.769789256126616,250.64894494929655,2591.8231475630314,0.07873256545816557
59.54297608475977,125.1785562230681,276.4743151289698,7.704506514161156,27.656611988343165,0.39309980341906087,3756.146922904807,20.476679589866684,50.783448076431355,113.6159792520746,2.277477282165392,273.95532514600336,3538.1292649905013,0.0344379496680229
43.94576104506855,138.92540902282676,213.2639562107564,7.207400267885774,25.805886992621478,0.09965989600613329,1863.9126643205016,20.56541964619937,42.347256182370245,136.81538260406495,0.41561126430156015,212.80427188381174,1755.4321600790743,0.0
95.83243930355165,110.12902043936356,144.39415155234434,7.430438013882416,25.045442311741574,0.22938913025459595,3406.9387199907924,37.40929239172169,92.83690768146282,106.17491869820634,0.7788382217430884,143.53272224444933,3208.6613235002083,0.0362999827264731
109.22669326311511,148.04008427078494,149.28590681829928,7.367201024384517,37.87370276961478,0.1281536434210686,2122.82268946449,62.732079911951395,96.38327907073446,131.08677753684248,3.339287690018968,145.59250785126184,2000.4511566711808,0.27904865377967053
102.27263774264122,154.50414616376275,210.38222963590826,8.177206337094944,30.76379666829743,0.0157332321457882,4472.4006640443495,55.789507275841586,63.2944792401108,103.05297694042254,10.13432121065792,199.17322491225198,4215.859503073095,0.3200743921867245
54.499465039907065,40.95280616283753,220.3083671621685,8.204765552018301,37.7483048650389,0.09085308925076169,989.0506352551689,37.5417501063798,47.2409316440676,31.37154208032947,1.8872186829182556,218.2210203441936,932.1723113880961,0.1669748923245496
116.66888092870433,72.01811071016505,276.3336062550739,7.571703558120746,39.82846547093338,0.2782476731104781,1032.7095656453148,44.591309575746834,111.84420877312458,65.64954346479975,1.2544147604507376,274.9461683909051,973.0262631647952,0.09661917786400837
68.97046438234415,99.74736889081876,247.14020399146975,7.895192166929863,25.23142576188986,0.08354939252870802,3107.7232066148244,27.36809021348418,62.35652186696943,91.0169647705242,1.7196250539974234,245.2382230938341,2927.274270425986,0.09096505596370688
81.23351440723599,46.18633554304718,162.94879305565212,7.726090141821663,29.449834658199745,0.02705319825939534,2371.158641056266,59.8053130785395,58.28055396121048,15.888427754293499,5.9677697159666305,156.34817743024502,2235.3909395388987,0.10119768796912926
70.83810948202087,42.93272954077494,187.70212266590204,8.052702869332112,28.259660291090547,0.36191880945505445,3646.9046456288947,89.97352348314652,61.941294666680854,31.188933984526127,2.3131718519884075,185.14365291971933,3435.2695945362407,0.04516016479917094
69.75461166493217,128.2374814882918,215.61163022584327,7.260281294105351,30.8183415284476,0.1406352012465526,4412.451819441486,96.96003206766501,54.36477615171644,107.92289861084704,4.001357233436084,211.18595324182849,4156.885154512104,0.08337981864509267
76.64718976701423,122.42707059476939,174.60039239549616,8.487113502017772,37.85556396331842,0.2210260030745677,858.0634718988531,56.423207747128785,74.98629333648361,120.23468730646893,0.43183307193796555,174.1227660362592,808.2226411291861,0.058584712939164556
88.43204598573159,82.77513519189407,288.2597945583869,8.124723233336457,30.055277493051836,0.2455948646996099,1414.6766593370544,63.93006005263625,82.56566515242302,75.0315124919267,1.5252590166602296,286.57279104160824,1332.8390052441455,0.13643672891389313
95.20566241321093,140.41065361465758,195.10897201609254,7.367599566718978,30.74829212891892,0.395554267287944,2851.250890298039,79.08796556736766,87.39390539811342,130.09913435472885,2.0310568239253466,192.8625338916081,2685.880222392487,0.11380449589845294
75.56846538957791,110.67097140565355,139.12859636160715,7.033361725145748,37.71683436554225,0.39344579798434764,2654.3488091191616,37.60455425325005,72.99072427734728,107.26835313750915,0.6702126891799548,138.38731166747573,2499.8967830316315,0.041086491671018646
65.12343571159059,60.85787520323676,86.70990251273176,7.440636426626818,28.230357297132926,0.11473305850732601,4620.896801279124,23.651876788525506,48.804388686186364,39.316733129703174,4.2429522266051025,82.0170108467119,4353.278688780162,0.10429326934897486
23.977672665559616,153.97248143517797,208.91805584337155,7.780586628204937,31.68872039129033,0.2894539066224205,2785.0658066331853,40.37477759094136,5.411866635923384,129.46561747605807,4.827109567705422,203.57906048084902,2624.7016092568474,0.0
63.695020856675846,105.42271728039542,230.57830132778778,7.249007946039909,34.35849410394309,0.2598139778199692,1964.7028295221169,63.64796977693088,56.82794337481483,96.35817500433892,1.7854401452838609,228.60352604621843,1850.9099337906052,0.11970037168372759
69.07459295879065,40.149395198213654,87.63685032366118,8.477285400766792,32.79278863236666,0.4799132396736634,4815.1898320547,96.07240871237934,62.71624139391468,31.756371132577364,1.653171406867754,85.80837008079043,4535.181856896989,0.024538909337482446
45.71060477911521,38.89236018854213,216.38170504411198,8.170980806556232,31.45123756102782,0.42522250263939637,2424.304000462953,97.47307446824038,37.61700383280694,28.20880693941522,2.1043362460401482,214.0542166576951,2283.851024716204,0.09236798383245773
22.35937756485034,131.10755954644378,279.3942876763681,7.487060866555928,27.066253301739096,0.34587712339714205,2490.0284735278965,69.39701084625443,18.427382492452917,125.9173260508792,1.0223187188233294,278.26355823626307,2345.2996907011866,0.0
85.23720192963107,25.2178497066556,97.23915390398365,7.947986408434278,28.92208079103697,0.4140730848085646,816.5279685371813,76.2027989396394,82.78889316481875,21.98608213710335,0.6365602788512005,96.53509025490261,769.1924482555925,0.022568487673644038
74.5734066015363,34.674142339103916,189.22596522125423,7.3164863968615546,34.98405200346563,0.4838540252983452,1085.8176178780182,87.89866625649344,71.40159372334604,30.487349339892788,0.8246713483294622,188.31384246071184,1022.8619499923713,0.045700065091415956
95.55909183277785,72.32263146748701,93.74622419334347,7.724260163663331,27.080930742907807,0.3928750872983635,1370.8359120079854,94.44661508886894,92.8456560854077,68.74089628095834,0.7054932943162538,92.96591759913544,1291.216975928773,0.05306103412426158
75.08493159416454,159.47189989135725,197.50249887879397,7.256596656788735,28.759194111812526,0.18253740900942328,2605.9136545875403,71.24524832854476,69.87037186079652,152.58868104331137,1.3557855306756963,196.00294048689824,2454.5667209043786,0.03309684423393698
36.31633461400811,33.355286128685364,242.1018553967143,7.791527314999569,37.06625815093111,0.14185816565851306,2170.6052607331094,60.20913316073364,13.025034867697878,2.610770463555871,6.05573793404066,235.40394305538248,2046.563321896242,0.1040286075990319
26.63492687313354,78.05162903802658,83.35661378920582,8.264047631122628,25.48402186879419,0.3066532643580091,2832.723920177522,24.373452608761433,24.708140965360933,75.50827163976675,0.5009643360208782,82.80252521315636,2667.8044967663996,0.0
74.05063478475307,103.83995213182574,255.60478347986708,8.326164719600996,37.98586506510172,0.29265952362104486,2617.6601878185334,23.20513185546936,66.21096898322455,93.49159327380812,2.038313108397417,253.35031958579896,2465.9089792937148,0.13306164847199795
76.49408315026173,56.33867428844285,252.83397071368148,7.740886459441643,39.132382474673875,0.21000947002455744,4231.612253638175,99.05105162633649,46.427617436210475,16.650939545895227,7.817281085653325,244.1877142161979,3988.154788093307,0.09822179603817417
53.72997687061606,120.04551414402953,275.74633704894904,7.986516044555161,39.43003895664139,0.3292718523692385,4562.706474841265,74.06485411258981,31.946570473966243,91.29141770045175,5.663685663128953,269.4820517523127,4299.064166804784,0.0
44.9417134068911,86.59887260898043,231.163076070966,7.7323407466643985,39.78310732501164,0.29732706003029197,3852.0717842644576,65.13437833117138,24.88327950709245,60.12173986124624,5.215192813947645,225.39484357949542,3629.6695046223795,0.04781217120406774
51.38294168352922,159.42335607914436,127.30577755327113,8.378196039748595,26.430087985423445,0.4875782064344519,4022.3914947852636,27.011186348470765,49.40056475212106,156.80661852968555,0.5154180021661198,126.73570258713904,3788.129854710621,0.0
47.07131082685997,151.83705896951994,231.32006315430388,7.297614403534193,34.94806977540195,0.3303349238209704,3095.268776274169,73.2473337406395,35.99807610732653,137.22038913973577,2.879041027078691,228.13571722710097,2916.022235262981,0.0
67.0092915613667,96.50596399542472,195.41503812469836,8.49879652791688,27.16797199074005,0.37389811522310246,4371.6859020077945,25.68134727489822,64.9766856874675,93.82292424187776,0.528477527213798,194.83051874981845,4117.068542608875,0.020132145052159617
81.31181538928794,94.65969026631213,146.6664027033483,8.200201310462075,29.23441949597433,0.48729029668978074,4062.166422302578,78.58033558466363,73.59106911679667,84.46830518662364,2.0073940308477303,144.4461366681305,3826.1992846350513,0.07894113973586277
96.0280294276069,77.10112459108132,206.05950661630087,7.615112191152374,39.48200056909701,0.3130655870737283,3106.7349877275287,33.108038530869166,80.78777174256564,56.98398444682684,3.9624669981107297,201.6768439420169,2927.2652455764587,0.12592168401515952
22.250881163246355,133.27672991878956,191.07311232515573,7.816435215754443,28.449349711775582,0.15644695582590978,2050.2724932419646,67.01164439189394,12.255447426527468,120.0827573863206,2.598812771546911,188.19871116629645,1931.8257040627577,0.0
53.65176649139702,117.64000478751602,89.65699989981643,7.811790207341041,38.830457998252804,0.21866212944867036,4787.070036483233,79.61424616957297,18.22871249226381,70.88157350866013,9.209994039774635,79.47034165692283,4511.806084613291,0.0
109.60057120416354,136.67604264891548,245.00546705181168,8.290394919296602,36.82437204169834,0.10066494572547074,3557.8419260447713,44.095582293400604,87.65775105441385,107.71152005124583,5.705133238934925,238.69533891446224,3352.792322136686,0.2734087758252403
44.84271707876277,156.24118452619842,244.2490994333487,8.130712795537807,30.007291172294735,0.18698104986188663,3364.0269119213244,30.075951520028035,29.201172341954674,135.5943454736118,4.066801631570103,239.7510380683209,3169.6019434021205,0.0
58.44116920499108,143.59241819009753,298.7021398372495,7.509874663047532,25.946802856267766,0.09581999580237066,1441.2963119792478,35.22277147087844,55.3959376248033,139.57271250424964,0.7917602108488222,297.82641824140404,1357.6055428645395,0.009369641627194612
34.32564463201915,29.32265596230498,218.50654183832643,8.168259366251398,33.67759715702946,0.059798860173186474,703.1040546934946,79.9877313214656,27.328186928828337,20.086011794093118,1.8193390028296088,216.49427293025175,662.8662284439865,0.1807603224711478
39.57384811829769,101.44574812549651,155.3203963394655,7.545419493847681,29.692960241674843,0.1227749888483522,1493.6253201871075,40.01749495200399,30.624752203511708,89.63294151797903,2.326764937844351,152.7468920428277,1407.5149188384473,0.0
68.56242277354167,123.43192026829901,193.35649482337078,7.3444020484567485,28.84052973353927,0.4789881059939906,3732.421416952876,87.3435718616378,62.92432883168698,115.98963626505079,1.4659044248822242,191.73514009409172,3515.4532888240133,0.04359738549414504
39.75897579514893,65.85721588014762,95.70371960320942,7.182441769772775,28.44253204503112,0.1349922550570299,948.8284521661981,63.27148907452287,38.24700821976274,63.86141868063785,0.39311156960040516,95.26892092760195,893.6808334831195,0.05042123521385497
27.915685957400044,54.794442969299915,242.54998961492382,7.9102487220407705,34.45173394301797,0.11475632948695147,3098.8362843326,51.72251131715295,0.0,17.945737505531852,7.258078348924012,234.5222359246029,2921.156873658663,0.0
34.51944555675936,141.50678046007442,224.45985109692597,8.109096111648423,26.8819234202151,0.16599563029255276,917.4559237646513,23.135369955152292,32.44740677111419,138.7716892630227,0.5387300842677489,223.8639919432826,864.1969097331521,0.0
116.25170837408922,45.368742460697476,208.1837380414349,7.5548494587454105,29.468834916354872,0.18374843512174355,4775.320661557141,94.65331463244438,93.06329087820029,14.760031366124057,6.0289885489311255,201.5154116958314,4499.434579560201,0.029773176312355144
100.36246482471921,84.18540145552561,237.79102347643465,7.128523781871578,30.159614257673383,0.4923797627819538,1615.0029480186536,22.841292904576687,98.86638000729026,82.21056949651944,0.38898205253152185,237.36079222822252,1521.0209584411887,0.02784130979000801
119.58384839543322,82.60217074541534,146.7828417462782,7.5913968064317645,30.747704839692027,0.20130695915432517,2337.5244356517396,31.938514926048896,104.73433439861174,63.000812269611004,3.8608736391735805,142.51254579262078,2202.8518126465956,0.13882956664734
50.09832555532232,158.24056037538517,125.22400252627789,7.246177271743725,38.597294308675444,0.3833589046747752,2569.412990393604,25.47318818686234,44.645435850117195,151.0427459645144,1.417751323353332,123.65590724390961,2420.219215385078,0.0
62.88027542720899,73.70054484966806,148.87076524293866,8.257495624920747,39.192103988057696,0.1506672769505883,948.077882986948,21.561785638429356,58.74926829496648,68.24761543510796,1.0740618543830525,147.68280562048088,893.2538250994517,0.1640789204776948
44.51015995884429,131.27594979669578,89.85014751591906,7.183474972909546,25.194148791190724,0.35017757797661675,4180.6533422054745,97.37121880383224,43.09628019124545,129.40962850346537,0.367608739575703,89.44355609132245,3937.1055590094784,0.0
21.809191649772124,108.45317577829107,274.38925081551207,7.5188523744386195,25.738624731049626,0.28560647258987315,4813.754867288192,34.55481139655265,16.08343395590949,100.89517562239236,1.488697000404283,272.7426864958341,4533.762943259849,0.0
65.05236533019487,107.81685508930728,135.21736764938692,8.18341334365626,37.31347644039996,0.47138456375211574,4256.940774648208,27.594198526911732,50.00225978988906,87.95071577610365,3.9130274404795093,130.8893872990104,4010.4028668728324,0.11338935673079391
90.87001576965041,82.79567188439498,99.4120709527635,7.136394820752356,34.54965241531057,0.12353139682684044,3592.1850859964247,44.0675486278143,79.17564869053811,67.35910733996673,3.040535440569199,96.04910510558449,3384.0386435574783,0.1004755978571916
49.65350894142903,42.38061931020485,175.2017835869591,8.410033537946902,27.861098120833493,0.4311220604428038,1616.436934274992,45.51695041690593,48.45551710875732,40.7992700910782,0.31147787649464304,174.85727536422084,1522.3395071398775,0.02280989983595573
95.36882491070509,35.3254932712167,178.48507462524475,8.249638627766021,32.86792364768221,0.11234855633665347,1913.7185937835786,87.58543091321283,83.05682543218234,19.07365395956661,3.201119864415926,174.94449534663536,1803.4793204803273,0.055294336909291336
101.83994150352703,98.09327155365098,238.3769495530699,7.456241477069983,27.046883068210228,0.3835926108413937,2551.04470996838,91.48843532445095,98.26107218330803,93.36916405096193,0.93050602325694,237.34776898998405,2402.721448224921,0.04814930686644754
65.79818259353581,150.82415585334007,292.77111236876215,8.384679328425392,33.39875452397237,0.12533696159652458,2474.769020730785,93.05825258140247,55.39141400641115,137.0872213183356,2.705759832652408,289.7784230593505,2331.6214885078084,0.026162119139489685
73.29657424553702,46.945666717022945,293.2592689422777,8.23556265575414,31.79528430722901,0.30621492895281377,2959.608749782695,48.17281544232174,62.357901713825306,32.50661897516348,2.8440548582450473,290.1136192556583,2788.255720482016,0.07083551775967054
37.12716517989455,67.15142010542112,214.0388420801697,8.026236322320777,29.42116312795528,0.40569656976371576,706.9939039178851,42.204474745277096,34.911682658009575,64.22698317653293,0.5760254556900901,213.4017326063762,666.0184765153481,0.06105479664759638
117.54951363864822,153.77973301939244,256.225504507324,7.146371591153902,34.90047957362855,0.27012077389997985,4969.628463940249,67.81336069135892,105.85060013895921,138.337167199803,3.04171750991914,252.86123123948485,4681.188522140876,0.1108147759560018
112.11235629884588,62.36313868347762,207.70194440695198,7.454371811176535,38.137975866046546,0.3159450891067672,560.8755669340624,90.44926438192957,109.53896368861065,58.96626043796711,0.6690820786611622,206.96191021775147,528.4559151962286,0.04728466348742189
83.72268379289554,92.75216232606954,280.0811267731028,7.7400137346296445,32.76467144805698,0.41123411576270147,4983.872332109753,47.93570251964194,53.22224120510452,52.49157811018537,7.930115072825671,271.3100709260711,4696.610676314679,0.22009967063758543
29.666363638803087,32.62154908041174,280.897210281565,7.649516405287259,38.557571839138596,0.19834398230293532,3317.2849464791857,20.487441359916502,6.026603000034068,1.4170650372366382,6.146337766079945,274.0990905435875,3126.4371803100535,0.09292281259871518
69.24419534653038,88.3848270061633,133.60512543756982,7.237549056460196,28.53800965141851,0.39109756720882644,4824.274744365506,50.56607054224129,63.732808696994034,81.10979662877531,1.4329605288794598,132.0202081053531,4543.646714108981,0.052663595797708976
21.604955170975998,52.47762184105834,286.16251638838924,7.023440921928768,39.404240175270786,0.1299244165347404,2382.287065807067,96.88209814169537,18.556731823603595,48.453967022526776,0.7925380703168236,285.28593444578047,2243.744333464458,0.001689115698721704
115.37284016441198,147.96045080733893,247.5796826697384,7.987880277643084,26.569077015301698,0.42379132472917014,1753.6986974625036,91.55532230884754,112.81676941572614,144.58643741907363,0.6645783946583231,246.84462975300912,1651.7450943115107,0.0672785101163637
112.90056253712832,159.99383037004733,122.77375965064424,7.193740335185107,29.288065062048517,0.10179125363122071,3313.907211179141,98.52160284616537,105.27283116215837,149.92522495508712,1.9832101574921928,120.580242042385,3121.5476997600686,0.10080841074394135
27.809726687571995,112.0451904148593,85.40403884066419,8.205318383614676,29.930143422738134,0.32890844767498284,785.6812280817384,43.57374502153658,25.606728219269442,109.13723243669995,0.5727796017586628,84.77051942399375,740.1176212271021,0.0
84.67791224418484,127.49322841435696,152.12795752196422,7.21206742628245,27.048194947035352,0.09875840281347859,2330.0419011285917,84.51415163998644,81.5395283262862,123.35056164273085,0.8159798186536353,151.22544797528846,2194.554285484551,0.05481453323198181
95.76494040879828,152.08022789163408,122.59632314371044,7.174901664702286,38.503939212606866,0.46572576046224007,3020.2648469045325,70.37001883933024,91.36576130678917,146.2733114769821,1.1437865665223672,121.33124492480407,2844.677422519711,0.05457838514809542
88.7870202160744,93.14894715788408,110.04685329577796,7.245034390657954,27.304554639881168,0.48758810573625294,1360.1818588266788,42.26084013986342,87.81777901800321,91.86954877643014,0.252002711498508,109.76812721981831,1280.9976257569606,0.026939501313193153
76.44517863015798,128.04587927242287,183.80060652727994,7.340083647860512,32.11617146812271,0.2338789835683293,3809.0603873812693,58.98045607693212,60.355897928896574,106.80802874675778,4.18321298232797,179.17378909133146,3588.741371856818,0.13347276943194766
93.27110640468844,159.7585914469821,182.62142741387447,8.040796960663016,29.8398010227678,0.1629805755186009,862.1196987836579,37.205633885626284,88.38031011379934,153.30274034300845,1.2716070356311662,181.2149741376516,812.3874945537451,0.15050935377149158
26.506117308001755,86.90556455275137,135.83631263674278,8.318214501743196,35.522326547382036,0.15554268569969537,4961.725009115849,86.55173652591732,2.392347554221642,55.07538847776163,6.269580135982828,128.90188142040572,4675.070880569076,0.0
73.43599788264252,56.071543988034385,177.11680298857948,8.121381183675243,37.244325837977925,0.07874870346827773,547.1792208290996,66.60869670958735,68.07358729587426,48.99316201350029,1.3942267525597474,175.574726915556,515.855924595319,0.13241015301616976
88.59622728348694,126.59492788225673,196.35020155005856,7.244574485433862,35.012808973696906,0.31222064162093605,1383.129001423689,99.83660586706036,84.27261180473444,120.88775545030349,1.1241400244756448,195.10685327024018,1302.9655023860691,0.1360050738060273
70.95029400347676,115.06652143003969,175.07829006903495,7.901961951047036,27.069478494211214,0.4010143476812331,4536.075839694624,81.78689390325567,62.250104363645086,103.5822711054619,2.2620493063562326,172.5763641054662,4272.588191532064,0.06781573331304415
53.801282367876205,48.98234387999247,249.69472158304958,7.88503899646649,33.26060269051171,0.4132287702886974,4559.463272720292,99.2816156299885,25.679747695447585,11.861918112386677,7.311599014831442,241.60777168367832,4296.686741637685,0.11155104555756873
91.13065619050575,129.95960807326802,261.34507234521914,8.151626413934075,33.38872562523967,0.4622430543136079,3778.593816976694,89.29441101954895,75.67955102703169,109.56414925748227,4.017287342503249,256.90177596035164,3559.9825856751713,0.17610156131414212
60.540530874108626,134.70015905413086,260.60818410070874,7.232471860237702,32.66041038603332,0.10809518377618355,3277.7867642925744,98.82396906544392,45.95784506068365,115.45101378040988,3.7914983114904945,256.41462030893393,3088.27581210074,0.022553833443283273
57.742929202348726,152.7500824786887,295.8526410896144,7.510811552721918,37.381735249431735,0.46543025118744263,4346.029343598439,36.7190567135573,38.96760808877521,127.96665860877171,4.8815834895291115,290.45339517509666,4094.6962520254096,0.0
60.19167865553881,130.98840232036724,129.68915367613062,7.813565866867728,26.648799052900237,0.46462864442336843,1503.4244561720961,50.8274597621288,57.84483391205274,127.89056725896559,0.610179633306382,129.01426818061097,1416.0374973112828,0.024297737558312795
97.30121246622598,122.6554442622567,118.74159633334426,8.080479845099074,39.82061640634346,0.1590974780649041,1494.743578832303,84.51268041365216,88.71095346087337,111.3163023751912,2.233467341391682,116.2712832793764,1408.5296707937514,0.2601853805931704
118.95728624557991,94.72547059308616,188.37697526087788,8.485727730757972,30.7008883953333,0.12204604056185153,2859.602217039949,29.833843012950698,113.03095567088972,86.90271423449511,1.5408459494194466,186.6727319113277,2693.543300909153,0.05756962681707047
57.353836666427476,70.85443521031465,120.28388598547372,8.126043003593688,35.720885276435595,0.3782108147429282,3614.2839445169975,45.21851532030116,38.888943737190054,46.480776543721234,4.8008721616017285,114.97391034739448,3405.572597225692,0.22269672174866426
52.24656206025689,153.32791673449856,214.88735031350413,7.130203326930087,34.342081378398746,0.25501390967412213,3429.945587107046,52.16983892293677,44.55391111377349,143.17361748514045,2.000089246085685,212.67516369132255,3230.8288916348106,0.0
55.038859014540705,132.83222653529046,254.6349612815875,7.183502233491512,33.519972937205004,0.49997206178119113,2143.211238064455,96.98651526819657,51.29979299896335,127.89665939472829,0.9721571640501168,253.559712725965,2018.6785380482522,0.009453083914280519
87.63864968683217,103.77729440371382,222.60748023199824,8.07669404830824,27.30932872293102,0.11148816237322229,4479.837047570897,57.60811760751943,73.09854358587279,84.58435435044747,3.780427586249435,218.42616114896518,4220.251582413713,0.13587598309332488
29.52556899522471,80.78128873028757,89.52099193827726,7.656394576954873,34.724377313512846,0.0009187619149943482,841.2248796029114,37.71128838108753,13.399093991487954,59.49434172535505,4.192883500971555,84.88347848363128,793.9109016930954,0.0
73.22428039971877,59.33293047069065,250.1299233694994,7.7484964609575,33.27952413579195,0.07846844699136196,2233.787872023513,21.754024283093585,42.12655437418627,18.28393211698778,8.085408766638444,241.18710587101415,2106.897870265539,0.23112336086588992
52.78754567876808,149.97785551901197,295.95700926535136,7.428491579730397,27.358721172362344,0.16436885488662561,3236.856072332142,53.35163790909792,45.278755286501344,140.06625220121987,1.9522855019893546,293.7976956854038,3048.9753171891616,0.0
24.07215104542271,88.2220244624867,285.4700550806589,7.7222414281154474,36.00753174837167,0.361867741700094,4294.320524046039,53.592440863246,0.0,56.446785082528734,6.258759271809907,278.5475922157394,4046.5525536073587,0.0
50.64894443849383,85.4902525713706,107.67285560273777,7.60329080599443,39.98848111367571,0.17681906619975962,1288.0426018581597,20.123728440166502,42.97038414030363,75.35455297775952,1.9964256775294495,105.46472104841533,1213.7803074694395,0.19252629529384102
62.61459224094377,102.28268730577129,86.8852050334766,8.012706269345662,31.77693358672686,0.3911770319468032,4989.550578782322,99.14663884337925,37.7695860445352,69.48727912651198,6.459701611066225,79.7404911087094,4701.353735859997,0.14660248027445685
34.903282744202315,133.3044938585329,202.40620103275862,7.504370922474559,27.37780180276996,0.3348076831257837,1580.9544397194093,87.41139062282336,31.97415492799423,129.43804514113813,0.7615732322141022,201.56386756218333,1489.1103071194532,0.0
107.01190909620563,72.38355712704433,213.22957032182563,7.37651792155182,36.54595441632197,0.15741715516375882,4797.932385733674,74.81197003549107,76.49672537845561,32.10351461961433,7.933947766614999,204.45427534699272,4521.511084987096,0.09947096953580353
42.99986904031465,32.4935383463512,134.63997818822403,7.569511048538985,35.108973699054665,0.35676411616936116,2565.9796637816135,88.56693763585457,27.071154212194166,11.467634773232188,4.141465855311321,130.0593349097946,2418.10497633005,0.10141002975434384
105.02656343028151,136.70016126157697,175.54908376308146,7.871901783387687,28.85415469838981,0.24378174369425876,4117.993760868997,89.85915640660299,87.00303575560551,112.90910473100466,4.686117195415759,170.36603216177812,3879.8730406761533,0.20485001975431946
118.62628531252024,123.36898692368472,283.99520377512533,8.010728660956804,29.188321622713815,0.49527768885901535,3561.8828697249965,72.78342304511699,109.08730838902154,110.77753738466645,2.4801340001096617,281.252066554125,3355.2725393457645,0.09810794332005035
51.35362188380686,59.01978988000382,183.96805867642823,7.313175258110306,28.062351867119933,0.12647003856139993,2624.560446085495,27.90415063617794,45.265669814340946,50.98369314830881,1.5828675380611383,182.21733760273753,2472.2198566129077,0.09525571235423665
83.22213461376299,63.98017610368155,100.09059711132926,8.408584472357587,29.83956316276875,0.09365740911949244,1644.8089854175673,37.30124479332136,78.90226052709747,58.277942309283056,1.1231672625330407,98.84832474897817,1549.391223449176,0.07041511181063441
82.51155945394055,82.11584457954154,223.76112361280977,7.782501631178201,38.659125038669856,0.17509706472065145,733.2019504996792,70.14008985637481,76.25440258463262,73.85639751205511,1.6268607860200528,221.96174407310733,691.1306017639592,0.20687135932174527
51.2806225763599,70.42755018427707,103.80256354615564,8.114959651575994,31.54914915786232,0.05988762372467993,4343.677245300198,32.632872747943395,11.543838779635564,17.97499557260091,10.33156378714833,92.37539986289762,4094.7198955414474,0.372695486950413
64.06854229175175,104.17696463836606,103.63290819738002,8.191003014845531,25.438546101548702,0.4117109964168686,4572.78938822095,30.691949516968666,60.9509830873973,100.0617864886182,0.8105653931321568,102.73638724332781,4306.565207439993,0.02465173114879315
51.587765404817574,28.64639429344431,189.15390149301868,7.810395286020173,25.649795664205392,0.028792901793196657,2557.5022273649247,94.47564316450938,43.600193037527305,18.10279876862115,2.076768815495474,186.85690389653934,2409.273508399101,0.04844623937803215
53.87412996421529,41.54273908526612,101.6479763339963,7.257933382098704,27.219530296759842,0.47194753848905163,2570.908306813187,74.59177937689734,51.98592218674637,39.050304819007145,0.49093402214191706,101.10498172598989,2421.246530231357,0.020167544116802393
118.61636634838095,158.81055893967365,286.566854837907,7.79531046919035,28.63529989903847,0.3314780480088184,3860.779325036415,28.803173045397898,105.02361330095336,140.86812491706925,3.53411579233118,282.6579674258397,3637.1787993838725,0.16467184384946915
28.12185056522533,84.8029709466495,219.7501798698239,7.960633731653319,30.393009626652223,0.1166242930555727,4004.2917579565037,76.92732225556975,0.0,47.682128200552086,7.311681146958583,211.66313912870984,3773.869081767223,0.0
86.7210462176559,159.56412442670876,170.02005536909223,8.345523258141418,37.49955541852117,0.2913868260089641,1773.3779808597537,61.013744701900485,81.44099915703696,152.59446230669172,1.3728122357609267,168.50166469294567,1670.5682520856992,0.08240305911502872
25.4774957526319,111.14251291915824,140.70219912084445,8.276414771431499,28.17619318619261,0.4608373974834524,1891.6427870797736,76.08845082729525,23.182479179243597,108.11309104228569,0.5967043090809598,140.04221792624003,1781.6202482499348,0.0
49.526621369121166,125.50369168724067,128.69972775695496,7.738367770891587,30.38087925584026,0.21555221167348088,2836.0499932814046,59.634272543270356,31.171593245255277,101.27505456373768,4.7723073122051325,123.42134609790608,2672.6917688903136,0.0
81.969774118543,102.14109500308112,257.7770042315067,7.9491884414588485,31.483142982162192,0.42348271888098704,623.8501523499611,54.840424666004225,78.9135188327989,98.1068380258989,0.7946263742934674,256.8981125329063,587.8111708729436,0.12936434557847595
36.21827042481969,79.24254568706559,115.7683197405324,7.006915433884049,35.44662276428683,0.34375523876503294,620.5275080353671,82.99556464486022,35.5567155256569,78.3692932201707,0.17200427378232336,115.57807545310172,584.4263682157693,0.00991664387430599
101.54720505930838,38.50960421046528,184.742441454527,7.582379382568749,31.144822069491404,0.4171499181033022,3042.159029324366,35.61084789851111,88.44914011762664,21.22015848744541,3.40549688483725,180.97581220772628,2866.2246380321067,0.03854161870491112
53.01363704675153,97.85061789907394,235.06966013558628,8.259900192651047,29.522956597377,0.10660573856633027,1311.7765602628342,21.44107059791226,47.94958067378153,91.16606348675346,1.316654656972206,233.61338221004507,1235.8514450404991,0.10372898662227077
110.02302941674131,59.7731840194759,146.95840075670515,7.10835000791259,34.72640434239665,0.04668042832356917,3967.1290907309685,56.81896780942537,94.97883302017595,39.914844776009595,3.9114910631069963,142.6321197072358,3737.4842564433147,0.0584309809469155
75.73924789130389,34.6148309467745,276.9173545738626,7.494845512235104,34.21718190735508,0.015835238530187534,2055.7279544144103,38.1966700879578,49.51589111344442,0.0,6.81807276224346,269.37626640331524,1938.6892720059209,0.0
31.05437476928567,156.07899078963473,285.7482124122088,7.367728638543661,28.891618152889837,0.3567855621226012,4570.392177748998,75.24988649951717,22.05209531510298,144.19598191011352,2.3405926580874983,283.1594140491705,4304.936409462561,0.0
94.3012401739695,134.40795458985122,242.59000656958162,8.153785720738954,25.882331276531257,0.20743310663260772,2890.7672019416973,58.190804616861485,90.47858042674528,129.3620437235151,0.9938915342783097,241.49071884512983,2722.6668668937127,0.05772763827306516
81.31747991404725,29.114742789475628,186.95839674985973,7.138653350413808,30.654764465370203,0.4692749799132941,897.5431948820315,53.700764453965625,80.34707613189218,27.83380979703088,0.25230498336032753,186.67933634793428,845.3272399702257,0.011597338626551622
102.78355580631091,29.986026498452738,88.5459112390721,8.283939349630797,27.022755702968418,0.03391757324418426,843.6798487310444,75.28891563189148,100.76862906613627,27.326323201422124,0.5238809524454227,87.96647587793332,794.715290677425,0.01885213671265687
66.33262380640338,87.92372715694222,178.15683639475554,8.123120158832052,29.131482002164297,0.4135195171182456,3110.4748242099517,60.46204980632562,58.65090130974577,77.78385346135421,1.9972478491309757,175.9477924825024,2929.9795663134714,0.11757757732296939
46.13668073485134,101.84829202622639,94.45461401306498,7.61721758687616,30.673439687948257,0.13334068025210216,3108.8108301996463,47.911080670718206,22.1363568039355,70.1678644374175,6.240084222038117,87.55280657407447,2930.1558467311993,0.0
81.22747708798036,139.7797812368225,239.98045520099944,7.657686728342796,25.055213239777814,0.19078081718369871,2456.746837013535,54.84556816074243,77.80011851008432,135.25566791399976,0.8911132302529732,238.99484479852728,2313.904204423564,0.04542174151843641
77.97855352208256,124.06426267182599,84.52321232135795,7.7065726133814945,38.968033247149364,0.20229520253395866,3634.3062836529066,61.586355722882686,51.10486940032903,88.5909996311113,6.987157871655922,76.79510858748793,3425.3261721031536,0.24432095242841892
116.98361204238289,48.55471912499582,206.6998622287213,7.786005842102097,27.543796214604704,0.18184389572384213,3354.853410954179,34.06343761303794,104.94096701445207,32.65842768812706,3.131087707262024,203.23674159426056,3160.5787059961885,0.04107985275882112
113.63852626467232,83.77466606799896,177.5032805472327,7.1339075457580705,35.01419381514504,0.2526451515022786,1168.7806258757546,63.785464307995916,110.9307143407671,80.20035432844406,0.7040311002153569,176.7245912039726,1100.9393052645871,0.06052793364268535
92.92766702008898,26.172337778226154,98.31723421878586,8.028076753848064,25.859604991278363,0.3730395767512699,2849.4436862562297,49.32090417397657,89.64436581179656,21.83838018328019,0.853658314156024,97.37305059988692,2683.6945540835004,0.010350329355354935
90.38237434342241,72.48941676031671,270.3764891495413,7.412214046902371,31.859285783035926,0.3761770544578953,2098.052555633624,93.46721749298749,82.56295032095608,62.16777705066115,2.0330502458412516,268.12784621279496,1976.588175542555,0.10183834724582883
40.22243915806688,116.0892425956631,194.67324201203797,8.268934666504908,29.792039532170683,0.09596467225035588,4381.613037490857,89.69359427087997,22.247599237479836,92.36245390048825,4.673458379352626,189.504191617732,4128.120124475102,0.0
56.94344136875416,152.2667751806071,198.6375501987725,8.33600028815661,37.293806143007984,0.4544099391495447,678.4343730104802,83.86769955657822,55.35076867760937,150.164447228296,0.41409489969763863,198.17954303773325,639.0572011196983,0.0
79.13541966478951,95.86370493324232,188.56782190789886,7.773046467098051,36.28257662231064,0.21955910011457014,797.7867572428516,84.69768367563334,71.44238676314505,85.7089015030716,2.0001885544275657,186.35552544632588,752.104032065018,0.31469350633895965
34.230418662667056,26.472920021272905,171.10770026465366,7.359735581568738,35.553376614877855,0.30960068650927186,2181.2959115860895,20.863245622747293,24.78947892427725,14.010879566598348,2.454644331981351,168.39275573702818,2055.1522458506142,0.09260337330309247
53.26635522030668,32.53544395203556,134.6618612775598,7.420504450558092,25.55646512582156,0.44477232460849975,2278.573086191892,95.45582492192125,51.70117901101272,30.46941135576752,0.40694581441643274,134.21176131908715,2145.9176161245286,0.014855037825712125
91.42551239745585,109.06809233313021,167.40901322021102,7.557372478439166,28.50661971036181,0.49092934681590816,2176.0517231848803,97.7019410993565,86.69406065581282,102.82257603416141,1.2301774528271834,166.04838288364996,2049.710707657914,0.09312842513106231
24.758746924314227,58.946604416220616,204.17567690840224,7.432448657312969,27.112903629601753,0.05887856283998999,2830.2790729352955,34.64109478951609,16.28909704026848,47.766666569280204,2.2021089698518943,201.74004759174736,2666.2011317453016,0.0
25.418976916065745,28.004375181641926,219.83181116246598,7.6455938888227815,38.159672605928776,0.4287427890564844,2661.5837201128406,33.515030435046185,12.484376751222952,10.930702964049427,3.3629960428591277,216.11218971506193,2507.816157520454,0.16296986028307617
117.88611996312466,60.677599594267676,209.50869995379247,7.359495935236381,35.37632113780846,0.22088296200676022,4369.168893808619,69.9031282476447,94.32907151153496,29.582295638169278,6.12483259741332,202.73436587764243,4116.997750349095,0.06296243461483088
65.0352988151974,51.09243916467962,105.15169823712742,7.469458041656685,32.436761077014125,0.43118207006099174,780.9755891302948,71.50911220983451,61.82370360203302,46.853133483302614,0.8350147554227381,104.22813521368457,735.7940388820426,0.0835279747271542
34.86788881735109,151.2471119319569,248.16963985655258,7.1940802047973795,28.13778683053379,0.015699907961810977,1043.5764151850894,62.144545268662135,32.373901303480515,147.9550484136477,0.6484367536063457,247.45244030434952,983.0106588735251,0.0
66.78862688236785,77.4607724355273,83.38865709960713,7.0047072310335,25.37667300999481,0.23904005209832108,2338.950755120959,96.12701998251725,66.30446736072636,76.82168186696053,0.12588147562679505,83.24942665431223,2202.660255980572,0.008692071494883222
79.26397527244113,120.84503631201393,154.40972971335216,7.373130703433068,36.886070661877035,0.07406343857921749,1987.0322175625972,79.02307819074898,63.24445166775936,99.69926515383403,4.16507613721726,149.80297242532012,1872.9155035477493,0.3104779442986055
110.7214535463971,123.7837262224564,212.79398999115315,7.910650738513013,29.04161098232335,0.13091518840801675,4799.724495206533,89.88509653484854,81.90578730639753,85.74704678565698,7.492073222399888,204.50742768527905,4523.0172634486225,0.22747285301392087
84.76468274293865,123.10182269205812,218.59507078974266,7.914834416119236,39.79000766562766,0.47425019904950916,4273.721594250155,93.42565316179511,68.64173081386235,101.81952614567744,4.191967501559839,213.95857047070967,4026.320125488531,0.15780206334091929
69.58140623125317,41.648355860994926,164.22615790184187,7.8375411203762875,34.028072617230684,0.460811284464876,1186.5962226215543,57.81709872049079,62.29659069158811,32.03239934863706,1.8940520403129113,162.1312530902211,1118.2053722235046,0.11586186429198546
90.79721168497426,94.08179188486386,91.66851123277367,8.477419289969102,33.11000853866764,0.19673595166522545,813.2298934188003,47.73467729623768,88.88953761403441,91.56366211122324,0.4959952584443691,91.11991867494476,766.0288685725094,0.0668850735085743
46.809361657833676,104.2630938926608,200.22844728357617,7.380098989428592,33.95920374044799,0.45230037727166456,3036.5091174802405,92.48416166029044,35.865819728226825,89.8176185455798,2.8453209016977765,197.08139729724783,2860.67393911523,0.0192972541476696
109.63217641056683,58.138698263750555,184.15138314134288,8.137885586378445,37.14716290625368,0.21647168137838985,4025.0125682955795,21.19817527415301,83.93277381275179,24.215486834634696,6.681844675431913,176.76096922285697,3793.1318325608822,0.06932935612386096
91.45093662987443,133.16051967145734,299.2745078146828,8.058124786381743,28.472298085299812,0.17534359272705352,2708.636505459921,61.307143265372744,80.95660192300724,119.3079978583926,2.7285270237854773,296.25663699112226,2551.8657174250584,0.1631272278272267
78.47891562209756,71.04673603020976,129.20599189942442,8.392789184636882,39.394711010632236,0.040604875994735945,2574.871530712441,50.14806385307757,68.34260276474545,57.666803058505025,2.635441342911541,126.29107793058873,2425.8599194511276,0.12075117361746851
60.10248690222751,48.03119407452208,98.30349778680201,7.30988216104546,35.23459496932238,0.38058459688471274,4363.201511148745,35.41120111245689,45.41228329455708,28.640125312397096,3.8194529379943143,94.0790149493391,4110.430950169493,0.07848177949887798
60.11832052366503,80.9380618023618,146.64746502880257,8.023253735367662,26.74384943973571,0.49991236854148885,2320.5396247827402,22.285296572351267,57.08620827515958,76.93567363433459,0.7883491846114178,145.775516177911,2185.594561914745,0.0612461337269812
92.80695562853762,133.1973879080876,217.4865331943199,8.012786825113723,37.18103548851548,0.0957233521426385,3173.601446590059,89.75348201884105,57.279623532317096,86.30130954107648,9.237106345017343,207.26988755007815,2992.4012727127943,0.4597930382452153
96.15489115737918,123.71753775492891,141.57888576945388,8.138481437560664,27.449893653104454,0.0889517672897408,2516.739877931131,76.16531288425463,87.97789006336448,112.92389631082945,2.126020284443826,139.22741388341785,2370.9075624779202,0.1504728242551411
41.029073314918065,69.86148728882455,284.6770090189454,7.959352524959707,28.734306302957954,0.2834591892027913,2795.683589636258,97.10357649592504,30.921917006792622,56.52004096209896,2.627860640112616,281.77047964062297,2633.7972603747917,0.1079214440855397
39.599952478018764,126.3207787490011,269.3393245650722,8.02597879604225,28.15638227893452,0.3341170968187958,1333.2898766453463,51.25935592128709,36.12373977252592,121.73217797775054,0.9038153034281444,268.33966511133536,1255.9410668020448,0.0
104.89913571421997,122.40946791885439,191.76854541247064,8.052745184867723,29.71159253543291,0.32721042579921084,3469.3936817152166,81.18832551937399,91.95876051291476,105.32817265313155,3.364497552339345,188.04726322958103,3268.5381258467733,0.15420798003256778
46.854146541577336,96.64318531068476,132.75944198309156,8.149516252454509,25.491356445871023,0.3802917368798499,1071.1552460206108,43.82983424884662,45.992153685590516,95.50535474078217,0.22411814255657592,132.5115574660771,1008.8075074679176,0.016477446991629126
108.21079726857417,39.2486511479342,229.67333313586948,7.598506552686845,35.75981298532044,0.39724088879029684,1231.691197736323,80.24837213610563,100.74080810493996,29.388265451937034,1.9421971825448963,227.52517768067017,1160.6914513204324,0.06498353732007145
95.13579091466097,66.6453236713148,269.7110309485887,7.1505858240004985,36.186277361632676,0.4789497964818659,3869.100433281258,67.04378967132158,88.93116376555051,58.45521583448897,1.6132030587687214,267.92675745556585,3644.225530326365,0.03826292526438564
97.12729332183127,34.047226640416184,184.5863387401231,7.548648020936393,39.975204259914605,0.010606294856445486,4166.741307585236,71.02394580288389,71.33393980636447,0.0,6.706271914021371,177.1689072220324,3926.5787295677037,0.0
51.63460416014611,32.501372626834936,285.302592622901,8.202989554400213,25.04731598408245,0.22562875766009077,537.7267210375958,33.622406072188575,51.20092051469274,31.928910214836478,0.11275774781787601,285.17787759743,506.42786351155155,0.00933658214948637
94.1226028453609,49.87585190096463,179.46327729416825,7.828786232386873,29.01744915661832,0.3390856870855481,3233.38815709214,81.05542212425289,81.93982500944269,33.79458515755259,3.16752223733873,175.95985846792487,3046.208880952775,0.05710731792075089
84.72481695900014,32.35754373341376,94.45979641846094,7.678130428484425,30.139066541227464,0.07545198580823398,3182.3734232864203,86.3782858225112,60.2115262518685,0.0,6.373455583854225,87.41047439082439,2999.4749719048446,0.0
44.91129837339446,31.151079040225284,222.89565848758787,8.095362578771157,29.710951440344687,0.047608493723871104,4992.35181472229,83.74763474852719,21.311996070193494,0.0,6.135818598832254,216.10917341096737,4703.8329488057325,0.0
58.80833285606088,134.63481492980338,201.08264487692574,8.23254662263629,34.58425920059859,0.4923768870269996,2785.0747365379466,60.06243884626816,49.45901717118272,122.29371822576422,2.430822078068323,198.3940488092601,2623.7258736433846,0.021192495251305767
110.39302527377451,48.38171711239906,225.3802808511672,8.385207535487739,30.07340136789253,0.2840998754984231,3109.0356460374496,65.3421030120124,104.73600866780532,40.914455192519725,1.4708243175519908,223.75348450433637,2928.40796810483,0.025911601325090232
58.12927780142677,64.86305597574554,161.3071315326959,7.189277412832475,30.59301983445716,0.4375072370561529,2540.4442443925295,93.42773374891826,54.617046293070224,60.226910384714905,0.9131801921727,160.29711410036424,2392.731784805189,0.05542657291185537
83.34579956064837,127.00385603818064,109.19352580759173,7.416433055136401,26.977173120935227,0.01884180638093036,3322.9513562822167,65.87300349963454,72.24271329255014,112.34778216429099,2.886802429705538,106.00059542792293,3130.4359333855923,0.13104428075013544
84.66908383921376,69.26615507829851,92.44996334959725,8.145658343882658,31.226665677489805,0.40313853650779063,3751.4571593688142,74.20515848801017,71.2109800928959,51.50145813315895,3.4991069740426437,88.57979722940608,3534.214842415914,0.09454910248509846
51.87554254986177,77.01791120559173,115.48385542610518,7.920084492876258,38.14323868706577,0.22472631636249363,698.2074873516257,22.04918456620682,46.49725008789152,69.91856515579097,1.3983560401122666,113.93721217954145,658.0821406704658,0.209406179669081
33.05701953970142,153.31730725871532,256.1407100061665,7.67003993881565,27.477136202220418,0.3596467571367154,3385.066964631388,36.408944158329355,25.3712894136548,143.17214349233382,1.9982898327721224,253.9305136142048,3188.5655849418727,0.0
38.50736374488129,65.9156075136386,207.7498015158657,7.132822582146446,38.292628494269344,0.36116565722332516,3790.57393112958,74.78765276118074,32.8947368733407,58.506940043205006,1.4592829866005559,206.13577038837835,3570.2132465089853,0.04672531227463514
46.94715954253681,150.70045704652472,296.8148801067971,8.100245300844438,25.057843842622248,0.002080608610707635,2057.528595311426,52.67927350435937,42.50111819631155,144.83168246950743,1.1559707500185654,295.5363256453754,1938.066041596915,0.0
92.90994534527346,131.38054976952532,118.44240120230559,7.9148874582732045,38.668331437022175,0.2738677687610619,3271.1749268862563,58.25523101773365,71.66636189856087,103.33901961986477,5.523331696145264,112.33335356255812,3082.7610201750817,0.2811243054839965
91.1405180692244,98.85088771926303,102.79208995140965,7.0372904434546575,26.657965157508368,0.3443360875655557,3389.1006571350968,24.207903398443786,90.0861614351632,97.45913696230228,0.2741327248559088,102.48888710792893,3191.6556894796236,0.012157421379392025
46.56090312518591,109.50709826638669,163.89832669897817,7.472004543140665,26.10511865223789,0.14745261540879473,3767.2225400518364,50.186561399947166,39.92040316285993,100.74163831611637,1.7265299902047573,161.9887086383837,3548.3328722661818,0.007867020013647988
41.186567793946644,112.22846321495695,139.69086691682503,7.7714700779540005,39.1132418145717,0.150123997046666,3115.2567820829795,52.25530918159911,14.988312840978317,77.64676667703876,6.811546287771764,132.15699731392138,2936.4607554783297,0.0
102.33282158445428,147.531931787507,261.0230067175281,7.647342590433675,26.652731790837866,0.15472160890309922,1901.8886298121652,59.09723375959912,97.13093393660172,140.66544009234153,1.3524907884416695,259.5270924553671,1791.5794022589548,0.1174944733432768
53.1705393345583,129.28628348094162,131.67507202826752,8.325144121436704,37.86706421544274,0.15980108935736104,4140.32389336557,75.88081280316665,35.95225517556489,106.55814839107035,4.476753881338282,126.72358545511699,3900.815443382423,0.0
114.58807340727978,140.71040467035587,117.02068220269028,8.494133426344563,39.78848662621777,0.08440371873417946,1871.3342043205837,83.70164549301566,110.70653910652804,135.5867793933636,1.009198918195446,115.90446383877409,1762.6649948064942,0.09152204812649031
25.799169292459027,53.90309295517922,170.74662764597093,7.446877925005417,38.35375813895948,0.30178036623854243,3029.5279368117676,29.938927861592084,12.46462487297147,36.301494321455635,3.466981549066766,166.9119936579098,2854.35501217512,0.0
99.75386540100722,92.8592196167993,86.43810787037654,7.772378616039637,36.024388262292526,0.10721692860938453,810.1020056234524,74.24374581692916,88.94581834074084,78.59259749724761,2.8100922356692677,83.3300223371885,764.0341976190939,0.32588869726342223
40.332841238063125,46.846866690623834,170.5148893151968,7.569739536472241,35.24921679461235,0.17613165306752393,3944.2218752836243,47.990308890020536,5.170608336809964,0.43271926096966773,9.142180554325822,160.40323576802214,3718.0584397027856,0.08816017908210819
25.09515922621052,70.76038880355597,230.04648225822476,8.278323195394513,25.173132603588364,0.2885530722986245,596.9667229158547,46.21578650632783,24.737573545099156,70.28837570448897,0.0929722770889541,229.94365083307082,562.2065144304368,0.0
93.06801413168205,116.40994674319282,207.17527997687296,8.19608001369409,26.010835237430157,0.44189313366029337,2911.093049460019,44.134225973782236,90.75114270597558,113.35167646126027,0.6023865706836773,206.50901395116628,2741.647006009718,0.03587678313306079
53.564256869772265,76.63183742323618,197.7106710816808,7.843138436423502,35.46455537177977,0.1421509214224168,1320.6906639463987,22.558970474661955,37.651837244924295,55.62744351843678,4.137229102460479,193.13471383813527,1245.4048916069871,0.5105676747109177
37.89780057553524,142.27221763986438,289.8290751220453,7.000289512891002,38.358017934274564,0.23288798201873884,4733.786933880171,47.14731885729318,32.97037599793743,135.76801719743526,1.281130390175434,288.4120885970874,4458.3712323756135,0.0
83.25416812115334,121.06835296451452,248.38530924805679,8.295726276152855,28.184106912477986,0.3939989784119529,4244.325861887362,22.52044127265899,77.76132503935953,113.81780009654669,1.4281392012663936,246.80572451610666,3997.5022588060706,0.054990036378155
79.60663624644457,149.19779836205748,175.52845667234823,7.314960457579734,33.55715713883673,0.02225741908681189,1305.8318953625462,44.57714329775215,68.26400328763359,134.22552285642692,2.949084569290852,172.26663950862152,1230.9240889771024,0.21229180850643906
92.90981610952602,130.81747128666643,210.1327824967417,7.608807387573303,31.23907308854203,0.32240322766567214,2406.2598456153355,36.39084459736095,79.90734946198582,113.65421531191342,3.380641328360448,206.3936445879562,2267.3831703853884,0.23752193958092538
102.2387423103842,48.544079556455024,218.65125979420338,8.395075354071086,36.38971738047054,0.10486629723498475,2114.8698280376866,92.18285560330553,93.0362746129723,36.39682219587135,2.392641601327088,216.00489301207622,1992.572883260057,0.06232492898009979
98.95245233457844,90.46108209776075,82.47773554330138,7.621221178376366,28.330141103319463,0.2696018369881578,4283.822615812614,28.651995473931215,84.73992134703072,71.70054119419771,3.69525805676242,78.39061770359655,4035.6282358113954,0.1017850370987898
101.88161827483385,87.96432599977689,238.19183359153615,8.24523382570669,32.25870653994269,0.1841957511826104,3677.866987589155,54.62123257507606,83.305554255358,63.443921494068746,4.829776645063726,232.84988832422115,3465.461174330673,0.13982501087452817
105.62719072656922,129.24087085953212,129.99827201098117,7.258493874199262,26.660713184877004,0.2614390419392525,4401.503767805332,68.80531847582002,101.6369032338301,123.9736913691165,1.0374747481121744,128.8507793362835,4145.3574160116,0.03987077398747566
89.05016045676582,99.29761368342915,121.01582401579617,7.246867001366755,37.65374005929038,0.35148484705070254,921.0737284244774,84.18577684955306,86.71107520440026,96.21002115030659,0.6081621656150461,120.34316992822309,867.6323562833268,0.08832269976464117
39.484719111737746,116.80147303889038,117.15938920074689,8.345818843446411,32.76826637347579,0.3696564394240217,2120.9514168683613,56.90177150966054,33.95230095496454,109.49868107194975,1.4384287207610318,115.56842380794907,1997.9078783970565,0.0
81.38951809846205,90.37707312060874,244.74254071896806,8.15128350477798,39.63987267725504,0.2099020046996113,3081.2830827209177,32.89171747930476,67.47649214955308,72.0118788680489,3.617386746716335,240.74155197108894,2903.1551929450716,0.17467876154611608
95.09305691960833,99.66786223956593,163.27880473760217,7.138686748702566,37.51244700566072,0.42823924605101976,2659.162190079323,97.51660677790338,91.10244856885207,94.40025921656763,1.0375581711966295,162.13121979330612,2504.5805278408598,0.056179187212625215
65.39761800362803,153.62906357391714,177.9446437401318,8.19880907652087,36.59862494951565,0.12726159549693178,2675.653549600398,34.662946732619744,45.60482951872682,127.5025827738476,5.146125006074307,172.25280328011672,2521.798793172306,0.0
55.453406360371474,52.31330869632124,252.86832020496016,8.399295932478134,39.48907629083357,0.3836146990858217,3817.8049915506563,88.91138017641914,49.53799407516312,44.50496447984622,1.5380071941541755,251.16721664351385,3595.889302125507,0.050828975069170536
54.02177500855177,62.35122129100902,113.7046061628381,8.012984504005649,32.84986563449886,0.11031769416505777,4318.721460645791,68.95645889111381,9.225959117100427,3.2207443142932273,11.646912131777352,100.8226093929107,4071.758143456647,0.18155360761642503
112.26568813507862,31.92119561643341,141.7162742618917,7.8953984898200105,35.735973989012024,0.13719965961785685,3703.1780855443,39.872363370803996,88.08296418323512,0.0,6.287508227479307,134.76201378831155,3489.8615000117875,0.0
30.1660872022904,145.46987175089188,204.46195497020574,7.399309552757537,25.979331912763968,0.16554041597193525,4981.556077063575,68.38576387725973,23.44394603114251,136.5966454049766,1.7477567044984503,202.5288592305599,4691.889135232181,0.0
79.36089883919243,106.00978040891452,96.5442528560637,7.985621338034978,33.28102406165985,0.48230582593068466,3581.7534540355305,27.313534602925948,60.75240058350698,81.44656271140975,4.838209546478214,91.19298042910735,3374.9537599300015,0.2442584531409644
86.84090629808331,49.58616542328694,161.63496316772114,7.647630426129454,28.597811677212817,0.2054237299066834,1078.0075403675874,96.45760943907872,82.29729376816334,43.58859688379255,1.1813392577791992,160.32835002161698,1015.6536966898182,0.08131341028584002
23.54992811601058,152.2513952397461,92.03591954643856,8.456181275929099,25.046842787800998,0.1636390027412925,1533.6762008463786,46.2698915654208,22.923491944914215,151.42449949389896,0.1628734044850549,91.85577440180758,1444.3420033049313,0.0
66.5743130365926,130.49002750049985,282.7939184892664,7.919032508520104,27.956433015003483,0.49985423971813614,2628.170761461837,54.91754725771159,60.9927733069067,123.12239505731444,1.4512003297183347,281.1888271355724,2475.5656215424183,0.04787178681863548
111.18690285403085,76.43345260120765,125.98918172216673,8.067394041163574,39.88728111735381,0.3390889114264453,4896.176735485628,54.186330171412756,92.32609883957996,51.53719130213246,4.9038090437572315,120.56535336772535,4612.783565734369,0.07851582612240131
92.34524532298688,107.16723484902849,144.61575187640602,7.275899937159731,33.76376204512997,0.3292716146581729,1045.8424655104654,34.03630535547706,88.9360150406593,102.6670508763561,0.8863998734051739,143.63535465378808,985.2423990875965,0.1338714504483241
25.635513106011647,108.88670355848457,114.55936084006746,7.104103245004798,31.66017212753496,0.2555283000025185,4179.488510797104,92.2147155943354,18.96590010857598,100.08281440186951,1.734099379333274,112.6413707023763,3936.5701090393154,0.0
83.10997710985293,133.18702596539543,229.94316537012602,8.123219602083433,30.81613329367088,0.35193391404081603,3353.1114966631203,29.605331960479752,70.15105967852986,116.08125495604897,3.3693185321439985,226.2165509716613,3159.0362461184486,0.13777477635197402
47.19647190442531,74.76497564260393,248.37082372401957,7.78743789741064,26.886427401065298,0.21481736338395807,2455.525073871148,84.38017202289915,40.594649501166025,66.05057007030167,1.716473824847417,246.47232822433946,2313.0928019392586,0.09927902970208534
29.678048255160597,74.82491252729122,198.37876193557815,7.313510064928007,28.637348778627867,0.1551200290795317,1981.8026186020804,25.89903287441592,24.776979959627784,68.35550237718789,1.2742777568385288,196.96935472430562,1866.802893508609,0.0
48.19237402249843,69.30012880104141,133.4180761049436,8.199731627029555,37.901642840772546,0.2512160226822046,4722.023395823164,59.83746203944342,25.94830252029458,39.93795441813233,5.783458590573002,127.02131668580981,4449.14332116785,0.1906029250080599
78.86359163417963,68.37905447271177,285.97230586835695,7.761532120835652,29.408903058448317,0.2221960435800049,3668.588173845129,44.41334300309926,59.55164841169659,42.88728941903419,5.021105237845587,280.4187427673772,3456.8018292633797,0.13885928454077387
113.85538552235214,81.77551569975525,245.60359239780428,7.838162693925113,39.48278417179171,0.027369312533127244,4383.818130837918,84.39942227856537,60.41870437843291,11.239096589781832,13.893537097419003,230.23672966313148,4133.984648553276,0.09623719324607853
21.88280470015554,97.24289683554274,128.68553196344905,8.094492864542742,35.67587868031059,0.4651774160273675,2273.566610077521,47.66194012704346,11.316546663058881,83.29543622657516,2.747227089645131,125.64697804506679,2142.1645127546212,0.0
90.08422133593693,149.11004568106728,225.60539100480003,7.709342428724919,25.191511891819417,0.2582567017725838,2494.7524783101053,36.33227582361087,86.82928867571553,144.81353456957507,0.8462824916575544,224.6693653697964,2349.675997864243,0.04576148676967551
34.12955763297468,153.22736864441623,201.14942322862294,8.280231777094386,29.99550383323033,0.23037750683400138,1282.371737997556,49.41750904789341,30.4744191687084,148.40258587158476,0.9503360007092329,200.09830983882753,1208.0101654749867,0.0
77.77980079939952,132.29147799504605,202.905963376483,7.400102529536329,38.63302548226655,0.2703621994847818,3556.455176910038,54.732986751143315,63.00683673090011,112.7911654246268,3.8409706578098475,198.6576809950703,3350.720409161503,0.12808401340395528
35.093384894390205,46.17073194622023,219.08612297936486,8.303553114354674,29.551663357320642,0.16190893847163906,4466.01583277558,22.733713242308234,22.404869307791266,29.421891371909627,3.299014052515726,215.43726842567577,4207.038141173638,0.13748588421734445
69.43820396582176,119.90499871322722,169.93183000030297,8.20380221880055,34.7383257914218,0.2849419465225084,944.1355622370648,21.97780632268764,64.54266292563774,113.44288454018434,1.2728406704478417,168.52401226974715,889.6229913688242,0.14731761772212354
47.369432617452375,81.81152928146298,168.6713308649144,7.516125205670711,33.5632328010344,0.17444083952840472,4695.07106651518,81.35215510369281,8.87871177453092,31.003777768806646,10.007587419159583,157.60249928537144,4425.49716377493,0.0
117.36483847057511,86.36547249794391,112.7214210861246,7.422346268064383,25.80685498723692,0.2350015574297536,3966.50853578551,41.65980187635857,112.8448869504551,80.39913649138555,1.1751873952311949,111.4216121704101,3735.775533020993,0.029347602700289528
114.44713187144266,151.12067586552925,153.580079169615,8.050843057889926,32.10019546766838,0.3695406546733962,2193.9047130820663,24.152510392360924,103.19617937759202,136.26941857364648,2.925247648401169,150.34462668816914,2067.2195313093716,0.24373070346119496
76.78909410670852,124.25359030788674,284.3047013764617,7.598391736234494,28.652895067822733,0.28753578047866907,858.6003581136174,98.5385147949492,73.88207392502089,120.41632366805908,0.7558252472387861,283.4687254299278,808.8613628584569,0.09995401723426817
48.17431985410528,30.60823436206346,218.79404508116122,7.442159685084406,27.330084606365528,0.4446934635507139,3597.407405952591,77.03278361688119,43.424578599666575,24.3385759062044,1.234932726154058,217.4281552032776,3388.2146015089643,0.027351013315167705
25.37958698638281,90.79915162869776,88.78529517762802,7.723426849490532,26.514607102729013,0.41697014132551724,3524.197511578322,80.30374294108516,19.899287151644952,83.56515584684377,1.4248779570318435,87.20931752515266,3319.3503087228787,0.0
65.73137514895788,132.76954623907125,164.15302481850694,8.114186334752908,35.718972802888416,0.4852474558393215,4243.726942377665,88.38974770341734,46.886382127560516,107.89415545082676,4.89969818556331,158.73374325392513,3998.364718879272,0.056486873635862654
30.489217983424815,158.3295174224609,290.65929289477583,7.139232245374805,36.0981862857203,0.34591502518239886,967.0197927675329,66.1310260918861,28.652804143618432,155.90545115391652,0.47746759834966207,290.1311927434143,910.8464259694239,0.0
69.39600910094819,142.34022559631975,270.96965711479584,8.472715211611275,25.934059497590283,0.14173913288012108,3869.148898003056,65.94982211229802,67.16526661798486,139.3956455188081,0.5799930455704772,270.3281593121951,3643.846617095713,0.011776875704712796
39.303725662370496,44.568422764985954,269.3190484635831,7.773575792405841,25.74588592941305,0.008555500852853837,2243.6009065498324,45.96329221980341,31.310742366120834,34.01768481393633,2.078175657024923,267.02049483853307,2113.67073664437,0.1423025305966777
47.762076348859324,118.03042160172774,130.21830289874967,7.4752532328236985,34.38192572547493,0.1406345112750269,4682.934517304159,84.89127916439882,7.278151840182003,64.59164125027365,10.5258203722561,118.57628289361145,4414.280983019362,0.0
37.180239793921544,153.54678716290223,250.22771302755459,7.406834974988682,25.49948350871781,0.2951709388051348,1040.5532315059224,57.040263867231786,36.29150294151251,152.37365451772231,0.2310715816263484,249.97213770128326,979.9922041889873,0.0
84.1732935297481,148.70662131002229,124.34124955507576,8.306970289986484,32.92977503899142,0.45057282611615324,4772.352093084951,72.39782078799016,71.51314981831258,131.99523161092745,3.2916373649732296,120.70055394205865,4495.514484868459,0.07633227432370414
60.18530648044947,39.246504910424136,235.19693765476458,8.478139398998572,38.86841219308418,0.3824817312484564,3569.064696407224,77.28382401223249,55.70988909186712,33.33895395749542,1.1636085210314109,233.90993548287648,3361.494744948668,0.027506847395391113
80.53348366144337,134.90873527986895,299.1600850309593,7.05062224713994,32.40596266618952,0.38298619014552593,3328.1681752793615,64.02573879401247,76.91183090156721,130.12815363683242,0.9416297175678061,298.11860117301217,3134.5493674961936,0.03726622238773909
47.64970472180348,116.87488738988769,126.36489722283086,7.631981918306752,34.823256099909905,0.4293549968551512,2290.0819068466317,48.07493988064547,33.766592828949314,98.54917969132019,3.6096090921420854,122.37251090278578,2158.0715406258146,0.0
76.11020344703543,32.21841476648384,88.09101728254386,7.487381543699907,26.24822969011302,0.035689131405000185,3550.112502495177,99.8545069270155,66.2057508399725,19.144537325160716,2.5751576778363714,85.24277969711275,3344.227283544943,0.03010934980996748
61.35145714691342,70.71726701312426,178.6467227891729,8.194715151358603,32.25230371212501,0.09322662862115916,2072.6858489325505,65.2134704539169,45.78629806058046,50.17125701916477,4.04694136244657,174.1706277547746,1953.5276409687804,0.29985537660307826
98.20213364747606,92.51494537399697,141.68346540843254,7.933840508926723,39.833280784451546,0.43945787155556487,2522.368760039109,91.3596038399137,88.39952189796078,79.57549786463683,2.5486790548739693,138.86451434389346,2376.3819973452714,0.1266129561791275
106.92672548362623,96.11510519777184,184.99380567799182,8.199950150362493,39.77784458844101,0.39835210081035477,4697.48156873726,88.40393061513122,94.27099869939937,79.40954584259238,3.290488963898978,181.3543802470421,4425.007843092066,0.08216457310715992
105.21418757064501,80.94687256925705,126.12244354455406,8.319161444061338,35.81243372776784,0.37880258023219904,3740.9737449667487,69.18244190779549,93.70148936494236,65.75011093772949,2.993301533482694,122.81172047482839,3524.13469944408,0.0783535262551355
84.93053982180723,85.42533007422212,160.36272058242514,7.929965307888963,37.01403378489537,0.3519586357934056,1863.2691182150672,63.867782903507894,72.56747596987587,69.1060857896727,3.2143966015021537,156.80745664900547,1755.9761669782602,0.22913166087898373
39.95996983409167,87.44435534547677,81.59146092597739,8.254507552481085,39.46477597760547,0.09119979037796494,2187.4367797209643,73.51397008155365,28.977761501398227,72.94784034632139,2.855374166500299,78.43329158687568,2061.0998866435093,0.025107168741115894
56.86966047787088,36.97486110632877,163.43199295099438,7.15758750618768,26.084887982743886,0.2977550271708483,829.4831288382577,78.80395696552696,56.48152871613779,36.462527180841086,0.10091425805060548,163.3203773457989,781.172326764329,0.008625513491019353
104.78604269837636,59.59877146615211,287.86431923130084,7.803569522455243,39.794215990402705,0.18663285125078394,1571.063274213553,25.355629629071686,94.06082804711912,45.44148812649254,2.7885558093268794,284.78005393230364,1480.6286144152914,0.12030889614706938
60.10206496357396,143.53638450799724,80.84522664356761,8.058942872575146,37.892685361283576,0.22329158206978478,1390.294075352711,45.75620610273681,50.66636106524136,131.08125536219822,2.4532830135664767,78.13178779394711,1310.2590627979669,0.01484193592833161
31.455046585596982,31.096416085554413,201.0304875955348,8.159928086285491,32.22892184165022,0.31960338339065586,2301.354718744238,41.17427920555413,21.128278758404512,17.465082553660356,2.6849596350700438,198.0608042189436,2168.307218269629,0.1391718114143681
30.72091156444708,77.922890129113,285.7003932335574,7.3765803259645315,33.36842170968919,0.07164845897633365,4267.617867484261,76.20996722476326,0.0,37.37128686404286,7.9874370067562435,276.86593680795295,4022.120281565876,0.0
33.550799982429794,155.32514544267343,143.5430743875505,7.23211386838283,26.978337252915384,0.21326355570957956,2085.275624062919,54.70062008623426,31.434194901385766,152.53122673569533,0.5503173210714472,142.934399240673,1963.9467713554961,0.0
69.94114910934513,68.58872126246817,165.58267078844204,8.109441128759721,35.61668705455661,0.08598073098853515,1960.745913307588,84.99773687516014,48.91656784949703,40.836273999468666,5.466391127560504,159.53660192043145,1848.696145745058,0.32801192119911476
97.68879726926755,120.48888987461531,189.73541864952358,7.074492184853792,32.059131629860396,0.040124101803968415,1140.8115846569235,96.82947394588173,94.4485044412207,116.21170334159345,0.8424761352921836,188.80360301197237,1074.657525318567,0.1260741831041806
76.44477320026502,155.88686612575793,297.14434360605844,8.276264977145392,33.392628219369435,0.04070033736419615,2494.812320933672,87.70927497526364,56.122139921219414,129.06099019741774,5.2838846525518495,291.30013492167006,2351.5557864777834,0.10348054894535823
58.68561051189779,37.91657879623986,93.30089163343314,8.273407272923036,26.438761552443005,0.09198658426250067,787.3555276405193,88.84994080780854,57.40380542799028,36.22459608548193,0.33326932181595553,92.93228111430375,741.595906336738,0.027853104133328824
48.29533104016806,143.84726109128354,202.1806122460854,7.395403863875435,29.13049384574249,0.19022629161758392,1210.6104836820614,39.55232219952512,44.39163893767925,138.69438751599827,1.0149599466470913,201.05802193146968,1140.4585777042362,0.0
59.87211325470087,36.21643776100369,286.5740773688551,7.780537214712753,27.821718065463518,0.004012632664940785,2356.6605436854825,42.70936362529465,42.9388091690933,13.864476368001698,4.402659062257968,281.7045429225225,2221.0948801305913,0.0887430772166171
36.3330093504406,121.44552767315702,160.61404849669555,7.700906151556148,28.44337376763967,0.14819086405673115,4004.7501881322305,98.96375952884313,16.78639219787893,95.64399303177568,5.082120459666032,154.9929998783946,3773.393244360614,0.0
66.58756412148773,147.2725851716492,258.6688823466392,8.245638476525789,36.01824490165369,0.3525597233731745,1859.5839269378778,22.680037930294628,59.158272015935445,137.4659195923202,1.9316159474435999,256.5324302025711,1751.978693004775,0.04625847770334164
108.52828894340303,36.05738945225818,212.22119046533075,8.259645707857064,26.456434192376804,0.09808011868069905,4759.662609781527,22.343228300353033,100.57112489558425,25.553932909137362,2.068862652432887,209.93293743272227,4483.0622306032965,0.015666918380671208
114.9496806568298,57.346459756196396,190.1564521868802,7.649550393694755,28.339617390124488,0.11379875782587917,3003.504968874471,35.53982621365046,99.61261511267173,37.10153323790775,3.987637041481099,185.745950338253,2830.063041836731,0.06986865215340755
60.83016200849783,132.3215763537857,126.68111564464888,7.159376043594612,29.525272178507898,0.3679319366932621,1589.22605272946,45.82388075429529,59.045140544661464,129.96534802152175,0.46410558059745244,126.16779447226281,1496.7775200582773,0.01786644923375015
49.07534068633095,130.74700048925558,296.1889844878049,7.992869332461709,28.570110462268143,0.16616294671276166,853.2394508113294,82.70522144850676,45.2825894588453,125.74056886897462,0.9861153191462668,295.09829759910076,803.9075813689916,0.0
30.966862366403785,92.92748355160732,168.86459066253573,8.092732305516817,38.103033880617055,0.13803273498721758,4287.34209291054,53.63683165016844,0.0,52.05122522795434,8.051384215264983,159.9594058134542,4040.7271181459605,0.0
97.63618116374542,132.19442548330485,242.09484478466175,7.835049947871461,38.76448331559915,0.47099227143049066,2933.0840148058896,84.63204466140303,83.86020938924182,114.0101427409601,3.5817526613709294,238.13326890150807,2763.5803186898765,0.2169812617174676
77.98055129088827,128.45556961288773,246.68508621400994,8.460782802070517,38.70780589501859,0.2882952809235955,2349.811486721519,71.18266594569911,74.06194452322892,123.28300867957742,1.0188377595914246,245.55820686782442,2213.2548175862876,0.05877909843294887
49.74753913420233,133.2152602504468,293.80805902593227,7.696959938421243,35.938845828376444,0.26802195679621726,3693.607259919098,23.05699766470795,18.558865206433182,92.04621066579149,8.109055221219979,284.83908750927554,3481.631173949064,0.0
77.09372900975222,63.171367241331055,264.4940276889364,7.84886105065043,37.903472396927626,0.31312705133489965,4087.1212141153724,72.93868775202583,49.3154331636849,26.50401672452219,7.2223569199775035,256.50578346920304,3851.8421107886384,0.13651854164627467
76.6313947099173,145.48095407967998,141.8274919564653,7.860727318176442,30.546877205888396,0.0253593805768369,1691.6728044523566,53.49046698972526,55.69682728401141,117.8473250774842,5.442987530735534,135.80730849527268,1595.2982949526634,0.23857145280307598
26.77169693552411,79.28216219380982,178.40198931438158,8.085918292119247,30.697804860021474,0.43711796976818007,3623.559786217963,42.96626734852026,14.273070926388659,62.78397586175101,3.249642762375216,174.80774157775457,3413.670275011328,0.0
68.55495104643646,143.8539976512302,274.50484559660947,7.411786747289716,26.919903563384477,0.3803238079309156,4396.361631108701,29.18873685087941,63.18079372765743,136.76010999044183,1.3972809028825537,272.95939149908054,4140.662871667554,0.0211032968322039
119.37761699108634,77.35005492190226,268.0678866368064,7.274714094834418,37.145479364904354,0.22922131268449947,1179.3289514302523,20.442546798864846,114.94014926653787,71.49259752549834,1.1537416083825902,266.79179770401856,1111.0575375445383,0.08466668199347889
39.13710811966604,152.22260352025356,118.62123193211656,7.258808032329513,36.39390730158105,0.23019441537526242,2710.9376683786686,49.20629956818078,29.029582077060674,138.88066914401455,2.6279567710773906,115.71459622872163,2553.991396712408,0.0
108.57242046358472,26.82482699039908,286.1788666748463,7.8721487056886295,29.553738087921708,0.48706400444652503,4837.7851315297285,79.94637743233505,92.96061960470841,6.217249856682375,4.059068223307835,281.6893587992865,4557.448262285358,0.008801078215033802
77.44752992098614,153.15806661406575,209.75798904363404,7.801123298564693,31.57785010326756,0.3014822001413427,3581.737652537921,70.43712785345517,53.75088782944075,121.87849905322582,6.161126943801806,202.9435118250225,3375.4824707736248,0.0922332852823319
58.94307025560365,67.19341029801546,178.7594823894725,7.10580469665929,36.210723966039154,0.0997126393574213,916.0346477980961,20.86884299972601,56.19668106876983,63.56817657139486,0.7140611885767905,177.96969932760155,862.9305282802577,0.10631833446313692
105.970520703489,125.15574302938737,111.92800153795127,7.013205509895354,38.60913177037477,0.3606755694886568,4610.461177430539,48.54405745393019,102.12265001004123,120.07655371403632,1.0004463802964159,110.82146386567837,4342.119055366719,0.03538785764145519
43.75285977312731,148.08877287587387,164.19267841841742,8.303127990296938,32.6362856439705,0.07173493789845176,2469.044300777069,92.22974230910387,28.401038002050836,127.82436813805293,3.991473660479887,159.77793310053494,2326.758747174402,0.0
91.83678619675331,43.81759969344775,297.39514548370863,7.045783501068465,25.24078939812451,0.1331460829072899,2631.8198720423466,25.459224591458415,91.00827187809946,42.72396079282465,0.2154137228499984,297.15688843750144,2478.494222460933,0.005374826071975223
53.846284260021484,90.21568886712741,147.51055509043906,7.478689161976294,35.2576945798864,0.1537319317205511,4722.283341968946,90.0654432890527,13.886808232207823,37.469180510413366,10.389463767231552,136.01935148415492,4451.280343884532,0.017696332024760883
118.92320812006868,67.31302812418525,97.12815421651578,8.302065487381515,28.11029052714484,0.3692064051393396,1787.2461676359587,36.726637079806814,116.60729851492654,64.25602744539762,0.6021364973369581,96.46216478292277,1683.3113554531874,0.02584397995622021
101.74138591596093,128.20862686483855,269.87805602137746,7.345305397807454,31.432795982102586,0.12098798943012018,3817.015183177912,33.217648792580654,81.45078962674098,101.4250397630682,5.275555035197187,264.0430602599203,3596.681320557501,0.23894997099687912
78.02772709812838,38.92376359719512,119.0722712653053,8.416480371825447,31.543318850724802,0.4607809469208251,1967.062611439254,47.407609932215365,75.0569397676781,35.00232432100074,0.7724047059170734,118.21795770870584,1852.7158937700433,0.025736265149063395
65.01194595363611,118.12725696053212,135.93272587997805,7.239565810574216,39.81714627333249,0.27063490701020715,4485.505052121262,68.18967979491599,55.61165221988419,105.7188692319796,2.4440763707755,133.22946998197193,4225.040073441609,0.05629030443786336
52.63985382478241,35.109788209109276,162.8634305216117,7.769061317146547,37.1003138330521,0.05136550825245667,4813.744211331277,42.17509454663911,26.041529423942055,0.0,6.9155643442184935,155.21451237605578,4535.929599987743,0.0
60.51733240290609,151.66344212772935,168.6746111742574,7.954182059835744,27.00449683058879,0.4143134182044896,3899.1856792277863,27.243680636825225,53.64443125282816,142.59121260962655,1.7869542990202605,166.69816117209925,3672.628442073327,0.0
69.85007645426566,138.9435185287307,162.3554933950727,7.048732842024966,28.995150632172894,0.09165105417732428,1429.636864350331,73.73014553628934,68.13690047841364,136.68212624060604,0.4454257537215191,161.8628329323026,1346.4834363486136,0.027471413694678946
38.4397889453776,44.434155068738605,298.80495201955944,7.719596648702372,28.82184116113469,0.1408677615495053,4782.6086206396185,61.63373947228435,12.378737731875567,10.033567466915903,6.775873315510529,291.3105382920195,4506.604140649574,0.1709283079135219
60.31524343371108,138.71721782881792,174.6372877005796,7.168864716559547,34.04053818349368,0.1904253667287959,4194.329609967825,59.318071461616526,47.60270380472137,121.93666551855152,3.3052603035373243,170.98152451870013,3951.1917048699584,0.009774619132232883
22.977381826835224,76.18760942751311,224.38669963498623,7.542377394608225,36.44393485924724,0.10434470774797994,1563.2652494832694,75.75888539578742,6.723595710446842,54.73261175388045,4.225984390260978,219.71257514180203,1473.8754431230968,0.0
82.83061577717575,103.32706755617238,237.57712318040853,8.234156161017639,34.26141159668947,0.17772873020309743,1909.3841908523127,39.58691104454598,71.20172572124257,87.97693268234055,3.023511414542635,234.2329866543237,1799.3246646059706,0.27211772658235034
119.32414017046587,153.35599274641606,128.1649228600248,7.99159189976309,34.642055045079374,0.08532225400682808,2924.003194256982,40.89512711841017,81.00217266005843,102.77099563267824,9.963711552705936,117.14461991738911,2757.6512159383083,0.5995528307678974
108.77644578490934,33.30481046287909,145.56814951623832,8.275209739011965,30.96985419570273,0.3350082746412351,1799.4491722692035,57.032918396811176,103.79474160769323,26.72896094895382,1.2952430860761925,144.13555372927604,1695.087817626247,0.02618843004052097
90.20278107198672,113.25516207853033,208.27573800208535,8.258017912141446,33.9205529202984,0.3382432486472054,2599.9300087733036,64.09960691253801,79.92314343138182,99.68604039293183,2.672705786557286,205.31960792058004,2449.47300654206,0.17812120785174607
117.03851869241397,141.42260890199196,87.55870526547729,7.811512805644739,37.956749416602136,0.21554248017162292,2544.801207449158,81.04464433804203,95.42698884550802,112.8953895040761,5.618997760195548,81.34384675378848,2398.768432067807,0.3623231493353601
25.33084817988858,111.52452873280676,89.6583953269854,7.579360059268695,33.24912706219453,0.14749205550755645,962.6534434960641,95.33575995852065,16.108173863930134,99.3505986357416,2.3978953221491963,87.00621769869618,907.5236745133672,0.0
104.64844882990307,26.718515448487626,137.57799187944013,7.299936023336025,34.95170512380196,0.3885150334490391,519.847388959347,22.246190145533163,102.97494879792347,24.509495406274556,0.4351100083146975,137.0967410845294,489.7232109758104,0.01376856140002984
82.51211156129715,30.922439091785947,101.51326864764454,7.36228139673072,29.650385100652628,0.04509158734479879,2483.0557540028776,93.03231677190423,69.57978769353464,13.851771586339456,3.362404205618249,97.79430179824365,2339.69487320066,0.03942465894150192
60.54887100591329,90.2274156707382,139.00985049466766,7.24921976757296,29.605484547118145,0.0020627965822298533,3932.6856196556027,27.500443871315046,42.96206706377357,67.01283446711378,4.572569024956328,133.9523881610209,3705.3202003136707,0.17589296065204232
95.69570473409843,109.07856330223456,138.20879818691765,7.038295347520025,25.30899861049277,0.17891182272899275,3822.8566677784033,67.89927789395753,94.63955055386884,107.68443978433153,0.27460008685968423,137.90507842051733,3600.127366831359,0.011346490535237189
109.31474080838198,111.15335634430438,118.23772232765955,8.095270615337377,38.34476646485254,0.0355413853224793,3989.032523437089,59.47975997861762,66.09652565699614,54.10531234447507,11.236735939360319,105.80939845626816,3761.1208071441147,0.3246480083358693
99.86874766883786,97.56015812420578,236.55596042998383,7.6940258747632635,33.43495905696255,0.021746418285745084,4150.4246477039915,54.02576159619648,28.602516503698652,3.4887329862220193,18.529220102936193,216.0618285249231,3916.0998640351936,0.12941947301443033
99.07804372882744,36.4342161886048,105.3690052079537,7.077396273856702,38.56297011779926,0.41266179383015106,4724.046558464457,44.99673097995961,94.21645275368338,30.016916101414612,1.264013653537463,103.97095054610158,4449.191607339936,0.01201771008846947
72.1773036372546,99.58050360399945,106.01849315799518,7.480579958767656,26.349599597592412,0.008578098508246534,4542.771498222841,74.33038639038057,57.343583506744054,79.99999303172547,3.8567672339327532,101.75273906903548,4279.548817532412,0.14726794362831785
114.84834439053552,116.17333777056871,201.05065721473443,7.804559603237299,34.05924137263017,0.2931929624933317,3858.125778197922,21.62475489796183,82.59002964010295,73.59236229999766,8.387161835112474,191.77408755864576,3636.6740500227047,0.27053728233502194
102.62099333222427,83.40076249733855,113.51499970766744,7.8736082979849,35.89360693187456,0.4957696239102765,3984.652316765006,28.385497187104527,79.42090887133588,52.77665100896582,6.032021959830991,106.84331827627192,3754.8573496559256,0.14131692911154484
35.91891260670369,116.05481217668856,152.82456919318577,8.064136251172163,30.676054543417855,0.03329507911205748,2499.0598059819013,97.6983139343679,11.466037134952899,83.77701655397746,6.357747622655209,145.79262086109514,2355.996632047861,0.0
52.76326932171176,130.28144040391655,121.1903444259992,7.19697876900806,30.888826413308504,0.3322802396908217,3508.5143554341494,63.097868721145254,46.45453762647429,121.95391456620311,1.6402702407617396,119.3761334399259,3304.6698744928426,0.0013344039555621575
114.83431685471595,25.986409918515765,103.59034679110533,7.869640823408809,39.41183539854483,0.3268304069244373,3717.403142710435,32.15328930316061,96.03323048089942,1.168975905077906,4.888282457192304,98.1836915238921,3502.715369781335,0.0036510150018963937
56.81238772975457,43.736530390821,291.41213167352583,7.997248748106303,29.2369811038717,0.2388097579193006,1997.9718469145216,80.49637490030335,48.20953737016712,32.380767916165546,2.2367410934927374,288.9381977058331,1882.425057151165,0.1062787338083511
61.16415445343602,104.2771463147923,238.10434255024975,7.399100435539336,25.410106186983683,0.44358579784660535,1005.4660345685264,35.36883294726476,60.53535620554751,103.4471326275795,0.16348754445101105,237.92351813982125,946.9225408794464,0.01996653227800475
53.51025277777412,44.096632867139306,263.5809925352934,8.054393779038813,26.15391572789438,0.27745588242633007,559.8804906364651,68.86497436734138,52.67858828318744,42.99883573428492,0.21623276859253532,263.3418295884931,527.3327634440018,0.02333659071730031
71.30821148916655,66.12479258130041,244.5449824588529,7.753257582552544,33.34387493540362,0.28456316793678244,3458.125704877185,22.27938819640693,43.40359267058065,29.290695740766992,7.255200892832338,236.52041136145093,3259.525539898236,0.2022297829323296
82.42030041997636,31.425756616125902,295.5923521083319,8.120537750850435,25.7845620439532,0.1601358330694897,541.8346765911675,21.94436012036953,81.59226985326323,30.33275626806455,0.21528794734541778,295.3542341753611,510.33848850253224,0.010602047159854605
41.500166165192645,154.9131429643606,145.1990065767477,7.902458682575803,25.65026032077848,0.11600458539616687,3343.6042387069765,73.03136718567055,34.06689388481228,145.1012235542585,1.9326507928988907,143.06140984811833,3149.492842444197,0.0
37.408482702115506,91.11964463361343,261.3510051033987,7.1067379274997355,25.981239871637,0.10741254853124677,1152.4726006696415,76.54309049676854,36.72573816487634,90.21842184445775,0.17751357968218578,261.1546672814754,1085.3655568351635,0.003972955570278067
29.71195548818333,128.84007965569515,110.07696027923602,7.365680922583459,27.92447504703153,0.11208032747732222,1581.7733172982378,85.55625988119372,25.427664950562157,123.18481614603519,1.1139155397815068,108.84492072891724,1490.0262275446855,0.0
53.58847368554483,84.10380815877127,270.09157927776744,7.95374018537211,33.818922389785854,0.17492675032509408,3416.4793473018553,84.5119062191703,19.464439882197787,39.06008353835319,8.872248788870234,260.27848212831907,3220.971122655404,0.24445146216780286
83.05173728999638,73.22054919538795,230.2384599405052,7.793471707526296,33.66929586685198,0.2988197836894146,1676.9826312986952,98.48809599664519,69.48627165013471,55.31413455077056,3.527021066364031,226.33741960721363,1580.6771542813303,0.23431510273203804
73.93537186628973,158.62997907348324,188.85335066669586,8.290466591197974,27.30287716174282,0.43432120512686556,913.3036207738415,95.6005557654393,73.06392566758166,157.4796700911886,0.22657601166409835,188.6027476384102,860.1583864712768,0.014366363921340606
22.116980062321417,115.88192893003327,178.76698288970357,8.478091726889186,37.51805294753432,0.07878871934460963,1596.5648763435875,76.59134369497119,17.181471663607606,109.36705784373102,1.2832321836655887,177.34767168875914,1504.0251201012582,0.0
113.3521820239174,153.04647688071043,169.78274568114585,7.947429632027816,26.130542903916492,0.385346911658996,4993.576683181459,80.49195891605059,106.4001104179081,143.8697423607781,1.8075386175624157,167.7835285178749,4703.233616165093,0.06458538823297746
49.37926751602079,140.89416797185947,236.98509621579515,7.048121033434245,28.629807719926372,0.3684522384489018,2518.672711853016,38.83510368743046,47.97287434355948,139.03772898421056,0.36566222483993827,236.58065772205737,2372.0043803191975,0.0
54.85878094298604,123.0135276107353,227.63558783910767,7.430999848886583,25.078409165228294,0.3981484207452327,2197.816030727444,99.07731298306318,53.456210516226484,121.1621346474127,0.3646683109574878,227.2322486578124,2069.8506832523826,0.008649216301427273
113.21358568837607,134.58753375348414,138.5294133948972,7.455119808518084,29.567966511906803,0.40541739608545513,2760.5250158803346,68.79570188645053,105.88633179572933,124.91555861519035,1.9050860120881692,136.42230452548313,2600.3911828124724,0.11286876000116
72.97775443769528,140.42194304553635,270.88403607255987,7.891293983267733,29.7877707248272,0.14759202388404719,2542.0501183148253,95.2901059323151,55.62977862035371,117.52261496664543,4.510473712508816,265.89525388394435,2395.722197153859,0.13204532000014652
70.81241744295886,67.41864660697016,292.9571660988148,8.438931211943167,37.06468821180242,0.2589154239583862,3778.323795658116,24.68216706713698,62.0000339948167,55.786300455422456,2.291219696516967,290.42297640151327,3559.0190460974177,0.07633379027618212
86.85954281726369,112.72758900879569,109.8493550467766,8.379819124945296,39.86228757470333,0.46325565275317293,1925.885860598143,75.41108693680162,84.20378091150901,109.22198329319953,0.6904980954962155,109.08563380159316,1813.9057658566878,0.0645867757453123
72.12940306393321,49.337744967691194,129.38131953694054,7.790732296660344,29.99743021777335,0.22146132590602996,2884.2159749651037,60.57757771195085,54.9098919393992,26.607990283306318,4.477072892378837,124.42948012355674,2717.9287120872477,0.10739718656684678
117.17258648667826,82.01652097619076,129.24548709151767,7.015082174509522,29.336895268876553,0.26795557114032237,3087.696594552564,73.66112678075419,115.0469309452999,79.21065566157135,0.552670440758371,128.63420929083264,2907.9355402083693,0.01712725852558731
48.948012142520184,135.48299387680595,227.62950481249638,8.280415865235131,34.3972360571923,0.2972687482824818,700.2342723002349,71.40224430521087,46.10681676252612,131.73261597521372,0.738710798798458,226.81245819822092,659.7197273007732,0.0
48.6767836149311,75.82180761684005,151.98838385825752,8.005975921780298,28.738586715076632,0.2743260147434765,4619.370970203512,42.25943882914681,32.492382765318354,54.458398495351226,4.207944220899314,147.3342125853617,4351.827411536791,0.12383867071512474
94.54358763635621,156.3769664942278,112.27363126410575,8.108795680330067,33.70923685588918,0.38678796013249916,3222.486520247363,92.00444769047014,77.97618557408958,134.50799577203583,4.307524536189321,107.5093197853425,3036.4111844649437,0.17014849637675764
33.00390164830244,90.19428982394162,110.50086438226793,7.569997097648086,37.15178961273997,0.11151168317221727,2770.7741301531073,92.11280898899362,4.967346259060511,53.18603671014226,7.289504401202903,102.43835209676168,2612.254512044486,0.0
96.87574450889055,91.24164196921558,136.64139298382543,7.532356638189618,35.18166265325421,0.275574025298602,2366.2754890133047,93.65322846267895,80.21602528349932,69.25081259169926,4.331526998601704,131.85053372658084,2230.120300678518,0.22050936188913486
59.63004416723509,41.547759083310105,250.82172577631894,7.431086486922828,37.54861117507755,0.05015999610271615,1308.0100184439839,87.70533726835995,47.207592971230014,25.15012350458339,3.229837310961324,247.24938373952486,1233.0905549976699,0.1875006993713125
99.82475442171342,33.475397753217656,294.52463976360485,8.25597398604333,37.04675575918744,0.3557393530595993,4606.412084756538,71.30571729241774,83.42508334650528,11.827831933942864,4.263914479554126,289.80856292440575,4339.646777004719,0.019522395193948164
51.54082415305187,65.33235096064703,264.78478924846945,7.013406952985524,32.03182518524528,0.39439722592187376,962.7089598813909,56.44682409512362,50.72247492416093,64.25212997851098,0.21277079951164493,264.5494553916469,906.6781144896618,0.03550469144878744
94.46024646218753,32.66737834964606,85.2781559688349,7.685142080468882,32.766610852374654,0.30081905600618747,3438.025387462619,46.967863397297045,70.4953159363771,1.0336700555763298,6.230881936710705,78.38652666191253,3240.174558208681,0.0069504037921590215
47.38740132231183,95.86643770976029,177.2323624184752,7.780223246273654,30.144988301816714,0.3719696455560736,2481.3270708597406,79.18497059360011,36.11978689977444,80.99318667201092,2.9295797498597236,173.992118442394,2337.8892114879736,0.06718240944702716
100.49187234086371,103.68908563151827,112.2218316825963,8.198781087469158,28.779664290169897,0.03718052662124033,1735.0653169248326,38.13634181434917,91.87604679570684,92.31619591191124,2.2401146417407833,109.74416642225333,1634.8452934259237,0.18028492923960274
42.960416143061146,134.71625635984586,119.23290134191683,7.465360658502999,29.448814173837604,0.40449424388210653,4704.201657074576,89.58021271173612,30.62299072352134,118.43085480605328,3.2077306090803503,115.68501028912628,4431.302175666024,0.0
29.52637513378467,48.7452283898637,131.48522373609538,8.405129922218045,32.60527734615594,0.12802640924314734,2654.0990175912475,37.078896865558704,20.08988522375354,36.28906170862262,2.453487376608093,128.77155885196788,2500.3942650466456,0.11028424800408546
98.0623378275277,48.92353461540716,131.02660942333506,8.082792529215308,38.24643567179844,0.41719602894798724,2454.7295904200873,30.03026239108233,87.60496086016074,35.1197970184828,2.718918011515405,128.0193665897194,2312.755589013088,0.0626304780609164
98.63414063883934,141.59788962276224,282.89031892830025,7.912804822290634,33.2223106090674,0.1306564750804392,653.9484309008099,52.80315950790717,91.13245774436496,131.695668202056,1.9504375525633435,280.7330492616464,616.6298961528481,0.30467482103840193
56.248897508702235,60.63065320335006,93.79297953906169,8.242101006905928,39.43138068408945,0.019034443547528923,882.2469894177677,84.23834461297048,50.09941032005734,52.513330114338814,1.598866669047671,92.02456272324139,831.4759929399535,0.2212310675516503
86.16048540290149,132.8319087017756,203.42046661677026,7.384077211116728,34.6182620047834,0.0022692021737640844,903.2246782307715,32.855174594676214,75.27097888937091,118.45776010391526,2.831271693517945,200.28895567223634,851.737262773356,0.3954824664473781
44.3840245932527,66.89711886868045,272.96051500865633,8.355572296842759,28.118107756283578,0.16172553685657215,4461.956457907742,21.561608734655877,36.808500087924905,56.89742652164779,1.969636371385225,270.78201060448134,4202.669216765082,0.06784302364475286
77.1201164425353,35.5930392642217,222.66184332767597,8.363399370874468,28.395977641893836,0.1965475855008324,4526.764009981596,35.076373254437584,69.78751373216035,25.914003686526716,1.9064767046974957,220.55319629110676,4263.673042953933,0.022184096207914814
88.03908245007607,94.05098122341444,119.92518706286026,7.969282100522149,30.744151262421212,0.10196675719491705,2948.1104217935963,27.363625749896656,62.028616659163625,59.71716637941006,6.762721105637224,112.44532025755935,2779.0378457574143,0.30898652733197457
58.50191602268026,114.29218492834573,291.45349559815077,7.835630001039066,28.74230695546372,0.4029445300945316,1665.2962944893834,94.49773157142619,53.24266043129856,107.3499675477219,1.36740645375924,289.9410839545148,1568.7846454305234,0.07159572830502721
52.74052005752416,85.33430237565051,165.492711249423,7.927722564092439,39.15572461160127,0.45522599904094113,662.0609790572743,68.44181848485485,49.902804739894556,81.58851815637944,0.7378059825836952,164.6766654016533,623.7712615548598,0.09758504355496465
49.361428825128655,137.16760273379964,238.35283130377053,7.076551687989373,30.812901263908174,0.10329770467765942,1866.6951366231415,46.52218744350516,45.83104262616566,132.50749295116847,0.9179004117303776,237.33759310112586,1758.2588311793222,0.0
96.03409444310205,68.77744206336271,290.838132461434,7.746062509651963,37.92110193024256,0.0024974389533413133,4926.554009136648,77.5174361425428,43.92997166782725,0.0,13.547071921571444,275.8544754404871,4644.87736899,0.0
104.73879690987206,134.31305524334073,231.48344888043783,7.645761648424339,33.2670074547564,0.3167754325229996,1296.209932436118,95.79934941995987,95.52104384722912,122.14562120065202,2.396615796287172,228.83268646399497,1221.6359973004185,0.3277965107082019
106.41307033481367,93.37097521510739,162.2844829930817,7.936381045553366,34.15483702055854,0.34752392580309505,1976.2649257456335,34.01280171029462,92.32943328704589,74.78057431205399,3.6617456324196107,158.23443136777357,1862.5690394447602,0.20911984984328444
32.20040353084114,158.86300771741423,287.10125248334907,7.507275343219231,37.27300687984349,0.17038044552776732,1479.2360773714704,62.11398662906938,20.769332840880242,143.77399440666582,2.9720783793898375,283.814003154936,1394.22959105667,0.0
25.63950216262745,66.32228070248485,134.50856781007784,7.296002417020353,30.25602292957277,0.4744544697356533,4209.542468770545,38.03373995639966,18.24225726209095,56.557917433776645,1.923283674139491,132.38133152653782,3964.9498881528402,0.0
50.739516398656335,28.349744540064627,295.7029090900977,7.940226659555848,31.44850110226884,0.14090489305832693,1774.3834341551062,86.61433585161672,35.265710394947355,7.92432061516879,4.023189560964331,291.25308459217393,1672.6038382465767,0.07782188952870553
68.02681856040824,88.43161972899964,299.4448412467626,7.110801789418287,27.893085333250188,0.2635875928235669,2991.266171445256,25.505931688645973,65.79853706953658,85.49028816104915,0.5793531876266205,298.8040511551734,2817.137207799706,0.03504898624721932
